-- MySQL dump 10.13  Distrib 5.7.26, for Linux (x86_64)
--
-- Host: localhost    Database: cacti
-- ------------------------------------------------------
-- Server version	5.7.26

/*!40101 SET @OLD_CHARACTER_SET_CLIENT=@@CHARACTER_SET_CLIENT */;
/*!40101 SET @OLD_CHARACTER_SET_RESULTS=@@CHARACTER_SET_RESULTS */;
/*!40101 SET @OLD_COLLATION_CONNECTION=@@COLLATION_CONNECTION */;
/*!40101 SET NAMES utf8 */;
/*!40103 SET @OLD_TIME_ZONE=@@TIME_ZONE */;
/*!40103 SET TIME_ZONE='+00:00' */;
/*!40014 SET @OLD_UNIQUE_CHECKS=@@UNIQUE_CHECKS, UNIQUE_CHECKS=0 */;
/*!40014 SET @OLD_FOREIGN_KEY_CHECKS=@@FOREIGN_KEY_CHECKS, FOREIGN_KEY_CHECKS=0 */;
/*!40101 SET @OLD_SQL_MODE=@@SQL_MODE, SQL_MODE='NO_AUTO_VALUE_ON_ZERO' */;
/*!40111 SET @OLD_SQL_NOTES=@@SQL_NOTES, SQL_NOTES=0 */;

--
-- Table structure for table `aggregate_graph_templates`
--

DROP TABLE IF EXISTS `aggregate_graph_templates`;
/*!40101 SET @saved_cs_client     = @@character_set_client */;
/*!40101 SET character_set_client = utf8 */;
CREATE TABLE `aggregate_graph_templates` (
  `id` int(10) unsigned NOT NULL AUTO_INCREMENT,
  `name` varchar(64) COLLATE utf8mb4_unicode_ci NOT NULL,
  `graph_template_id` int(10) unsigned NOT NULL,
  `gprint_prefix` varchar(64) COLLATE utf8mb4_unicode_ci NOT NULL,
  `graph_type` int(10) unsigned NOT NULL,
  `total` int(10) unsigned NOT NULL,
  `total_type` int(10) unsigned NOT NULL,
  `total_prefix` varchar(64) COLLATE utf8mb4_unicode_ci NOT NULL,
  `order_type` int(10) unsigned NOT NULL,
  `created` timestamp NOT NULL DEFAULT CURRENT_TIMESTAMP,
  `user_id` int(10) unsigned NOT NULL,
  PRIMARY KEY (`id`),
  KEY `graph_template_id` (`graph_template_id`),
  KEY `user_id` (`user_id`)
) ENGINE=InnoDB DEFAULT CHARSET=utf8mb4 COLLATE=utf8mb4_unicode_ci COMMENT='Template Definitions for Aggregate Graphs';
/*!40101 SET character_set_client = @saved_cs_client */;

--
-- Dumping data for table `aggregate_graph_templates`
--

LOCK TABLES `aggregate_graph_templates` WRITE;
/*!40000 ALTER TABLE `aggregate_graph_templates` DISABLE KEYS */;
/*!40000 ALTER TABLE `aggregate_graph_templates` ENABLE KEYS */;
UNLOCK TABLES;

--
-- Table structure for table `aggregate_graph_templates_graph`
--

DROP TABLE IF EXISTS `aggregate_graph_templates_graph`;
/*!40101 SET @saved_cs_client     = @@character_set_client */;
/*!40101 SET character_set_client = utf8 */;
CREATE TABLE `aggregate_graph_templates_graph` (
  `aggregate_template_id` int(10) unsigned NOT NULL,
  `t_image_format_id` char(2) COLLATE utf8mb4_unicode_ci DEFAULT '',
  `image_format_id` tinyint(1) NOT NULL DEFAULT '0',
  `t_height` char(2) COLLATE utf8mb4_unicode_ci DEFAULT '',
  `height` mediumint(8) NOT NULL DEFAULT '0',
  `t_width` char(2) COLLATE utf8mb4_unicode_ci DEFAULT '',
  `width` mediumint(8) NOT NULL DEFAULT '0',
  `t_upper_limit` char(2) COLLATE utf8mb4_unicode_ci DEFAULT '',
  `upper_limit` varchar(20) COLLATE utf8mb4_unicode_ci NOT NULL DEFAULT '0',
  `t_lower_limit` char(2) COLLATE utf8mb4_unicode_ci DEFAULT '',
  `lower_limit` varchar(20) COLLATE utf8mb4_unicode_ci NOT NULL DEFAULT '0',
  `t_vertical_label` char(2) COLLATE utf8mb4_unicode_ci DEFAULT '',
  `vertical_label` varchar(200) COLLATE utf8mb4_unicode_ci DEFAULT '',
  `t_slope_mode` char(2) COLLATE utf8mb4_unicode_ci DEFAULT '',
  `slope_mode` char(2) COLLATE utf8mb4_unicode_ci DEFAULT 'on',
  `t_auto_scale` char(2) COLLATE utf8mb4_unicode_ci DEFAULT '',
  `auto_scale` char(2) COLLATE utf8mb4_unicode_ci DEFAULT '',
  `t_auto_scale_opts` char(2) COLLATE utf8mb4_unicode_ci DEFAULT '',
  `auto_scale_opts` tinyint(1) NOT NULL DEFAULT '0',
  `t_auto_scale_log` char(2) COLLATE utf8mb4_unicode_ci DEFAULT '',
  `auto_scale_log` char(2) COLLATE utf8mb4_unicode_ci DEFAULT '',
  `t_scale_log_units` char(2) COLLATE utf8mb4_unicode_ci DEFAULT '',
  `scale_log_units` char(2) COLLATE utf8mb4_unicode_ci DEFAULT '',
  `t_auto_scale_rigid` char(2) COLLATE utf8mb4_unicode_ci DEFAULT '',
  `auto_scale_rigid` char(2) COLLATE utf8mb4_unicode_ci DEFAULT '',
  `t_auto_padding` char(2) COLLATE utf8mb4_unicode_ci DEFAULT '',
  `auto_padding` char(2) COLLATE utf8mb4_unicode_ci DEFAULT '',
  `t_base_value` char(2) COLLATE utf8mb4_unicode_ci DEFAULT '',
  `base_value` mediumint(8) NOT NULL DEFAULT '0',
  `t_grouping` char(2) COLLATE utf8mb4_unicode_ci DEFAULT '',
  `grouping` char(2) COLLATE utf8mb4_unicode_ci NOT NULL DEFAULT '',
  `t_unit_value` char(2) COLLATE utf8mb4_unicode_ci DEFAULT '',
  `unit_value` varchar(20) COLLATE utf8mb4_unicode_ci DEFAULT '',
  `t_unit_exponent_value` char(2) COLLATE utf8mb4_unicode_ci DEFAULT '',
  `unit_exponent_value` varchar(5) COLLATE utf8mb4_unicode_ci NOT NULL DEFAULT '',
  `t_alt_y_grid` char(2) COLLATE utf8mb4_unicode_ci DEFAULT '',
  `alt_y_grid` char(2) COLLATE utf8mb4_unicode_ci DEFAULT NULL,
  `t_right_axis` char(2) COLLATE utf8mb4_unicode_ci DEFAULT '',
  `right_axis` varchar(20) COLLATE utf8mb4_unicode_ci DEFAULT NULL,
  `t_right_axis_label` char(2) COLLATE utf8mb4_unicode_ci DEFAULT '',
  `right_axis_label` varchar(200) COLLATE utf8mb4_unicode_ci DEFAULT NULL,
  `t_right_axis_format` char(2) COLLATE utf8mb4_unicode_ci DEFAULT '',
  `right_axis_format` mediumint(8) DEFAULT NULL,
  `t_right_axis_formatter` char(2) COLLATE utf8mb4_unicode_ci DEFAULT '',
  `right_axis_formatter` varchar(10) COLLATE utf8mb4_unicode_ci DEFAULT NULL,
  `t_left_axis_formatter` char(2) COLLATE utf8mb4_unicode_ci DEFAULT '',
  `left_axis_formatter` varchar(10) COLLATE utf8mb4_unicode_ci DEFAULT NULL,
  `t_no_gridfit` char(2) COLLATE utf8mb4_unicode_ci DEFAULT '',
  `no_gridfit` char(2) COLLATE utf8mb4_unicode_ci DEFAULT NULL,
  `t_unit_length` char(2) COLLATE utf8mb4_unicode_ci DEFAULT '',
  `unit_length` varchar(10) COLLATE utf8mb4_unicode_ci DEFAULT NULL,
  `t_tab_width` char(2) COLLATE utf8mb4_unicode_ci DEFAULT '',
  `tab_width` varchar(20) COLLATE utf8mb4_unicode_ci DEFAULT '30',
  `t_dynamic_labels` char(2) COLLATE utf8mb4_unicode_ci DEFAULT '',
  `dynamic_labels` char(2) COLLATE utf8mb4_unicode_ci DEFAULT NULL,
  `t_force_rules_legend` char(2) COLLATE utf8mb4_unicode_ci DEFAULT '',
  `force_rules_legend` char(2) COLLATE utf8mb4_unicode_ci DEFAULT NULL,
  `t_legend_position` char(2) COLLATE utf8mb4_unicode_ci DEFAULT '',
  `legend_position` varchar(10) COLLATE utf8mb4_unicode_ci DEFAULT NULL,
  `t_legend_direction` char(2) COLLATE utf8mb4_unicode_ci DEFAULT '',
  `legend_direction` varchar(10) COLLATE utf8mb4_unicode_ci DEFAULT NULL,
  PRIMARY KEY (`aggregate_template_id`)
) ENGINE=InnoDB DEFAULT CHARSET=utf8mb4 COLLATE=utf8mb4_unicode_ci COMMENT='Aggregate Template Graph Data';
/*!40101 SET character_set_client = @saved_cs_client */;

--
-- Dumping data for table `aggregate_graph_templates_graph`
--

LOCK TABLES `aggregate_graph_templates_graph` WRITE;
/*!40000 ALTER TABLE `aggregate_graph_templates_graph` DISABLE KEYS */;
/*!40000 ALTER TABLE `aggregate_graph_templates_graph` ENABLE KEYS */;
UNLOCK TABLES;

--
-- Table structure for table `aggregate_graph_templates_item`
--

DROP TABLE IF EXISTS `aggregate_graph_templates_item`;
/*!40101 SET @saved_cs_client     = @@character_set_client */;
/*!40101 SET character_set_client = utf8 */;
CREATE TABLE `aggregate_graph_templates_item` (
  `aggregate_template_id` int(10) unsigned NOT NULL,
  `graph_templates_item_id` int(10) unsigned NOT NULL,
  `sequence` mediumint(8) unsigned NOT NULL DEFAULT '0',
  `color_template` int(11) NOT NULL,
  `t_graph_type_id` char(2) COLLATE utf8mb4_unicode_ci DEFAULT '',
  `graph_type_id` tinyint(3) NOT NULL DEFAULT '0',
  `t_cdef_id` char(2) COLLATE utf8mb4_unicode_ci DEFAULT '',
  `cdef_id` mediumint(8) unsigned DEFAULT NULL,
  `item_skip` char(2) COLLATE utf8mb4_unicode_ci NOT NULL,
  `item_total` char(2) COLLATE utf8mb4_unicode_ci NOT NULL,
  PRIMARY KEY (`aggregate_template_id`,`graph_templates_item_id`)
) ENGINE=InnoDB DEFAULT CHARSET=utf8mb4 COLLATE=utf8mb4_unicode_ci COMMENT='Aggregate Template Graph Items';
/*!40101 SET character_set_client = @saved_cs_client */;

--
-- Dumping data for table `aggregate_graph_templates_item`
--

LOCK TABLES `aggregate_graph_templates_item` WRITE;
/*!40000 ALTER TABLE `aggregate_graph_templates_item` DISABLE KEYS */;
/*!40000 ALTER TABLE `aggregate_graph_templates_item` ENABLE KEYS */;
UNLOCK TABLES;

--
-- Table structure for table `aggregate_graphs`
--

DROP TABLE IF EXISTS `aggregate_graphs`;
/*!40101 SET @saved_cs_client     = @@character_set_client */;
/*!40101 SET character_set_client = utf8 */;
CREATE TABLE `aggregate_graphs` (
  `id` int(10) unsigned NOT NULL AUTO_INCREMENT,
  `aggregate_template_id` int(10) unsigned NOT NULL,
  `template_propogation` char(2) COLLATE utf8mb4_unicode_ci NOT NULL DEFAULT '',
  `local_graph_id` int(10) unsigned NOT NULL,
  `title_format` varchar(128) COLLATE utf8mb4_unicode_ci NOT NULL,
  `graph_template_id` int(10) unsigned NOT NULL,
  `gprint_prefix` varchar(64) COLLATE utf8mb4_unicode_ci NOT NULL,
  `graph_type` int(10) unsigned NOT NULL,
  `total` int(10) unsigned NOT NULL,
  `total_type` int(10) unsigned NOT NULL,
  `total_prefix` varchar(64) COLLATE utf8mb4_unicode_ci NOT NULL,
  `order_type` int(10) unsigned NOT NULL,
  `created` timestamp NOT NULL DEFAULT CURRENT_TIMESTAMP ON UPDATE CURRENT_TIMESTAMP,
  `user_id` int(10) unsigned NOT NULL,
  PRIMARY KEY (`id`),
  KEY `aggregate_template_id` (`aggregate_template_id`),
  KEY `local_graph_id` (`local_graph_id`),
  KEY `title_format` (`title_format`),
  KEY `user_id` (`user_id`)
) ENGINE=InnoDB DEFAULT CHARSET=utf8mb4 COLLATE=utf8mb4_unicode_ci COMMENT='Aggregate Graph Definitions';
/*!40101 SET character_set_client = @saved_cs_client */;

--
-- Dumping data for table `aggregate_graphs`
--

LOCK TABLES `aggregate_graphs` WRITE;
/*!40000 ALTER TABLE `aggregate_graphs` DISABLE KEYS */;
/*!40000 ALTER TABLE `aggregate_graphs` ENABLE KEYS */;
UNLOCK TABLES;

--
-- Table structure for table `aggregate_graphs_graph_item`
--

DROP TABLE IF EXISTS `aggregate_graphs_graph_item`;
/*!40101 SET @saved_cs_client     = @@character_set_client */;
/*!40101 SET character_set_client = utf8 */;
CREATE TABLE `aggregate_graphs_graph_item` (
  `aggregate_graph_id` int(10) unsigned NOT NULL,
  `graph_templates_item_id` int(10) unsigned NOT NULL,
  `sequence` mediumint(8) unsigned NOT NULL DEFAULT '0',
  `color_template` int(11) unsigned NOT NULL,
  `t_graph_type_id` char(2) COLLATE utf8mb4_unicode_ci DEFAULT '',
  `graph_type_id` tinyint(3) NOT NULL DEFAULT '0',
  `t_cdef_id` char(2) COLLATE utf8mb4_unicode_ci DEFAULT '',
  `cdef_id` mediumint(8) unsigned DEFAULT NULL,
  `item_skip` char(2) COLLATE utf8mb4_unicode_ci NOT NULL,
  `item_total` char(2) COLLATE utf8mb4_unicode_ci NOT NULL,
  PRIMARY KEY (`aggregate_graph_id`,`graph_templates_item_id`)
) ENGINE=InnoDB DEFAULT CHARSET=utf8mb4 COLLATE=utf8mb4_unicode_ci COMMENT='Aggregate Graph Graph Items';
/*!40101 SET character_set_client = @saved_cs_client */;

--
-- Dumping data for table `aggregate_graphs_graph_item`
--

LOCK TABLES `aggregate_graphs_graph_item` WRITE;
/*!40000 ALTER TABLE `aggregate_graphs_graph_item` DISABLE KEYS */;
/*!40000 ALTER TABLE `aggregate_graphs_graph_item` ENABLE KEYS */;
UNLOCK TABLES;

--
-- Table structure for table `aggregate_graphs_items`
--

DROP TABLE IF EXISTS `aggregate_graphs_items`;
/*!40101 SET @saved_cs_client     = @@character_set_client */;
/*!40101 SET character_set_client = utf8 */;
CREATE TABLE `aggregate_graphs_items` (
  `aggregate_graph_id` int(10) unsigned NOT NULL,
  `local_graph_id` int(10) unsigned NOT NULL,
  `sequence` mediumint(8) unsigned NOT NULL DEFAULT '0',
  PRIMARY KEY (`aggregate_graph_id`,`local_graph_id`)
) ENGINE=InnoDB DEFAULT CHARSET=utf8mb4 COLLATE=utf8mb4_unicode_ci COMMENT='Aggregate Graph Items';
/*!40101 SET character_set_client = @saved_cs_client */;

--
-- Dumping data for table `aggregate_graphs_items`
--

LOCK TABLES `aggregate_graphs_items` WRITE;
/*!40000 ALTER TABLE `aggregate_graphs_items` DISABLE KEYS */;
/*!40000 ALTER TABLE `aggregate_graphs_items` ENABLE KEYS */;
UNLOCK TABLES;

--
-- Table structure for table `automation_devices`
--

DROP TABLE IF EXISTS `automation_devices`;
/*!40101 SET @saved_cs_client     = @@character_set_client */;
/*!40101 SET character_set_client = utf8 */;
CREATE TABLE `automation_devices` (
  `id` bigint(20) unsigned NOT NULL AUTO_INCREMENT,
  `network_id` int(10) unsigned NOT NULL DEFAULT '0',
  `hostname` varchar(100) COLLATE utf8mb4_unicode_ci NOT NULL DEFAULT '',
  `ip` varchar(17) COLLATE utf8mb4_unicode_ci NOT NULL DEFAULT '',
  `snmp_community` varchar(100) COLLATE utf8mb4_unicode_ci NOT NULL DEFAULT '',
  `snmp_version` tinyint(1) unsigned NOT NULL DEFAULT '1',
  `snmp_port` mediumint(5) unsigned NOT NULL DEFAULT '161',
  `snmp_username` varchar(50) COLLATE utf8mb4_unicode_ci DEFAULT NULL,
  `snmp_password` varchar(50) COLLATE utf8mb4_unicode_ci DEFAULT NULL,
  `snmp_auth_protocol` char(6) COLLATE utf8mb4_unicode_ci DEFAULT '',
  `snmp_priv_passphrase` varchar(200) COLLATE utf8mb4_unicode_ci DEFAULT '',
  `snmp_priv_protocol` char(6) COLLATE utf8mb4_unicode_ci DEFAULT '',
  `snmp_context` varchar(64) COLLATE utf8mb4_unicode_ci DEFAULT '',
  `snmp_engine_id` varchar(64) COLLATE utf8mb4_unicode_ci DEFAULT '',
  `sysName` varchar(100) COLLATE utf8mb4_unicode_ci NOT NULL DEFAULT '',
  `sysLocation` varchar(255) COLLATE utf8mb4_unicode_ci NOT NULL DEFAULT '',
  `sysContact` varchar(255) COLLATE utf8mb4_unicode_ci NOT NULL DEFAULT '',
  `sysDescr` varchar(255) COLLATE utf8mb4_unicode_ci NOT NULL DEFAULT '',
  `sysUptime` int(32) NOT NULL DEFAULT '0',
  `os` varchar(64) COLLATE utf8mb4_unicode_ci NOT NULL DEFAULT '',
  `snmp` tinyint(4) NOT NULL DEFAULT '0',
  `known` tinyint(4) NOT NULL DEFAULT '0',
  `up` tinyint(4) NOT NULL DEFAULT '0',
  `time` int(11) NOT NULL DEFAULT '0',
  PRIMARY KEY (`id`),
  UNIQUE KEY `ip` (`ip`),
  KEY `hostname` (`hostname`)
) ENGINE=InnoDB DEFAULT CHARSET=utf8mb4 COLLATE=utf8mb4_unicode_ci COMMENT='Table of Discovered Devices';
/*!40101 SET character_set_client = @saved_cs_client */;

--
-- Dumping data for table `automation_devices`
--

LOCK TABLES `automation_devices` WRITE;
/*!40000 ALTER TABLE `automation_devices` DISABLE KEYS */;
/*!40000 ALTER TABLE `automation_devices` ENABLE KEYS */;
UNLOCK TABLES;

--
-- Table structure for table `automation_graph_rule_items`
--

DROP TABLE IF EXISTS `automation_graph_rule_items`;
/*!40101 SET @saved_cs_client     = @@character_set_client */;
/*!40101 SET character_set_client = utf8 */;
CREATE TABLE `automation_graph_rule_items` (
  `id` mediumint(8) unsigned NOT NULL AUTO_INCREMENT,
  `rule_id` mediumint(8) unsigned NOT NULL DEFAULT '0',
  `sequence` smallint(3) unsigned NOT NULL DEFAULT '0',
  `operation` smallint(3) unsigned NOT NULL DEFAULT '0',
  `field` varchar(255) COLLATE utf8mb4_unicode_ci NOT NULL DEFAULT '',
  `operator` smallint(3) unsigned NOT NULL DEFAULT '0',
  `pattern` varchar(255) COLLATE utf8mb4_unicode_ci NOT NULL DEFAULT '',
  PRIMARY KEY (`id`)
) ENGINE=InnoDB AUTO_INCREMENT=7 DEFAULT CHARSET=utf8mb4 COLLATE=utf8mb4_unicode_ci COMMENT='Automation Graph Rule Items';
/*!40101 SET character_set_client = @saved_cs_client */;

--
-- Dumping data for table `automation_graph_rule_items`
--

LOCK TABLES `automation_graph_rule_items` WRITE;
/*!40000 ALTER TABLE `automation_graph_rule_items` DISABLE KEYS */;
INSERT INTO `automation_graph_rule_items` VALUES (1,1,1,0,'ifOperStatus',7,'Up'),(2,1,2,1,'ifIP',16,''),(3,1,3,1,'ifHwAddr',16,''),(4,2,1,0,'ifOperStatus',7,'Up'),(5,2,2,1,'ifIP',16,''),(6,2,3,1,'ifHwAddr',16,'');
/*!40000 ALTER TABLE `automation_graph_rule_items` ENABLE KEYS */;
UNLOCK TABLES;

--
-- Table structure for table `automation_graph_rules`
--

DROP TABLE IF EXISTS `automation_graph_rules`;
/*!40101 SET @saved_cs_client     = @@character_set_client */;
/*!40101 SET character_set_client = utf8 */;
CREATE TABLE `automation_graph_rules` (
  `id` mediumint(8) unsigned NOT NULL AUTO_INCREMENT,
  `name` varchar(255) COLLATE utf8mb4_unicode_ci NOT NULL DEFAULT '',
  `snmp_query_id` smallint(3) unsigned NOT NULL DEFAULT '0',
  `graph_type_id` smallint(3) unsigned NOT NULL DEFAULT '0',
  `enabled` char(2) COLLATE utf8mb4_unicode_ci DEFAULT '',
  PRIMARY KEY (`id`),
  KEY `name` (`name`(171))
) ENGINE=InnoDB AUTO_INCREMENT=4 DEFAULT CHARSET=utf8mb4 COLLATE=utf8mb4_unicode_ci COMMENT='Automation Graph Rules';
/*!40101 SET character_set_client = @saved_cs_client */;

--
-- Dumping data for table `automation_graph_rules`
--

LOCK TABLES `automation_graph_rules` WRITE;
/*!40000 ALTER TABLE `automation_graph_rules` DISABLE KEYS */;
INSERT INTO `automation_graph_rules` VALUES (1,'Traffic 64 bit Server',1,12,'on'),(2,'Traffic 64 bit Server Linux',1,12,'on'),(3,'Disk Space',3,17,'on');
/*!40000 ALTER TABLE `automation_graph_rules` ENABLE KEYS */;
UNLOCK TABLES;

--
-- Table structure for table `automation_ips`
--

DROP TABLE IF EXISTS `automation_ips`;
/*!40101 SET @saved_cs_client     = @@character_set_client */;
/*!40101 SET character_set_client = utf8 */;
CREATE TABLE `automation_ips` (
  `ip_address` varchar(20) COLLATE utf8mb4_unicode_ci NOT NULL DEFAULT '',
  `hostname` varchar(100) COLLATE utf8mb4_unicode_ci DEFAULT NULL,
  `network_id` int(10) unsigned DEFAULT NULL,
  `pid` int(10) unsigned DEFAULT NULL,
  `status` int(10) unsigned DEFAULT NULL,
  `thread` int(10) unsigned DEFAULT NULL,
  PRIMARY KEY (`ip_address`),
  KEY `pid` (`pid`)
) ENGINE=InnoDB DEFAULT CHARSET=utf8mb4 COLLATE=utf8mb4_unicode_ci COMMENT='List of discoverable ip addresses used for scanning';
/*!40101 SET character_set_client = @saved_cs_client */;

--
-- Dumping data for table `automation_ips`
--

LOCK TABLES `automation_ips` WRITE;
/*!40000 ALTER TABLE `automation_ips` DISABLE KEYS */;
/*!40000 ALTER TABLE `automation_ips` ENABLE KEYS */;
UNLOCK TABLES;

--
-- Table structure for table `automation_match_rule_items`
--

DROP TABLE IF EXISTS `automation_match_rule_items`;
/*!40101 SET @saved_cs_client     = @@character_set_client */;
/*!40101 SET character_set_client = utf8 */;
CREATE TABLE `automation_match_rule_items` (
  `id` mediumint(8) unsigned NOT NULL AUTO_INCREMENT,
  `rule_id` mediumint(8) unsigned NOT NULL DEFAULT '0',
  `rule_type` smallint(3) unsigned NOT NULL DEFAULT '0',
  `sequence` smallint(3) unsigned NOT NULL DEFAULT '0',
  `operation` smallint(3) unsigned NOT NULL DEFAULT '0',
  `field` varchar(255) COLLATE utf8mb4_unicode_ci NOT NULL DEFAULT '',
  `operator` smallint(3) unsigned NOT NULL DEFAULT '0',
  `pattern` varchar(255) COLLATE utf8mb4_unicode_ci NOT NULL DEFAULT '',
  PRIMARY KEY (`id`)
) ENGINE=InnoDB AUTO_INCREMENT=9 DEFAULT CHARSET=utf8mb4 COLLATE=utf8mb4_unicode_ci COMMENT='Automation Match Rule Items';
/*!40101 SET character_set_client = @saved_cs_client */;

--
-- Dumping data for table `automation_match_rule_items`
--

LOCK TABLES `automation_match_rule_items` WRITE;
/*!40000 ALTER TABLE `automation_match_rule_items` DISABLE KEYS */;
INSERT INTO `automation_match_rule_items` VALUES (1,1,1,1,0,'h.snmp_sysDescr',8,''),(2,1,1,2,1,'h.snmp_version',12,'2'),(3,1,3,1,0,'ht.name',1,'Linux'),(4,2,1,1,0,'ht.name',1,'Linux'),(5,2,1,2,1,'h.snmp_version',12,'2'),(6,2,3,1,0,'ht.name',1,'SNMP'),(7,2,3,2,1,'gt.name',1,'Traffic'),(8,1,1,3,1,'h.snmp_sysDescr',2,'Windows');
/*!40000 ALTER TABLE `automation_match_rule_items` ENABLE KEYS */;
UNLOCK TABLES;

--
-- Table structure for table `automation_networks`
--

DROP TABLE IF EXISTS `automation_networks`;
/*!40101 SET @saved_cs_client     = @@character_set_client */;
/*!40101 SET character_set_client = utf8 */;
CREATE TABLE `automation_networks` (
  `id` int(10) unsigned NOT NULL AUTO_INCREMENT,
  `poller_id` int(10) unsigned DEFAULT '1',
  `site_id` int(10) unsigned DEFAULT '1',
  `name` varchar(128) COLLATE utf8mb4_unicode_ci NOT NULL DEFAULT '' COMMENT 'The name for this network',
  `subnet_range` varchar(1024) COLLATE utf8mb4_unicode_ci NOT NULL DEFAULT '' COMMENT 'Defined subnet ranges for discovery',
  `dns_servers` varchar(128) COLLATE utf8mb4_unicode_ci NOT NULL DEFAULT '' COMMENT 'DNS Servers to use for name resolution',
  `enabled` char(2) COLLATE utf8mb4_unicode_ci DEFAULT '',
  `notification_enabled` char(2) COLLATE utf8mb4_unicode_ci DEFAULT '',
  `notification_email` varchar(255) COLLATE utf8mb4_unicode_ci DEFAULT '',
  `notification_fromname` varchar(32) COLLATE utf8mb4_unicode_ci DEFAULT '',
  `notification_fromemail` varchar(128) COLLATE utf8mb4_unicode_ci DEFAULT '',
  `snmp_id` int(10) unsigned DEFAULT NULL,
  `enable_netbios` char(2) COLLATE utf8mb4_unicode_ci DEFAULT '',
  `add_to_cacti` char(2) COLLATE utf8mb4_unicode_ci DEFAULT '',
  `same_sysname` char(2) COLLATE utf8mb4_unicode_ci DEFAULT '',
  `total_ips` int(10) unsigned DEFAULT '0',
  `up_hosts` int(10) unsigned NOT NULL DEFAULT '0',
  `snmp_hosts` int(10) unsigned NOT NULL DEFAULT '0',
  `ping_method` int(10) unsigned NOT NULL DEFAULT '0' COMMENT 'The ping method (ICMP:TCP:UDP)',
  `ping_port` int(10) unsigned NOT NULL DEFAULT '0' COMMENT 'For TCP:UDP the port to ping',
  `ping_timeout` int(10) unsigned NOT NULL DEFAULT '0' COMMENT 'The ping timeout in seconds',
  `ping_retries` int(10) unsigned DEFAULT '0',
  `sched_type` int(10) unsigned NOT NULL DEFAULT '0' COMMENT 'Schedule type: manual or automatic',
  `threads` int(10) unsigned DEFAULT '1',
  `run_limit` int(10) unsigned DEFAULT '0' COMMENT 'The maximum runtime for the discovery',
  `start_at` varchar(20) COLLATE utf8mb4_unicode_ci DEFAULT NULL,
  `next_start` timestamp NOT NULL DEFAULT '0000-00-00 00:00:00',
  `recur_every` int(10) unsigned DEFAULT '1',
  `day_of_week` varchar(45) COLLATE utf8mb4_unicode_ci DEFAULT NULL COMMENT 'The days of week to run in crontab format',
  `month` varchar(45) COLLATE utf8mb4_unicode_ci DEFAULT NULL COMMENT 'The months to run in crontab format',
  `day_of_month` varchar(45) COLLATE utf8mb4_unicode_ci DEFAULT NULL COMMENT 'The days of month to run in crontab format',
  `monthly_week` varchar(45) COLLATE utf8mb4_unicode_ci DEFAULT NULL,
  `monthly_day` varchar(45) COLLATE utf8mb4_unicode_ci DEFAULT NULL,
  `last_runtime` double NOT NULL DEFAULT '0' COMMENT 'The last runtime for discovery',
  `last_started` timestamp NOT NULL DEFAULT '0000-00-00 00:00:00' COMMENT 'The time the discovery last started',
  `last_status` varchar(128) COLLATE utf8mb4_unicode_ci NOT NULL DEFAULT '' COMMENT 'The last exit message if any',
  `rerun_data_queries` char(2) COLLATE utf8mb4_unicode_ci DEFAULT NULL COMMENT 'Rerun data queries or not for existing hosts',
  PRIMARY KEY (`id`),
  KEY `poller_id` (`poller_id`)
) ENGINE=InnoDB AUTO_INCREMENT=2 DEFAULT CHARSET=utf8mb4 COLLATE=utf8mb4_unicode_ci COMMENT='Stores scanning subnet definitions';
/*!40101 SET character_set_client = @saved_cs_client */;

--
-- Dumping data for table `automation_networks`
--

LOCK TABLES `automation_networks` WRITE;
/*!40000 ALTER TABLE `automation_networks` DISABLE KEYS */;
INSERT INTO `automation_networks` VALUES (1,1,0,'Test Network','192.168.1.0/24','','','','','','',1,'on','on','',254,0,0,1,22,400,1,2,10,1200,'0000-00-00 00:00:00','0000-00-00 00:00:00',2,'4','','','','',0,'0000-00-00 00:00:00','','on');
/*!40000 ALTER TABLE `automation_networks` ENABLE KEYS */;
UNLOCK TABLES;

--
-- Table structure for table `automation_processes`
--

DROP TABLE IF EXISTS `automation_processes`;
/*!40101 SET @saved_cs_client     = @@character_set_client */;
/*!40101 SET character_set_client = utf8 */;
CREATE TABLE `automation_processes` (
  `pid` int(8) unsigned NOT NULL,
  `poller_id` int(10) unsigned DEFAULT '1',
  `network_id` int(10) unsigned NOT NULL DEFAULT '0',
  `task` varchar(20) COLLATE utf8mb4_unicode_ci DEFAULT '',
  `status` varchar(20) COLLATE utf8mb4_unicode_ci DEFAULT NULL,
  `command` varchar(20) COLLATE utf8mb4_unicode_ci DEFAULT NULL,
  `up_hosts` int(10) unsigned DEFAULT '0',
  `snmp_hosts` int(10) unsigned DEFAULT '0',
  `heartbeat` timestamp NOT NULL DEFAULT '0000-00-00 00:00:00',
  PRIMARY KEY (`pid`,`network_id`)
) ENGINE=InnoDB DEFAULT CHARSET=utf8mb4 COLLATE=utf8mb4_unicode_ci COMMENT='Table tracking active poller processes';
/*!40101 SET character_set_client = @saved_cs_client */;

--
-- Dumping data for table `automation_processes`
--

LOCK TABLES `automation_processes` WRITE;
/*!40000 ALTER TABLE `automation_processes` DISABLE KEYS */;
/*!40000 ALTER TABLE `automation_processes` ENABLE KEYS */;
UNLOCK TABLES;

--
-- Table structure for table `automation_snmp`
--

DROP TABLE IF EXISTS `automation_snmp`;
/*!40101 SET @saved_cs_client     = @@character_set_client */;
/*!40101 SET character_set_client = utf8 */;
CREATE TABLE `automation_snmp` (
  `id` int(10) unsigned NOT NULL AUTO_INCREMENT,
  `name` varchar(100) COLLATE utf8mb4_unicode_ci NOT NULL DEFAULT '',
  PRIMARY KEY (`id`)
) ENGINE=InnoDB AUTO_INCREMENT=2 DEFAULT CHARSET=utf8mb4 COLLATE=utf8mb4_unicode_ci COMMENT='Group of SNMP Option Sets';
/*!40101 SET character_set_client = @saved_cs_client */;

--
-- Dumping data for table `automation_snmp`
--

LOCK TABLES `automation_snmp` WRITE;
/*!40000 ALTER TABLE `automation_snmp` DISABLE KEYS */;
INSERT INTO `automation_snmp` VALUES (1,'Default Option Set');
/*!40000 ALTER TABLE `automation_snmp` ENABLE KEYS */;
UNLOCK TABLES;

--
-- Table structure for table `automation_snmp_items`
--

DROP TABLE IF EXISTS `automation_snmp_items`;
/*!40101 SET @saved_cs_client     = @@character_set_client */;
/*!40101 SET character_set_client = utf8 */;
CREATE TABLE `automation_snmp_items` (
  `id` int(10) unsigned NOT NULL AUTO_INCREMENT,
  `snmp_id` int(10) unsigned NOT NULL DEFAULT '0',
  `sequence` int(10) unsigned NOT NULL DEFAULT '0',
  `snmp_version` tinyint(1) unsigned NOT NULL DEFAULT '1',
  `snmp_community` varchar(100) COLLATE utf8mb4_unicode_ci NOT NULL,
  `snmp_port` mediumint(5) unsigned NOT NULL DEFAULT '161',
  `snmp_timeout` int(10) unsigned NOT NULL DEFAULT '500',
  `snmp_retries` tinyint(11) unsigned NOT NULL DEFAULT '3',
  `max_oids` int(12) unsigned DEFAULT '10',
  `snmp_username` varchar(50) COLLATE utf8mb4_unicode_ci DEFAULT NULL,
  `snmp_password` varchar(50) COLLATE utf8mb4_unicode_ci DEFAULT NULL,
  `snmp_auth_protocol` char(6) COLLATE utf8mb4_unicode_ci DEFAULT '',
  `snmp_priv_passphrase` varchar(200) COLLATE utf8mb4_unicode_ci DEFAULT '',
  `snmp_priv_protocol` char(6) COLLATE utf8mb4_unicode_ci DEFAULT '',
  `snmp_context` varchar(64) COLLATE utf8mb4_unicode_ci DEFAULT '',
  `snmp_engine_id` varchar(64) COLLATE utf8mb4_unicode_ci DEFAULT '',
  PRIMARY KEY (`id`,`snmp_id`)
) ENGINE=InnoDB AUTO_INCREMENT=4 DEFAULT CHARSET=utf8mb4 COLLATE=utf8mb4_unicode_ci COMMENT='Set of SNMP Options';
/*!40101 SET character_set_client = @saved_cs_client */;

--
-- Dumping data for table `automation_snmp_items`
--

LOCK TABLES `automation_snmp_items` WRITE;
/*!40000 ALTER TABLE `automation_snmp_items` DISABLE KEYS */;
INSERT INTO `automation_snmp_items` VALUES (1,1,2,2,'public',161,1000,3,10,'admin','baseball','MD5','','DES','',''),(2,1,3,2,'private',161,1000,3,10,'admin','baseball','MD5','','DES','',''),(3,1,1,2,'14All41$',161,500,3,10,'','','MD5','','DES','','');
/*!40000 ALTER TABLE `automation_snmp_items` ENABLE KEYS */;
UNLOCK TABLES;

--
-- Table structure for table `automation_templates`
--

DROP TABLE IF EXISTS `automation_templates`;
/*!40101 SET @saved_cs_client     = @@character_set_client */;
/*!40101 SET character_set_client = utf8 */;
CREATE TABLE `automation_templates` (
  `id` int(8) NOT NULL AUTO_INCREMENT,
  `host_template` int(8) NOT NULL DEFAULT '0',
  `availability_method` int(10) unsigned DEFAULT '2',
  `sysDescr` varchar(255) COLLATE utf8mb4_unicode_ci DEFAULT '',
  `sysName` varchar(255) COLLATE utf8mb4_unicode_ci DEFAULT '',
  `sysOid` varchar(60) COLLATE utf8mb4_unicode_ci DEFAULT '',
  `sequence` int(10) unsigned DEFAULT '0',
  PRIMARY KEY (`id`)
) ENGINE=InnoDB AUTO_INCREMENT=4 DEFAULT CHARSET=utf8mb4 COLLATE=utf8mb4_unicode_ci COMMENT='Templates of SNMP Sys variables used for automation';
/*!40101 SET character_set_client = @saved_cs_client */;

--
-- Dumping data for table `automation_templates`
--

LOCK TABLES `automation_templates` WRITE;
/*!40000 ALTER TABLE `automation_templates` DISABLE KEYS */;
INSERT INTO `automation_templates` VALUES (1,5,2,'Linux','','',1),(2,6,2,'Windows','','',2),(3,2,2,'(Cisco Internetwork Operating System Software|IOS)','','',3);
/*!40000 ALTER TABLE `automation_templates` ENABLE KEYS */;
UNLOCK TABLES;

--
-- Table structure for table `automation_tree_rule_items`
--

DROP TABLE IF EXISTS `automation_tree_rule_items`;
/*!40101 SET @saved_cs_client     = @@character_set_client */;
/*!40101 SET character_set_client = utf8 */;
CREATE TABLE `automation_tree_rule_items` (
  `id` mediumint(8) unsigned NOT NULL AUTO_INCREMENT,
  `rule_id` mediumint(8) unsigned NOT NULL DEFAULT '0',
  `sequence` smallint(3) unsigned NOT NULL DEFAULT '0',
  `field` varchar(255) COLLATE utf8mb4_unicode_ci NOT NULL DEFAULT '',
  `sort_type` smallint(3) unsigned NOT NULL DEFAULT '0',
  `propagate_changes` char(2) COLLATE utf8mb4_unicode_ci DEFAULT '',
  `search_pattern` varchar(255) COLLATE utf8mb4_unicode_ci NOT NULL DEFAULT '',
  `replace_pattern` varchar(255) COLLATE utf8mb4_unicode_ci NOT NULL DEFAULT '',
  PRIMARY KEY (`id`)
) ENGINE=InnoDB AUTO_INCREMENT=5 DEFAULT CHARSET=utf8mb4 COLLATE=utf8mb4_unicode_ci COMMENT='Automation Tree Rule Items';
/*!40101 SET character_set_client = @saved_cs_client */;

--
-- Dumping data for table `automation_tree_rule_items`
--

LOCK TABLES `automation_tree_rule_items` WRITE;
/*!40000 ALTER TABLE `automation_tree_rule_items` DISABLE KEYS */;
INSERT INTO `automation_tree_rule_items` VALUES (1,1,1,'ht.name',1,'','^(.*)\\s*Linux\\s*(.*)$','${1}\\n${2}'),(2,1,2,'h.hostname',1,'','^(\\w*)\\s*(\\w*)\\s*(\\w*).*$',''),(3,2,1,'0',2,'on','Traffic',''),(4,2,2,'gtg.title_cache',1,'','^(.*)\\s*-\\s*Traffic -\\s*(.*)$','${1}\\n${2}');
/*!40000 ALTER TABLE `automation_tree_rule_items` ENABLE KEYS */;
UNLOCK TABLES;

--
-- Table structure for table `automation_tree_rules`
--

DROP TABLE IF EXISTS `automation_tree_rules`;
/*!40101 SET @saved_cs_client     = @@character_set_client */;
/*!40101 SET character_set_client = utf8 */;
CREATE TABLE `automation_tree_rules` (
  `id` mediumint(8) unsigned NOT NULL AUTO_INCREMENT,
  `name` varchar(255) COLLATE utf8mb4_unicode_ci NOT NULL DEFAULT '',
  `tree_id` smallint(3) unsigned NOT NULL DEFAULT '0',
  `tree_item_id` mediumint(8) unsigned NOT NULL DEFAULT '0',
  `leaf_type` smallint(3) unsigned NOT NULL DEFAULT '0',
  `host_grouping_type` smallint(3) unsigned NOT NULL DEFAULT '0',
  `enabled` char(2) COLLATE utf8mb4_unicode_ci DEFAULT '',
  PRIMARY KEY (`id`),
  KEY `name` (`name`(171))
) ENGINE=InnoDB AUTO_INCREMENT=3 DEFAULT CHARSET=utf8mb4 COLLATE=utf8mb4_unicode_ci COMMENT='Automation Tree Rules';
/*!40101 SET character_set_client = @saved_cs_client */;

--
-- Dumping data for table `automation_tree_rules`
--

LOCK TABLES `automation_tree_rules` WRITE;
/*!40000 ALTER TABLE `automation_tree_rules` DISABLE KEYS */;
INSERT INTO `automation_tree_rules` VALUES (1,'New Device',1,0,3,1,'on'),(2,'New Graph',1,0,2,1,'');
/*!40000 ALTER TABLE `automation_tree_rules` ENABLE KEYS */;
UNLOCK TABLES;

--
-- Table structure for table `cdef`
--

DROP TABLE IF EXISTS `cdef`;
/*!40101 SET @saved_cs_client     = @@character_set_client */;
/*!40101 SET character_set_client = utf8 */;
CREATE TABLE `cdef` (
  `id` mediumint(8) unsigned NOT NULL AUTO_INCREMENT,
  `hash` varchar(32) COLLATE utf8mb4_unicode_ci NOT NULL DEFAULT '',
  `system` mediumint(8) unsigned NOT NULL DEFAULT '0',
  `name` varchar(255) COLLATE utf8mb4_unicode_ci NOT NULL DEFAULT '',
  PRIMARY KEY (`id`),
  KEY `hash` (`hash`),
  KEY `name` (`name`(171))
) ENGINE=InnoDB AUTO_INCREMENT=25 DEFAULT CHARSET=utf8mb4 COLLATE=utf8mb4_unicode_ci;
/*!40101 SET character_set_client = @saved_cs_client */;

--
-- Dumping data for table `cdef`
--

LOCK TABLES `cdef` WRITE;
/*!40000 ALTER TABLE `cdef` DISABLE KEYS */;
INSERT INTO `cdef` VALUES (2,'73f95f8b77b5508157d64047342c421e',0,'Turn Bytes into Bits'),(3,'3d352eed9fa8f7b2791205b3273708c7',0,'Make Stack Negative'),(4,'e961cc8ec04fda6ed4981cf5ad501aa5',0,'Make Per 5 Minutes'),(12,'f1ac79f05f255c02f914c920f1038c54',0,'Total All Data Sources'),(14,'634a23af5e78af0964e8d33b1a4ed26b',0,'Multiply by 1024'),(15,'068984b5ccdfd2048869efae5166f722',0,'Total All Data Sources, Multiply by 1024'),(16,'f0995854fa3f78e0b5ec3e42b468d857',0,'Round Up Number'),(17,'e467c2a53cd92031c422b0703329b59a',0,'Turn Uptime to Days'),(18,'2edaef75ae74a4919e6774fdcc51231d',0,'Net-SNMP - IO Wait'),(19,'551f401b7345d62439832e7e7c722d53',0,'Convert Data Source to Data Rate'),(20,'41d094c95b3ae8f0d3a67f9c3ddb6a75',0,'Percona Turn Into Bits CDEF'),(21,'4281cf63dfde6f44b46a59f022cf82b2',0,'Percona Negate CDEF'),(22,'6a969baff7cde4be968660438223c1f6',0,'Percona Disk Write Time per IO Request CDEF'),(23,'203513d20d99be3de7e604a85d2738ed',0,'Percona Disk Write Time per IO Request Negate CDEF'),(24,'07b3417536863436f1003ecb27cd44c8',0,'Percona Disk Read Time per IO Request CDEF');
/*!40000 ALTER TABLE `cdef` ENABLE KEYS */;
UNLOCK TABLES;

--
-- Table structure for table `cdef_items`
--

DROP TABLE IF EXISTS `cdef_items`;
/*!40101 SET @saved_cs_client     = @@character_set_client */;
/*!40101 SET character_set_client = utf8 */;
CREATE TABLE `cdef_items` (
  `id` mediumint(8) unsigned NOT NULL AUTO_INCREMENT,
  `hash` varchar(32) COLLATE utf8mb4_unicode_ci NOT NULL DEFAULT '',
  `cdef_id` mediumint(8) unsigned NOT NULL DEFAULT '0',
  `sequence` mediumint(8) unsigned NOT NULL DEFAULT '0',
  `type` tinyint(2) NOT NULL DEFAULT '0',
  `value` varchar(150) COLLATE utf8mb4_unicode_ci NOT NULL DEFAULT '',
  PRIMARY KEY (`id`),
  KEY `cdef_id_sequence` (`cdef_id`,`sequence`)
) ENGINE=InnoDB AUTO_INCREMENT=52 DEFAULT CHARSET=utf8mb4 COLLATE=utf8mb4_unicode_ci;
/*!40101 SET character_set_client = @saved_cs_client */;

--
-- Dumping data for table `cdef_items`
--

LOCK TABLES `cdef_items` WRITE;
/*!40000 ALTER TABLE `cdef_items` DISABLE KEYS */;
INSERT INTO `cdef_items` VALUES (7,'9bbf6b792507bb9bb17d2af0970f9be9',2,1,4,'CURRENT_DATA_SOURCE'),(8,'caa4e023ac2d7b1c4b4c8c4adfd55dfe',2,3,2,'3'),(9,'a4b8eb2c3bf4920a3ef571a7a004be53',2,2,6,'8'),(10,'c888c9fe6b62c26c4bfe23e18991731d',3,1,4,'CURRENT_DATA_SOURCE'),(11,'1e1d0b29a94e08b648c8f053715442a0',3,3,2,'3'),(12,'4355c197998c7f8b285be7821ddc6da4',3,2,6,'-1'),(13,'40bb7a1143b0f2e2efca14eb356236de',4,1,4,'CURRENT_DATA_SOURCE'),(14,'42686ea0925c0220924b7d333599cd67',4,3,2,'3'),(15,'faf1b148b2c0e0527362ed5b8ca1d351',4,2,6,'300'),(16,'0ef6b8a42dc83b4e43e437960fccd2ea',12,1,4,'ALL_DATA_SOURCES_NODUPS'),(18,'86370cfa0008fe8c56b28be80ee39a40',14,1,4,'CURRENT_DATA_SOURCE'),(19,'9a35cc60d47691af37f6fddf02064e20',14,2,6,'1024'),(20,'5d7a7941ec0440b257e5598a27dd1688',14,3,2,'3'),(21,'44fd595c60539ff0f5817731d9f43a85',15,1,4,'ALL_DATA_SOURCES_NODUPS'),(22,'aa38be265e5ac31783e57ce6f9314e9a',15,2,6,'1024'),(23,'204423d4b2598f1f7252eea19458345c',15,3,2,'3'),(24,'f8be084bb9912c335248a7624b1791a7',16,1,4,'CURRENT_DATA_SOURCE'),(25,'fb418923ccd3854f97245b692f86d2c0',16,2,1,'6'),(26,'c658f6a764966a4bcfbb4b0ef3deba37',17,1,4,'CURRENT_DATA_SOURCE'),(27,'f540004e39b64358d09d333535f2f497',17,2,6,'8640000'),(28,'a413e8cd783534eb54756ecec2029338',17,3,2,'4'),(29,'a96e5ae6dcdf2ca5ef1e2f9706b62ff0',18,1,6,'100'),(30,'ae2da3b8309debcc90d58fd3a7652315',18,2,4,'ALL_DATA_SOURCES_NODUPS'),(31,'56c946373bc51a86c631660a68aa7361',18,3,2,'2'),(32,'769be0527605b501381a54272d1da3e9',19,1,4,'CURRENT_DATA_SOURCE'),(33,'83663603689f36b7ba80f63e6f26f64d',19,2,4,'CURRENT_DATA_SOURCE_PI'),(34,'dfbec091d7792d2409e9310e58c7055c',19,3,2,'4'),(35,'568aa74185b3c1653c397f54e81b9126',20,1,4,'CURRENT_DATA_SOURCE'),(36,'43a4ea400b2069920aa957b0289cd48f',20,2,6,'8'),(37,'48008a1db45bbb1f11f2deccd31a2bdf',20,3,2,'3'),(38,'39d460ccabbb1f19bfebf71e84b15070',21,1,4,'CURRENT_DATA_SOURCE'),(39,'390f3e01ab124c1e22ed522de3221183',21,2,6,'-1'),(40,'fe6ddc8f638831cd799b3b19f964a3f8',21,3,2,'3'),(41,'fe8c46c25d5cd686e2169f4fb44a0174',22,1,6,'d'),(42,'347cb78f5f40fe95aeba491851748f54',22,2,6,'b'),(43,'a30369d7a17a93fe5b3657bbc66ce4cb',22,3,2,'4'),(44,'28a3daa5c2e9851757d334fdf27b52ee',23,1,6,'d'),(45,'3c92d82334cec1940c806564e1e0cba6',23,2,6,'b'),(46,'5558cedb72897a4c5ba8f5530aa1fa44',23,3,2,'4'),(47,'b38befd7c39659ad863e9e3f072c260c',23,4,6,'-1'),(48,'6f97ee810410b1a97ef6a0656f26ffae',23,5,2,'3'),(49,'e0aecbc6f1e7617d534561aa107a5ce0',24,1,6,'c'),(50,'518cf90ff9d0ab3ef093e5b7430d97e5',24,2,6,'a'),(51,'9c6bd2d7b3a7128d3c44ba85dba669cc',24,3,2,'4');
/*!40000 ALTER TABLE `cdef_items` ENABLE KEYS */;
UNLOCK TABLES;

--
-- Table structure for table `color_template_items`
--

DROP TABLE IF EXISTS `color_template_items`;
/*!40101 SET @saved_cs_client     = @@character_set_client */;
/*!40101 SET character_set_client = utf8 */;
CREATE TABLE `color_template_items` (
  `color_template_item_id` int(12) unsigned NOT NULL AUTO_INCREMENT,
  `color_template_id` mediumint(8) unsigned NOT NULL DEFAULT '0',
  `color_id` mediumint(8) unsigned NOT NULL DEFAULT '0',
  `sequence` mediumint(8) unsigned NOT NULL DEFAULT '0',
  PRIMARY KEY (`color_template_item_id`)
) ENGINE=InnoDB AUTO_INCREMENT=45 DEFAULT CHARSET=utf8mb4 COLLATE=utf8mb4_unicode_ci COMMENT='Color Items for Color Templates';
/*!40101 SET character_set_client = @saved_cs_client */;

--
-- Dumping data for table `color_template_items`
--

LOCK TABLES `color_template_items` WRITE;
/*!40000 ALTER TABLE `color_template_items` DISABLE KEYS */;
INSERT INTO `color_template_items` VALUES (1,1,4,1),(2,1,24,2),(3,1,98,3),(4,1,25,4),(5,2,25,1),(6,2,29,2),(7,2,30,3),(8,2,31,4),(9,2,33,5),(10,2,35,6),(11,2,41,7),(12,2,9,8),(13,3,15,1),(14,3,31,2),(15,3,28,3),(16,3,8,4),(17,3,34,5),(18,3,33,6),(19,3,35,7),(20,3,41,8),(21,3,36,9),(22,3,42,10),(23,3,44,11),(24,3,48,12),(25,3,9,13),(26,3,49,14),(27,3,51,15),(28,3,52,16),(29,4,76,1),(30,4,84,2),(31,4,89,3),(32,4,17,4),(33,4,86,5),(34,4,88,6),(35,4,90,7),(36,4,94,8),(37,4,96,9),(38,4,93,10),(39,4,91,11),(40,4,22,12),(41,4,12,13),(42,4,95,14),(43,4,6,15),(44,4,92,16);
/*!40000 ALTER TABLE `color_template_items` ENABLE KEYS */;
UNLOCK TABLES;

--
-- Table structure for table `color_templates`
--

DROP TABLE IF EXISTS `color_templates`;
/*!40101 SET @saved_cs_client     = @@character_set_client */;
/*!40101 SET character_set_client = utf8 */;
CREATE TABLE `color_templates` (
  `color_template_id` mediumint(8) unsigned NOT NULL AUTO_INCREMENT,
  `name` varchar(255) COLLATE utf8mb4_unicode_ci NOT NULL DEFAULT '',
  PRIMARY KEY (`color_template_id`)
) ENGINE=InnoDB AUTO_INCREMENT=5 DEFAULT CHARSET=utf8mb4 COLLATE=utf8mb4_unicode_ci COMMENT='Color Templates';
/*!40101 SET character_set_client = @saved_cs_client */;

--
-- Dumping data for table `color_templates`
--

LOCK TABLES `color_templates` WRITE;
/*!40000 ALTER TABLE `color_templates` DISABLE KEYS */;
INSERT INTO `color_templates` VALUES (1,'Yellow: light -> dark, 4 colors'),(2,'Red: light yellow > dark red, 8 colors'),(3,'Red: light -> dark, 16 colors'),(4,'Green: dark -> light, 16 colors');
/*!40000 ALTER TABLE `color_templates` ENABLE KEYS */;
UNLOCK TABLES;

--
-- Table structure for table `colors`
--

DROP TABLE IF EXISTS `colors`;
/*!40101 SET @saved_cs_client     = @@character_set_client */;
/*!40101 SET character_set_client = utf8 */;
CREATE TABLE `colors` (
  `id` mediumint(8) unsigned NOT NULL AUTO_INCREMENT,
  `name` varchar(40) COLLATE utf8mb4_unicode_ci DEFAULT '',
  `hex` varchar(6) COLLATE utf8mb4_unicode_ci NOT NULL DEFAULT '',
  `read_only` char(2) COLLATE utf8mb4_unicode_ci DEFAULT '',
  PRIMARY KEY (`id`),
  UNIQUE KEY `hex` (`hex`)
) ENGINE=InnoDB AUTO_INCREMENT=556 DEFAULT CHARSET=utf8mb4 COLLATE=utf8mb4_unicode_ci;
/*!40101 SET character_set_client = @saved_cs_client */;

--
-- Dumping data for table `colors`
--

LOCK TABLES `colors` WRITE;
/*!40000 ALTER TABLE `colors` DISABLE KEYS */;
INSERT INTO `colors` VALUES (1,'Black','000000','on'),(2,'White','FFFFFF','on'),(4,'','FAFD9E',''),(5,'','C0C0C0',''),(6,'','74C366',''),(7,'','6DC8FE',''),(8,'','EA8F00',''),(9,'Red','FF0000','on'),(10,'','4444FF',''),(11,'Magenta','FF00FF','on'),(12,'Green','00FF00','on'),(13,'','8D85F3',''),(14,'','AD3B6E',''),(15,'','EACC00',''),(16,'','12B3B5',''),(17,'','157419',''),(18,'','C4FD3D',''),(19,'','817C4E',''),(20,'','002A97',''),(21,'','0000FF',''),(22,'','00CF00',''),(24,'','F9FD5F',''),(25,'','FFF200',''),(26,'','CCBB00',''),(27,'','837C04',''),(28,'','EAAF00',''),(29,'','FFD660',''),(30,'','FFC73B',''),(31,'','FFAB00',''),(33,'','FF7D00',''),(34,'','ED7600',''),(35,'','FF5700',''),(36,'','EE5019',''),(37,'','B1441E',''),(38,'','FFC3C0',''),(39,'','FF897C',''),(40,'','FF6044',''),(41,'','FF4105',''),(42,'','DA4725',''),(43,'','942D0C',''),(44,'','FF3932',''),(45,'','862F2F',''),(46,'','FF5576',''),(47,'','562B29',''),(48,'','F51D30',''),(49,'','DE0056',''),(50,'','ED5394',''),(51,'','B90054',''),(52,'','8F005C',''),(53,'','F24AC8',''),(54,'','E8CDEF',''),(55,'','D8ACE0',''),(56,'','A150AA',''),(57,'','750F7D',''),(58,'','8D00BA',''),(59,'','623465',''),(60,'','55009D',''),(61,'','3D168B',''),(62,'','311F4E',''),(63,'','D2D8F9',''),(64,'','9FA4EE',''),(65,'','6557D0',''),(66,'','4123A1',''),(67,'','4668E4',''),(68,'','0D006A',''),(69,'','00004D',''),(70,'','001D61',''),(71,'','00234B',''),(72,'','002A8F',''),(73,'','2175D9',''),(74,'','7CB3F1',''),(75,'','005199',''),(76,'','004359',''),(77,'','00A0C1',''),(78,'','007283',''),(79,'','00BED9',''),(80,'','AFECED',''),(81,'','55D6D3',''),(82,'','00BBB4',''),(83,'','009485',''),(84,'','005D57',''),(85,'','008A77',''),(86,'','008A6D',''),(87,'','00B99B',''),(88,'','009F67',''),(89,'','00694A',''),(90,'','00A348',''),(91,'','00BF47',''),(92,'','96E78A',''),(93,'','00BD27',''),(94,'','35962B',''),(95,'','7EE600',''),(96,'','6EA100',''),(97,'','CAF100',''),(98,'','F5F800',''),(99,'','CDCFC4',''),(100,'','BCBEB3',''),(101,'','AAABA1',''),(102,'','8F9286',''),(103,'','797C6E',''),(104,'','2E3127',''),(105,'Night','0C090A','on'),(106,'Gunmetal','2C3539','on'),(107,'Midnight','2B1B17','on'),(108,'Charcoal','34282C','on'),(109,'Dark Slate Grey','25383C','on'),(110,'Oil','3B3131','on'),(111,'Black Cat','413839','on'),(112,'Iridium','3D3C3A','on'),(113,'Black Eel','463E3F','on'),(114,'Black Cow','4C4646','on'),(115,'Gray Wolf','504A4B','on'),(116,'Vampire Gray','565051','on'),(117,'Gray Dolphin','5C5858','on'),(118,'Carbon Gray','625D5D','on'),(119,'Ash Gray','666362','on'),(120,'Cloudy Gray','6D6968','on'),(121,'Smokey Gray','726E6D','on'),(122,'Gray','736F6E','on'),(123,'Granite','837E7C','on'),(124,'Battleship Gray','848482','on'),(125,'Gray Cloud','B6B6B4','on'),(126,'Gray Goose','D1D0CE','on'),(127,'Platinum','E5E4E2','on'),(128,'Metallic Silver','BCC6CC','on'),(129,'Blue Gray','98AFC7','on'),(130,'Light Slate Gray','6D7B8D','on'),(131,'Slate Gray','657383','on'),(132,'Jet Gray','616D7E','on'),(133,'Mist Blue','646D7E','on'),(134,'Marble Blue','566D7E','on'),(135,'Slate Blue','737CA1','on'),(136,'Steel Blue','4863A0','on'),(137,'Blue Jay','2B547E','on'),(138,'Dark Slate Blue','2B3856','on'),(139,'Midnight Blue','151B54','on'),(140,'Navy Blue','000080','on'),(141,'Blue Whale','342D7E','on'),(142,'Lapis Blue','15317E','on'),(143,'Cornflower Blue','151B8D','on'),(144,'Earth Blue','0000A0','on'),(145,'Cobalt Blue','0020C2','on'),(146,'Blueberry Blue','0041C2','on'),(147,'Sapphire Blue','2554C7','on'),(148,'Blue Eyes','1569C7','on'),(149,'Royal Blue','2B60DE','on'),(150,'Blue Orchid','1F45FC','on'),(151,'Blue Lotus','6960EC','on'),(152,'Light Slate Blue','736AFF','on'),(153,'Slate Blue','357EC7','on'),(154,'Glacial Blue Ice','368BC1','on'),(155,'Silk Blue','488AC7','on'),(156,'Blue Ivy','3090C7','on'),(157,'Blue Koi','659EC7','on'),(158,'Columbia Blue','87AFC7','on'),(159,'Baby Blue','95B9C7','on'),(160,'Light Steel Blue','728FCE','on'),(161,'Ocean Blue','2B65EC','on'),(162,'Blue Ribbon','306EFF','on'),(163,'Blue Dress','157DEC','on'),(164,'Dodger Blue','1589FF','on'),(165,'Cornflower Blue','6495ED','on'),(166,'Sky Blue','6698FF','on'),(167,'Butterfly Blue','38ACEC','on'),(168,'Iceberg','56A5EC','on'),(169,'Crystal Blue','5CB3FF','on'),(170,'Deep Sky Blue','3BB9FF','on'),(171,'Denim Blue','79BAEC','on'),(172,'Light Sky Blue','82CAFA','on'),(173,'Day Sky Blue','82CAFF','on'),(174,'Jeans Blue','A0CFEC','on'),(175,'Blue Angel','B7CEEC','on'),(176,'Pastel Blue','B4CFEC','on'),(177,'Sea Blue','C2DFFF','on'),(178,'Powder Blue','C6DEFF','on'),(179,'Coral Blue','AFDCEC','on'),(180,'Light Blue','ADDFFF','on'),(181,'Robin Egg Blue','BDEDFF','on'),(182,'Pale Blue Lily','CFECEC','on'),(183,'Light Cyan','E0FFFF','on'),(184,'Water','EBF4FA','on'),(185,'Alice Blue','F0F8FF','on'),(186,'Azure','F0FFFF','on'),(187,'Light Slate','CCFFFF','on'),(188,'Light Aquamarine','93FFE8','on'),(189,'Electric Blue','9AFEFF','on'),(190,'Aquamarine','7FFFD4','on'),(191,'Cyan or Aqua','00FFFF','on'),(192,'Tron Blue','7DFDFE','on'),(193,'Blue Zircon','57FEFF','on'),(194,'Blue Lagoon','8EEBEC','on'),(195,'Celeste','50EBEC','on'),(196,'Blue Diamond','4EE2EC','on'),(197,'Tiffany Blue','81D8D0','on'),(198,'Cyan Opaque','92C7C7','on'),(199,'Blue Hosta','77BFC7','on'),(200,'Northern Lights Blue','78C7C7','on'),(201,'Medium Turquoise','48CCCD','on'),(202,'Turquoise','43C6DB','on'),(203,'Jellyfish','46C7C7','on'),(204,'Macaw Blue Green','43BFC7','on'),(205,'Light Sea Green','3EA99F','on'),(206,'Dark Turquoise','3B9C9C','on'),(207,'Sea Turtle Green','438D80','on'),(208,'Medium Aquamarine','348781','on'),(209,'Greenish Blue','307D7E','on'),(210,'Grayish Turquoise','5E7D7E','on'),(211,'Beetle Green','4C787E','on'),(212,'Teal','008080','on'),(213,'Sea Green','4E8975','on'),(214,'Camouflage Green','78866B','on'),(215,'Sage Green','848b79','on'),(216,'Hazel Green','617C58','on'),(217,'Venom Green','728C00','on'),(218,'Fern Green','667C26','on'),(219,'Dark Forrest Green','254117','on'),(220,'Medium Sea Green','306754','on'),(221,'Medium Forest Green','347235','on'),(222,'Seaweed Green','437C17','on'),(223,'Pine Green','387C44','on'),(224,'Jungle Green','347C2C','on'),(225,'Shamrock Green','347C17','on'),(226,'Medium Spring Green','348017','on'),(227,'Forest Green','4E9258','on'),(228,'Green Onion','6AA121','on'),(229,'Spring Green','4AA02C','on'),(230,'Lime Green','41A317','on'),(231,'Clover Green','3EA055','on'),(232,'Green Snake','6CBB3C','on'),(233,'Alien Green','6CC417','on'),(234,'Green Apple','4CC417','on'),(235,'Yellow Green','52D017','on'),(236,'Kelly Green','4CC552','on'),(237,'Zombie Green','54C571','on'),(238,'Frog Green','99C68E','on'),(239,'Green Peas','89C35C','on'),(240,'Dollar Bill Green','85BB65','on'),(241,'Dark Sea Green','8BB381','on'),(242,'Iguana Green','9CB071','on'),(243,'Avocado Green','B2C248','on'),(244,'Pistachio Green','9DC209','on'),(245,'Salad Green','A1C935','on'),(246,'Hummingbird Green','7FE817','on'),(247,'Nebula Green','59E817','on'),(248,'Stoplight Go Green','57E964','on'),(249,'Algae Green','64E986','on'),(250,'Jade Green','5EFB6E','on'),(251,'Emerald Green','5FFB17','on'),(252,'Lawn Green','87F717','on'),(253,'Chartreuse','8AFB17','on'),(254,'Dragon Green','6AFB92','on'),(255,'Mint green','98FF98','on'),(256,'Green Thumb','B5EAAA','on'),(257,'Light Jade','C3FDB8','on'),(258,'Tea Green','CCFB5D','on'),(259,'Green Yellow','B1FB17','on'),(260,'Slime Green','BCE954','on'),(261,'Goldenrod','EDDA74','on'),(262,'Harvest Gold','EDE275','on'),(263,'Sun Yellow','FFE87C','on'),(264,'Yellow','FFFF00','on'),(265,'Corn Yellow','FFF380','on'),(266,'Parchment','FFFFC2','on'),(267,'Cream','FFFFCC','on'),(268,'Lemon Chiffon','FFF8C6','on'),(269,'Cornsilk','FFF8DC','on'),(270,'Beige','F5F5DC','on'),(271,'Blonde','FBF6D9','on'),(272,'Antique White','FAEBD7','on'),(273,'Champagne','F7E7CE','on'),(274,'Blanched Almond','FFEBCD','on'),(275,'Vanilla','F3E5AB','on'),(276,'Tan Brown','ECE5B6','on'),(277,'Peach','FFE5B4','on'),(278,'Mustard','FFDB58','on'),(279,'Rubber Ducky Yellow','FFD801','on'),(280,'Bright Gold','FDD017','on'),(281,'Golden Brown','EAC117','on'),(282,'Macaroni and Cheese','F2BB66','on'),(283,'Saffron','FBB917','on'),(284,'Beer','FBB117','on'),(285,'Cantaloupe','FFA62F','on'),(286,'Bee Yellow','E9AB17','on'),(287,'Brown Sugar','E2A76F','on'),(288,'BurlyWood','DEB887','on'),(289,'Deep Peach','FFCBA4','on'),(290,'Ginger Brown','C9BE62','on'),(291,'School Bus Yellow','E8A317','on'),(292,'Sandy Brown','EE9A4D','on'),(293,'Fall Leaf Brown','C8B560','on'),(294,'Orange Gold','D4A017','on'),(295,'Sand','C2B280','on'),(296,'Cookie Brown','C7A317','on'),(297,'Caramel','C68E17','on'),(298,'Brass','B5A642','on'),(299,'Khaki','ADA96E','on'),(300,'Camel Brown','C19A6B','on'),(301,'Bronze','CD7F32','on'),(302,'Tiger Orange','C88141','on'),(303,'Cinnamon','C58917','on'),(304,'Bullet Shell','AF9B60','on'),(305,'Dark Goldenrod','AF7817','on'),(306,'Copper','B87333','on'),(307,'Wood','966F33','on'),(308,'Oak Brown','806517','on'),(309,'Moccasin','827839','on'),(310,'Army Brown','827B60','on'),(311,'Sandstone','786D5F','on'),(312,'Mocha','493D26','on'),(313,'Taupe','483C32','on'),(314,'Coffee','6F4E37','on'),(315,'Brown Bear','835C3B','on'),(316,'Red Dirt','7F5217','on'),(317,'Sepia','7F462C','on'),(318,'Orange Salmon','C47451','on'),(319,'Rust','C36241','on'),(320,'Red Fox','C35817','on'),(321,'Chocolate','C85A17','on'),(322,'Sedona','CC6600','on'),(323,'Papaya Orange','E56717','on'),(324,'Halloween Orange','E66C2C','on'),(325,'Pumpkin Orange','F87217','on'),(326,'Construction Cone Orange','F87431','on'),(327,'Sunrise Orange','E67451','on'),(328,'Mango Orange','FF8040','on'),(329,'Dark Orange','F88017','on'),(330,'Coral','FF7F50','on'),(331,'Basket Ball Orange','F88158','on'),(332,'Light Salmon','F9966B','on'),(333,'Tangerine','E78A61','on'),(334,'Dark Salmon','E18B6B','on'),(335,'Light Coral','E77471','on'),(336,'Bean Red','F75D59','on'),(337,'Valentine Red','E55451','on'),(338,'Shocking Orange','E55B3C','on'),(339,'Scarlet','FF2400','on'),(340,'Ruby Red','F62217','on'),(341,'Ferrari Red','F70D1A','on'),(342,'Fire Engine Red','F62817','on'),(343,'Lava Red','E42217','on'),(344,'Love Red','E41B17','on'),(345,'Grapefruit','DC381F','on'),(346,'Chestnut Red','C34A2C','on'),(347,'Cherry Red','C24641','on'),(348,'Mahogany','C04000','on'),(349,'Chilli Pepper','C11B17','on'),(350,'Cranberry','9F000F','on'),(351,'Red Wine','990012','on'),(352,'Burgundy','8C001A','on'),(353,'Chestnut','954535','on'),(354,'Blood Red','7E3517','on'),(355,'Sienna','8A4117','on'),(356,'Sangria','7E3817','on'),(357,'Firebrick','800517','on'),(358,'Maroon','810541','on'),(359,'Plum Pie','7D0541','on'),(360,'Velvet Maroon','7E354D','on'),(361,'Plum Velvet','7D0552','on'),(362,'Rosy Finch','7F4E52','on'),(363,'Puce','7F5A58','on'),(364,'Dull Purple','7F525D','on'),(365,'Rosy Brown','B38481','on'),(366,'Khaki Rose','C5908E','on'),(367,'Pink Bow','C48189','on'),(368,'Lipstick Pink','C48793','on'),(369,'Rose','E8ADAA','on'),(370,'Desert Sand','EDC9AF','on'),(371,'Pig Pink','FDD7E4','on'),(372,'Cotton Candy','FCDFFF','on'),(373,'Pink Bubblegum','FFDFDD','on'),(374,'Misty Rose','FBBBB9','on'),(375,'Pink','FAAFBE','on'),(376,'Light Pink','FAAFBA','on'),(377,'Flamingo Pink','F9A7B0','on'),(378,'Pink Rose','E7A1B0','on'),(379,'Pink Daisy','E799A3','on'),(380,'Cadillac Pink','E38AAE','on'),(381,'Carnation Pink','F778A1','on'),(382,'Blush Red','E56E94','on'),(383,'Hot Pink','F660AB','on'),(384,'Watermelon Pink','FC6C85','on'),(385,'Violet Red','F6358A','on'),(386,'Deep Pink','F52887','on'),(387,'Pink Cupcake','E45E9D','on'),(388,'Pink Lemonade','E4287C','on'),(389,'Neon Pink','F535AA','on'),(390,'Dimorphotheca Magenta','E3319D','on'),(391,'Bright Neon Pink','F433FF','on'),(392,'Pale Violet Red','D16587','on'),(393,'Tulip Pink','C25A7C','on'),(394,'Medium Violet Red','CA226B','on'),(395,'Rogue Pink','C12869','on'),(396,'Burnt Pink','C12267','on'),(397,'Bashful Pink','C25283','on'),(398,'Carnation Pink','C12283','on'),(399,'Plum','B93B8F','on'),(400,'Viola Purple','7E587E','on'),(401,'Purple Iris','571B7E','on'),(402,'Plum Purple','583759','on'),(403,'Indigo','4B0082','on'),(404,'Purple Monster','461B7E','on'),(405,'Purple Haze','4E387E','on'),(406,'Eggplant','614051','on'),(407,'Grape','5E5A80','on'),(408,'Purple Jam','6A287E','on'),(409,'Dark Orchid','7D1B7E','on'),(410,'Purple Flower','A74AC7','on'),(411,'Medium Orchid','B048B5','on'),(412,'Purple Amethyst','6C2DC7','on'),(413,'Dark Violet','842DCE','on'),(414,'Violet','8D38C9','on'),(415,'Purple Sage Bush','7A5DC7','on'),(416,'Lovely Purple','7F38EC','on'),(417,'Purple','8E35EF','on'),(418,'Aztech Purple','893BFF','on'),(419,'Medium Purple','8467D7','on'),(420,'Jasmine Purple','A23BEC','on'),(421,'Purple Daffodil','B041FF','on'),(422,'Tyrian Purple','C45AEC','on'),(423,'Crocus Purple','9172EC','on'),(424,'Purple Mimosa','9E7BFF','on'),(425,'Heliotrope Purple','D462FF','on'),(426,'Crimson','E238EC','on'),(427,'Purple Dragon','C38EC7','on'),(428,'Lilac','C8A2C8','on'),(429,'Blush Pink','E6A9EC','on'),(430,'Mauve','E0B0FF','on'),(431,'Wisteria Purple','C6AEC7','on'),(432,'Blossom Pink','F9B7FF','on'),(433,'Thistle','D2B9D3','on'),(434,'Periwinkle','E9CFEC','on'),(435,'Lavender Pinocchio','EBDDE2','on'),(436,'Lavender Blue','E3E4FA','on'),(437,'Pearl','FDEEF4','on'),(438,'SeaShell','FFF5EE','on'),(439,'Milk White','FEFCFF','on'),(440,'','BF4E15',''),(441,'','91204D',''),(442,'','9E8655',''),(443,'','941342',''),(444,'','435247',''),(445,'','00CBF6',''),(446,'','BFBD82',''),(447,'','C5031A',''),(448,'','F39034',''),(449,'','3D282A',''),(450,'','33369E',''),(451,'','08A000',''),(452,'','803405',''),(453,'','540202',''),(454,'','850707',''),(455,'','FFDB87',''),(456,'','25345C',''),(457,'','88008A',''),(458,'','4F7774',''),(459,'','2A2829',''),(460,'','668284',''),(461,'','493736',''),(462,'','7B3B3B',''),(463,'','542437',''),(464,'','53777A',''),(465,'','755E5E',''),(466,'','C02942',''),(467,'','75637E',''),(468,'','81BFE0',''),(469,'','4E3F30',''),(470,'','2C5043',''),(471,'','3B7AD9',''),(472,'','0E4E5A',''),(473,'','62BECB',''),(474,'','6A4A3C',''),(475,'','CC333F',''),(476,'','EB6841',''),(477,'','EDC951',''),(478,'','00A0B0',''),(479,'','4AC3B2',''),(480,'','8C2318',''),(481,'','5E8C6A',''),(482,'','88A65E',''),(483,'','BFB35A',''),(484,'','F2C45A',''),(485,'','7A6A53',''),(486,'','D5DED9',''),(487,'','948C75',''),(488,'','ECD078',''),(489,'','D95B43',''),(490,'','5D868C',''),(491,'','700004',''),(492,'','EEB78E',''),(493,'','47748B',''),(494,'','784890',''),(495,'','D1642E',''),(496,'','487860',''),(497,'','907890',''),(498,'','1693A7',''),(499,'','B83A04',''),(500,'','6E645A',''),(501,'','99B898',''),(502,'','2A363B',''),(503,'','FECEA8',''),(504,'','3D1500',''),(505,'','EDAA41',''),(506,'','AA3B27',''),(507,'','13343B',''),(508,'','402204',''),(509,'','B3092B',''),(510,'','FFBF00',''),(511,'','0ABFCC',''),(512,'','793A57',''),(513,'','8C873E',''),(514,'','A38A5F',''),(515,'','306078',''),(516,'','686240',''),(517,'','4B2744',''),(518,'','E4C576',''),(519,'','D6883A',''),(520,'','E6D883',''),(521,'','55AD84',''),(522,'','6E3803',''),(523,'','5B8257',''),(524,'','AB4253',''),(525,'','D09887',''),(526,'','4A6959',''),(527,'','1D1159',''),(528,'','0C4E5D',''),(529,'','D9C7A3',''),(530,'','D1C5A5',''),(531,'','4D3339',''),(532,'','E97F02',''),(533,'','23B0BA',''),(534,'','D99362',''),(535,'','663344',''),(536,'','201A33',''),(537,'','661100',''),(538,'','B11D03',''),(539,'','E84A5F',''),(540,'','7020AF',''),(541,'','708226',''),(542,'','783030',''),(543,'','FF7F00',''),(544,'','54382A',''),(545,'','B56414',''),(546,'','521808',''),(547,'','194240',''),(548,'','4D4A47',''),(549,'','C79F71',''),(550,'','BDB8B3',''),(551,'','8C286E',''),(552,'','BAB27F',''),(553,'','FA6900',''),(554,'','5A3D31',''),(555,'','69D2E7','');
/*!40000 ALTER TABLE `colors` ENABLE KEYS */;
UNLOCK TABLES;

--
-- Table structure for table `data_debug`
--

DROP TABLE IF EXISTS `data_debug`;
/*!40101 SET @saved_cs_client     = @@character_set_client */;
/*!40101 SET character_set_client = utf8 */;
CREATE TABLE `data_debug` (
  `id` int(11) unsigned NOT NULL AUTO_INCREMENT,
  `started` int(11) NOT NULL DEFAULT '0',
  `done` int(11) NOT NULL DEFAULT '0',
  `user` int(11) NOT NULL DEFAULT '0',
  `datasource` int(11) NOT NULL DEFAULT '0',
  `info` mediumtext COLLATE utf8mb4_unicode_ci NOT NULL,
  `issue` mediumtext COLLATE utf8mb4_unicode_ci,
  PRIMARY KEY (`id`),
  KEY `user` (`user`),
  KEY `done` (`done`),
  KEY `datasource` (`datasource`),
  KEY `started` (`started`)
) ENGINE=InnoDB DEFAULT CHARSET=utf8mb4 COLLATE=utf8mb4_unicode_ci COMMENT='Datasource Debugger Information';
/*!40101 SET character_set_client = @saved_cs_client */;

--
-- Dumping data for table `data_debug`
--

LOCK TABLES `data_debug` WRITE;
/*!40000 ALTER TABLE `data_debug` DISABLE KEYS */;
/*!40000 ALTER TABLE `data_debug` ENABLE KEYS */;
UNLOCK TABLES;

--
-- Table structure for table `data_input`
--

DROP TABLE IF EXISTS `data_input`;
/*!40101 SET @saved_cs_client     = @@character_set_client */;
/*!40101 SET character_set_client = utf8 */;
CREATE TABLE `data_input` (
  `id` mediumint(8) unsigned NOT NULL AUTO_INCREMENT,
  `hash` varchar(32) COLLATE utf8mb4_unicode_ci NOT NULL DEFAULT '',
  `name` varchar(200) COLLATE utf8mb4_unicode_ci NOT NULL DEFAULT '',
  `input_string` varchar(512) COLLATE utf8mb4_unicode_ci DEFAULT NULL,
  `type_id` tinyint(2) NOT NULL DEFAULT '0',
  PRIMARY KEY (`id`),
  KEY `name_type_id` (`name`(171),`type_id`)
) ENGINE=InnoDB AUTO_INCREMENT=98 DEFAULT CHARSET=utf8mb4 COLLATE=utf8mb4_unicode_ci;
/*!40101 SET character_set_client = @saved_cs_client */;

--
-- Dumping data for table `data_input`
--

LOCK TABLES `data_input` WRITE;
/*!40000 ALTER TABLE `data_input` DISABLE KEYS */;
INSERT INTO `data_input` VALUES (1,'3eb92bb845b9660a7445cf9740726522','Get SNMP Data','',2),(2,'bf566c869ac6443b0c75d1c32b5a350e','Get SNMP Data (Indexed)','',3),(3,'274f4685461170b9eb1b98d22567ab5e','Unix - Get Free Disk Space','<path_cacti>/scripts/diskfree.sh <partition>',1),(4,'95ed0993eb3095f9920d431ac80f4231','Unix - Get Load Average','perl <path_cacti>/scripts/loadavg_multi.pl',1),(5,'79a284e136bb6b061c6f96ec219ac448','Unix - Get Logged In Users','perl <path_cacti>/scripts/unix_users.pl <username>',1),(6,'362e6d4768937c4f899dd21b91ef0ff8','Linux - Get Memory Usage','perl <path_cacti>/scripts/linux_memory.pl <grepstr>',1),(7,'a637359e0a4287ba43048a5fdf202066','Unix - Get System Processes','perl <path_cacti>/scripts/unix_processes.pl',1),(8,'47d6bfe8be57a45171afd678920bd399','Unix - Get TCP Connections','perl <path_cacti>/scripts/unix_tcp_connections.pl <grepstr>',1),(9,'cc948e4de13f32b6aea45abaadd287a3','Unix - Get Web Hits','perl <path_cacti>/scripts/webhits.pl <log_path>',1),(10,'8bd153aeb06e3ff89efc73f35849a7a0','Unix - Ping Host','perl <path_cacti>/scripts/ping.pl <hostname>',1),(11,'80e9e4c4191a5da189ae26d0e237f015','Get Script Data (Indexed)','',4),(12,'332111d8b54ac8ce939af87a7eac0c06','Get Script Server Data (Indexed)','',6),(13,'4b7c41aef3c9c7b7cd457c373cfac84d','Cacti Stats - Main Poller','<path_cacti>/scripts/ss_poller.php ss_poller',5),(14,'0ae31b2bdee03a22e676c6412b494fde','Cacti Stats - Boost','<path_cacti>/scripts/ss_poller.php ss_boost',5),(15,'6a40673bc2ac25fa3fd5c94e4c793910','Cacti Stats - Items','<path_cacti>/scripts/ss_poller.php ss_poller_items',5),(16,'c57ecb685171224fc376a0cbf10d08ff','Cacti Stats - Recache (Legacy)','<path_cacti>/scripts/ss_poller.php ss_recache',5),(17,'fd8efbd6a865853728f90cf6933764df','Cacti Stats - Boost Memory','<path_cacti>/scripts/ss_poller.php ss_boost_mem',5),(18,'9c1806942353034cf391635c6620eee7','Cacti Stats - Users','<path_php_binary> -q <path_cacti>/scripts/cacti_user_stats.php',1),(19,'eeebe9434c3d5241a022f0a4806913aa','Cacti Stats - Export Graphs (Legacy)','<path_cacti>/scripts/ss_poller.php ss_export',5),(20,'35b5b9184425856bfea58a564bde6a40','Cacti Stats - Export Duration (Legacy)','<path_cacti>/scripts/ss_poller.php ss_export',5),(21,'1040a9488d2e501c92775988a7764c97','Cacti Stats - Syslog Statistics','<path_cacti>/scripts/ss_poller.php ss_syslog_stats',5),(22,'677d42661935700e4c1f0490cb7f9860','Cacti Stats - Syslog Runtime','<path_cacti>/scripts/ss_poller.php ss_syslog_time',5),(23,'24b7d45245646cf7a55740f401f08035','Cacti Stats - Thold Runtime','<path_cacti>/scripts/ss_poller.php ss_thold_time',5),(24,'ba87a70974427cc0a303e9b34480397b','Cacti Stats - Boost Average Row Size','<path_cacti>/scripts/ss_poller.php ss_boost_avg_size',5),(25,'21db60a71526a131ca6556bedfacdfbf','Cacti Stats - Boost Records','<path_cacti>/scripts/ss_poller.php ss_boost_records',5),(26,'d9d758fdb1aad500fdd66b5b8a0aa636','Cacti Stats - Boost Table Size','<path_cacti>/scripts/ss_poller.php ss_boost_table',5),(27,'57bf4b03ad6d127f048fdc2309cbbd87','Cacti Stats - Boost Timing Detail','<path_cacti>/scripts/ss_poller.php ss_boost_timing',5),(28,'e4a60e4b8da9689294450dd161580dbd','Device - Polling Time','<path_cacti>/scripts/ss_hstats.php ss_hstats <host_id> polling_time',5),(29,'bb8130b897891fbcb8d77fb74cbc1d67','Device - Uptime','<path_cacti>/scripts/ss_hstats.php ss_hstats <host_id> uptime',5),(30,'65b66ec906cd11d474d3588a223ab7b3','Net-SNMP - Combined SCSI Disk I/O','<path_cacti>/scripts/ss_net_snmp_disk_io.php ss_net_snmp_disk_io <hostname>',5),(31,'d58b9cad6311a6b9652d49c0066e0582','Net-SNMP - Combined SCSI Disk Bytes','<path_cacti>/scripts/ss_net_snmp_disk_bytes.php ss_net_snmp_disk_bytes <hostname>',5),(32,'567ca3f6e345bb1328e79b714821d280','Percona Get Proc Stats/Interrupts IM','<path_php_binary> -q <path_cacti>/scripts/ss_get_by_ssh.php --host <hostname> --type proc_stat --items hl',1),(33,'1d3462c3aa7ed41835f51f68244e515d','Percona Get Proc Stats/Context Switches IM','<path_php_binary> -q <path_cacti>/scripts/ss_get_by_ssh.php --host <hostname> --type proc_stat --items hm',1),(34,'cf9a4947d51c8968a391d5649cc7b11c','Percona Get Proc Stats/Forks IM','<path_php_binary> -q <path_cacti>/scripts/ss_get_by_ssh.php --host <hostname> --type proc_stat --items hn',1),(35,'0db0db4b20e1d7adf46fd6f499b44dde','Percona Get Proc Stats/CPU Usage IM','<path_php_binary> -q <path_cacti>/scripts/ss_get_by_ssh.php --host <hostname> --type proc_stat --items gw,gx,gy,gz,hg,hh,hi,hj,hk',1),(36,'fe67435c9ec934bcb10cc04902dca33a','Percona Get W/Load Average IM','<path_php_binary> -q <path_cacti>/scripts/ss_get_by_ssh.php --host <hostname> --type w --items ho',1),(37,'d0324eda975ef51e8341d51cf65b0b38','Percona Get W/Number of Users IM','<path_php_binary> -q <path_cacti>/scripts/ss_get_by_ssh.php --host <hostname> --type w --items hp',1),(38,'38ee2a1a11fb6048276a34ca9c9f5e07','Percona Get Memory/Memory IM','<path_php_binary> -q <path_cacti>/scripts/ss_get_by_ssh.php --host <hostname> --type memory --items hq,hr,hs,ht,hu,hv',1),(39,'b39e9d92971b97c0a840edf77f522b88','Percona Get Disk Stats/Disk Operations IM','<path_php_binary> -q <path_cacti>/scripts/ss_get_by_ssh.php --host <hostname> --type diskstats --items iw,ix,jg,jh --device <device>',1),(40,'34a21857719e87d43e7d598254780086','Percona Get Disk Stats/Disk Sectors Read/Written IM','<path_php_binary> -q <path_cacti>/scripts/ss_get_by_ssh.php --host <hostname> --type diskstats --items iy,ji --device <device>',1),(41,'7957932af949ded5530778b5679722fc','Percona Get Disk Stats/Disk Read/Write Time (ms) IM','<path_php_binary> -q <path_cacti>/scripts/ss_get_by_ssh.php --host <hostname> --type diskstats --items iz,jj --device <device>',1),(42,'882fbc254e1a3f00fec300171b407a50','Percona Get Disk Stats/Disk Read/Write Time per IO Request (ms) IM','<path_php_binary> -q <path_cacti>/scripts/ss_get_by_ssh.php --host <hostname> --type diskstats --items iw,iz,jg,jj --device <device>',1),(43,'1517ce3f8e26d88dc5a6f41c03b290b6','Percona Get Disk Stats/Disk Elapsed IO Time (ms) IM','<path_php_binary> -q <path_cacti>/scripts/ss_get_by_ssh.php --host <hostname> --type diskstats --items jl,jm --device <device>',1),(44,'d4aba6c125256554536c2c0f621e76e4','Percona Get Disk Stats/Disk IOPS IM','<path_php_binary> -q <path_cacti>/scripts/ss_get_by_ssh.php --host <hostname> --type diskstats --items jk --device <device>',1),(45,'e56ea22ff237444ed332940cc85809cb','Percona Get Disk Space/Disk Space IM','<path_php_binary> -q <path_cacti>/scripts/ss_get_by_ssh.php --host <hostname> --type df --items nj,nk --volume <volume>',1),(46,'af305ec6086fae682791c767ee0276b5','Percona Get Network Traffic/Network Traffic IM','<path_php_binary> -q <path_cacti>/scripts/ss_get_by_ssh.php --host <hostname> --type netdev --items nl,nq --device <device>',1),(47,'02227c8a9e55450f70873364dc17dbf4','Percona Get Network Errors/Network Errors IM','<path_php_binary> -q <path_cacti>/scripts/ss_get_by_ssh.php --host <hostname> --type netdev --items nm,nn,no,np,nr,ns,nt,nu,nv --device <device>',1),(48,'1b45647c4bf8791ed4b768f01be322e9','Percona Get Network Connection States/Network Connection States IM','<path_php_binary> -q <path_cacti>/scripts/ss_get_by_ssh.php --host <hostname> --type netstat --items nw,nx,ny,nz,og,oh,oi,oj,ok,ol,om,on ',1),(49,'c4a6a2ce453b0d218580135d5f1e6379','Percona Get Swap Usage/Swap Usage IM','<path_php_binary> -q <path_cacti>/scripts/ss_get_by_ssh.php --host <hostname> --type vmstat --items oo,op ',1),(50,'3a1138260100a8ad7491f01cd320eafe','Percona Get Apache Stats/Apache Requests IM','<path_php_binary> -q <path_cacti>/scripts/ss_get_by_ssh.php --host <hostname> --type apache --items gg',1),(51,'e7c3bd09981bae0e500d91d4ed65b033','Percona Get Apache Stats/Apache Bytes IM','<path_php_binary> -q <path_cacti>/scripts/ss_get_by_ssh.php --host <hostname> --type apache --items gh',1),(52,'841efa5ccfdb22733a2bfdf131f7a6af','Percona Get Apache Stats/Apache CPU Load IM','<path_php_binary> -q <path_cacti>/scripts/ss_get_by_ssh.php --host <hostname> --type apache --items gk',1),(53,'93916a025f8888af6ae3c9bab9e6be16','Percona Get Apache Stats/Apache Workers IM','<path_php_binary> -q <path_cacti>/scripts/ss_get_by_ssh.php --host <hostname> --type apache --items gi,gj',1),(54,'493e4674df99947c33e1a85d37551e51','Percona Get Apache Stats/Apache Scoreboard IM','<path_php_binary> -q <path_cacti>/scripts/ss_get_by_ssh.php --host <hostname> --type apache --items gl,gm,gn,go,gp,gq,gr,gs,gt,gu,gv',1),(55,'6320f60a36204553a3f3eb5a0cbe3cf0','Percona Get MySQL Stats/MyISAM Indexes IM','<path_php_binary> -q <path_cacti>/scripts/ss_get_mysql_stats.php --host <hostname> --items gg,gh,gi,gj --user <username> --pass <password> --port <port> --server-id <serverid>',1),(56,'b3beeeac34ff6f5bb8fb016dc2823f12','Percona Get MySQL Stats/MyISAM Key Cache IM','<path_php_binary> -q <path_cacti>/scripts/ss_get_mysql_stats.php --host <hostname> --items og,oh,oi --user <username> --pass <password> --port <port> --server-id <serverid>',1),(57,'5e5197697ae02f2a202687ebb97f2e97','Percona Get MySQL Stats/InnoDB Buffer Pool IM','<path_php_binary> -q <path_cacti>/scripts/ss_get_mysql_stats.php --host <hostname> --items gq,gr,gs,gt --user <username> --pass <password> --port <port> --server-id <serverid>',1),(58,'7d353b85917b1971e0520a40f9dd1f1e','Percona Get MySQL Stats/InnoDB I/O IM','<path_php_binary> -q <path_cacti>/scripts/ss_get_mysql_stats.php --host <hostname> --items gx,gy,gz,hg --user <username> --pass <password> --port <port> --server-id <serverid>',1),(59,'2645dedd2ea931cbaf5bf47e3db63763','Percona Get MySQL Stats/InnoDB Insert Buffer IM','<path_php_binary> -q <path_cacti>/scripts/ss_get_mysql_stats.php --host <hostname> --items hq,hr,hs --user <username> --pass <password> --port <port> --server-id <serverid>',1),(60,'c81cfb6fa66a3ff71c94a7ed55eae2ec','Percona Get MySQL Stats/InnoDB Insert Buffer Usage IM','<path_php_binary> -q <path_cacti>/scripts/ss_get_mysql_stats.php --host <hostname> --items no,np,nq --user <username> --pass <password> --port <port> --server-id <serverid>',1),(61,'cf16a609e4bf368aa9722c354a672d73','Percona Get MySQL Stats/InnoDB Semaphores IM','<path_php_binary> -q <path_cacti>/scripts/ss_get_mysql_stats.php --host <hostname> --items ht,hu,hv --user <username> --pass <password> --port <port> --server-id <serverid>',1),(62,'4cd4a1b51de43e349587ac1191e2493a','Percona Get MySQL Stats/InnoDB Row Operations IM','<path_php_binary> -q <path_cacti>/scripts/ss_get_mysql_stats.php --host <hostname> --items hw,hx,hy,hz --user <username> --pass <password> --port <port> --server-id <serverid>',1),(63,'1152442f3f9cdf378632b8e0a7381f71','Percona Get MySQL Stats/MySQL Table Locks IM','<path_php_binary> -q <path_cacti>/scripts/ss_get_mysql_stats.php --host <hostname> --items ig,ih,ii --user <username> --pass <password> --port <port> --server-id <serverid>',1),(64,'6e1114c09420a4a3911e549f3bab790e','Percona Get MySQL Stats/MySQL Connections IM','<path_php_binary> -q <path_cacti>/scripts/ss_get_mysql_stats.php --host <hostname> --items ip,iq,ir,iu,ix,iz --user <username> --pass <password> --port <port> --server-id <serverid>',1),(65,'e9c0ac7839f867fff41b6bb31a0197ac','Percona Get MySQL Stats/MySQL Replication IM','<path_php_binary> -q <path_cacti>/scripts/ss_get_mysql_stats.php --host <hostname> --items jg,jh,ji,jj,jk --user <username> --pass <password> --port <port> --server-id <serverid>',1),(66,'8df187756a87c00434aa900062649301','Percona Get MySQL Stats/MySQL Query Cache IM','<path_php_binary> -q <path_cacti>/scripts/ss_get_mysql_stats.php --host <hostname> --items jn,jo,jp,jq,jr --user <username> --pass <password> --port <port> --server-id <serverid>',1),(67,'351ff9fcc681ed9b6158b300c46b0442','Percona Get MySQL Stats/MySQL Query Cache Memory IM','<path_php_binary> -q <path_cacti>/scripts/ss_get_mysql_stats.php --host <hostname> --items jl,jm,js,jt --user <username> --pass <password> --port <port> --server-id <serverid>',1),(68,'f432443f4222c3e87a89a3ae0d89bbfc','Percona Get MySQL Stats/MySQL Command Counters IM','<path_php_binary> -q <path_cacti>/scripts/ss_get_mysql_stats.php --host <hostname> --items ju,jv,jw,jx,jy,jz,kg,kh,ki,kj,kk --user <username> --pass <password> --port <port> --server-id <serverid>',1),(69,'8867049d5b38d19ffeaca629ff9dc1f6','Percona Get MySQL Stats/MySQL Select Types IM','<path_php_binary> -q <path_cacti>/scripts/ss_get_mysql_stats.php --host <hostname> --items kl,km,kn,ko,kp --user <username> --pass <password> --port <port> --server-id <serverid>',1),(70,'7f039b51462f5f9eb7a20b3377152b44','Percona Get MySQL Stats/MySQL Sorts IM','<path_php_binary> -q <path_cacti>/scripts/ss_get_mysql_stats.php --host <hostname> --items kq,kr,ks,kt --user <username> --pass <password> --port <port> --server-id <serverid>',1),(71,'523e081a07d958e7b642bdaab1ab5e37','Percona Get MySQL Stats/MySQL Temporary Objects IM','<path_php_binary> -q <path_cacti>/scripts/ss_get_mysql_stats.php --host <hostname> --items ku,kv,kw --user <username> --pass <password> --port <port> --server-id <serverid>',1),(72,'0dabeece58fb8b6deacbed3bc9076279','Percona Get MySQL Stats/MySQL Network Traffic IM','<path_php_binary> -q <path_cacti>/scripts/ss_get_mysql_stats.php --host <hostname> --items kx,ky --user <username> --pass <password> --port <port> --server-id <serverid>',1),(73,'34b7fe57a875f7508ef08f5f26908192','Percona Get MySQL Stats/InnoDB Buffer Pool Activity IM','<path_php_binary> -q <path_cacti>/scripts/ss_get_mysql_stats.php --host <hostname> --items gu,gv,gw --user <username> --pass <password> --port <port> --server-id <serverid>',1),(74,'eb9e9b0210dfd3e8d04ca5e4f2fa99c0','Percona Get MySQL Stats/InnoDB I/O Pending IM','<path_php_binary> -q <path_cacti>/scripts/ss_get_mysql_stats.php --host <hostname> --items hh,hi,hj,hk,hl,hm,hn,ho,hp --user <username> --pass <password> --port <port> --server-id <serverid>',1),(75,'54fd9a8b8b6a60ed8d66f5f4a71e49d1','Percona Get MySQL Stats/InnoDB Log IM','<path_php_binary> -q <path_cacti>/scripts/ss_get_mysql_stats.php --host <hostname> --items kz,lg,lh,li --user <username> --pass <password> --port <port> --server-id <serverid>',1),(76,'2205d3c2ac1d8f4cdcf5f6f51f510f5e','Percona Get MySQL Stats/MySQL Binary/Relay Logs IM','<path_php_binary> -q <path_cacti>/scripts/ss_get_mysql_stats.php --host <hostname> --items lj,ll,lm,ln --user <username> --pass <password> --port <port> --server-id <serverid>',1),(77,'4eaa3d6ccca5894624923d3e49cdb859','Percona Get MySQL Stats/InnoDB Transactions IM','<path_php_binary> -q <path_cacti>/scripts/ss_get_mysql_stats.php --host <hostname> --items gk,gl --user <username> --pass <password> --port <port> --server-id <serverid>',1),(78,'b87a5d417101e815ee8ad896e2ac66bb','Percona Get MySQL Stats/InnoDB Transactions Active/Locked IM','<path_php_binary> -q <path_cacti>/scripts/ss_get_mysql_stats.php --host <hostname> --items gm,gn,go,gp --user <username> --pass <password> --port <port> --server-id <serverid>',1),(79,'ba52c7a68e8c3ca86370472569d141b5','Percona Get MySQL Stats/MySQL Files and Tables IM','<path_php_binary> -q <path_cacti>/scripts/ss_get_mysql_stats.php --host <hostname> --items ij,ik,il,io --user <username> --pass <password> --port <port> --server-id <serverid>',1),(80,'f3060ab3a7e67f43617f145b959f0bfd','Percona Get MySQL Stats/MySQL Threads IM','<path_php_binary> -q <path_cacti>/scripts/ss_get_mysql_stats.php --host <hostname> --items it,iu,iv,iw,iy --user <username> --pass <password> --port <port> --server-id <serverid>',1),(81,'183248368488396581316becd0d7e3d0','Percona Get MySQL Stats/InnoDB Memory Allocation IM','<path_php_binary> -q <path_cacti>/scripts/ss_get_mysql_stats.php --host <hostname> --items nl,nm --user <username> --pass <password> --port <port> --server-id <serverid>',1),(82,'609fee6e584ebf0494849e520dfe7113','Percona Get MySQL Stats/InnoDB Adaptive Hash Index IM','<path_php_binary> -q <path_cacti>/scripts/ss_get_mysql_stats.php --host <hostname> --items nj,nk --user <username> --pass <password> --port <port> --server-id <serverid>',1),(83,'9bdc8ceb6aa4362f7367ad425b3fb91f','Percona Get MySQL Stats/InnoDB Internal Hash Memory Usage IM','<path_php_binary> -q <path_cacti>/scripts/ss_get_mysql_stats.php --host <hostname> --items nr,ns,nt,nu,nv,nw,nx --user <username> --pass <password> --port <port> --server-id <serverid>',1),(84,'6f3e1d8018935708aa53dd47b41117ff','Percona Get MySQL Stats/InnoDB Tables In Use IM','<path_php_binary> -q <path_cacti>/scripts/ss_get_mysql_stats.php --host <hostname> --items lo,nh --user <username> --pass <password> --port <port> --server-id <serverid>',1),(85,'d9050900f7c66bd270702f10d3b65f1f','Percona Get MySQL Stats/InnoDB Current Lock Waits IM','<path_php_binary> -q <path_cacti>/scripts/ss_get_mysql_stats.php --host <hostname> --items ni --user <username> --pass <password> --port <port> --server-id <serverid>',1),(86,'9956a9f92530dd2783d7af01bf009372','Percona Get MySQL Stats/InnoDB Lock Structures IM','<path_php_binary> -q <path_cacti>/scripts/ss_get_mysql_stats.php --host <hostname> --items lp --user <username> --pass <password> --port <port> --server-id <serverid>',1),(87,'dd79a9fc94eadde02a0a88867929b27c','Percona Get MySQL Stats/InnoDB Checkpoint Age IM','<path_php_binary> -q <path_cacti>/scripts/ss_get_mysql_stats.php --host <hostname> --items nn --user <username> --pass <password> --port <port> --server-id <serverid>',1),(88,'9a4bce05445d5525d812bb4a0228fff9','Percona Get MySQL Stats/InnoDB Row Lock Time IM','<path_php_binary> -q <path_cacti>/scripts/ss_get_mysql_stats.php --host <hostname> --items oj --user <username> --pass <password> --port <port> --server-id <serverid>',1),(89,'d7b63e62949e69cd3d7183e1257d7214','Percona Get MySQL Stats/InnoDB Row Lock Waits IM','<path_php_binary> -q <path_cacti>/scripts/ss_get_mysql_stats.php --host <hostname> --items ok --user <username> --pass <password> --port <port> --server-id <serverid>',1),(90,'ed8edb819a12225d370e91503ca31e0b','Percona Get MySQL Stats/InnoDB Semaphore Waits IM','<path_php_binary> -q <path_cacti>/scripts/ss_get_mysql_stats.php --host <hostname> --items ny --user <username> --pass <password> --port <port> --server-id <serverid>',1),(91,'2a4eb423ea00daa984e873c866756499','Percona Get MySQL Stats/InnoDB Semaphore Wait Time IM','<path_php_binary> -q <path_cacti>/scripts/ss_get_mysql_stats.php --host <hostname> --items nz --user <username> --pass <password> --port <port> --server-id <serverid>',1),(92,'72b047fd9e1573caf94f00a872835b6a','Percona Get MySQL Stats/MySQL Processlist IM','<path_php_binary> -q <path_cacti>/scripts/ss_get_mysql_stats.php --host <hostname> --items lq,lr,ls,lt,lu,lv,lw,lx,ly,lz,mg,mh,mi,mj,mk,ml --user <username> --pass <password> --port <port> --server-id <serverid>',1),(93,'b3c2892eaa4a1c3c4f03d176e4dc04b0','Percona Get MySQL Stats/MySQL Transaction Handler IM','<path_php_binary> -q <path_cacti>/scripts/ss_get_mysql_stats.php --host <hostname> --items mm,mw,mx,my --user <username> --pass <password> --port <port> --server-id <serverid>',1),(94,'c245e15cc8f12b9c21eb0a2d6790e11a','Percona Get MySQL Stats/MySQL Handlers IM','<path_php_binary> -q <path_cacti>/scripts/ss_get_mysql_stats.php --host <hostname> --items mn,mq,mr,ms,mt,mu,mv,mz,ng --user <username> --pass <password> --port <port> --server-id <serverid>',1),(95,'380e0845ae1e8577bb10877f6acccc7d','Percona Get MySQL Stats/MySQL Query Time Histogram (Count) IM','<path_php_binary> -q <path_cacti>/scripts/ss_get_mysql_stats.php --host <hostname> --items ol,om,on,oo,op,oq,or,os,ot,ou,ov,ow,ox,oy --user <username> --pass <password> --port <port> --server-id <serverid>',1),(96,'cb1b17eebe006186fc0c0dc733e099a6','Percona Get MySQL Stats/MySQL Query Response Time (Microseconds) IM','<path_php_binary> -q <path_cacti>/scripts/ss_get_mysql_stats.php --host <hostname> --items oz,pg,ph,pi,pj,pk,pl,pm,pn,po,pp,pq,pr,ps --user <username> --pass <password> --port <port> --server-id <serverid>',1),(97,'81e23a94026e7252453f4b45aac75644','Percona Get MySQL Stats/InnoDB Buffer Pool Efficiency IM','<path_php_binary> -q <path_cacti>/scripts/ss_get_mysql_stats.php --host <hostname> --items qo,qp --user <username> --pass <password> --port <port> --server-id <serverid>',1);
/*!40000 ALTER TABLE `data_input` ENABLE KEYS */;
UNLOCK TABLES;

--
-- Table structure for table `data_input_data`
--

DROP TABLE IF EXISTS `data_input_data`;
/*!40101 SET @saved_cs_client     = @@character_set_client */;
/*!40101 SET character_set_client = utf8 */;
CREATE TABLE `data_input_data` (
  `data_input_field_id` mediumint(8) unsigned NOT NULL DEFAULT '0',
  `data_template_data_id` mediumint(8) unsigned NOT NULL DEFAULT '0',
  `t_value` char(2) COLLATE utf8mb4_unicode_ci DEFAULT NULL,
  `value` mediumtext COLLATE utf8mb4_unicode_ci,
  PRIMARY KEY (`data_input_field_id`,`data_template_data_id`),
  KEY `t_value` (`t_value`)
) ENGINE=InnoDB DEFAULT CHARSET=utf8mb4 COLLATE=utf8mb4_unicode_ci;
/*!40101 SET character_set_client = @saved_cs_client */;

--
-- Dumping data for table `data_input_data`
--

LOCK TABLES `data_input_data` WRITE;
/*!40000 ALTER TABLE `data_input_data` DISABLE KEYS */;
INSERT INTO `data_input_data` VALUES (1,4,'',''),(1,5,'',''),(1,6,'',''),(1,19,'',''),(1,20,'',''),(1,22,'',''),(1,23,'',''),(1,24,'',''),(1,25,'',''),(1,26,'',''),(1,27,'',''),(1,30,'',''),(1,31,'',''),(1,32,'',''),(1,33,'',''),(1,34,'',''),(1,35,'',''),(1,42,'',''),(1,43,'',''),(1,44,'',''),(1,45,'',''),(1,46,'',''),(1,47,'',''),(1,48,'',''),(1,49,'',''),(1,50,'',''),(1,51,'',''),(1,52,'',''),(1,53,'',''),(1,54,'',''),(1,55,'',''),(1,58,'',''),(1,59,'',''),(1,61,'',''),(1,68,'',''),(2,4,'',''),(2,5,'',''),(2,6,'',''),(2,19,'',''),(2,20,'',''),(2,22,'',''),(2,23,'',''),(2,24,'',''),(2,25,'',''),(2,26,'',''),(2,27,'',''),(2,30,'',''),(2,31,'',''),(2,32,'',''),(2,33,'',''),(2,34,'',''),(2,35,'',''),(2,42,'',''),(2,43,'',''),(2,44,'',''),(2,45,'',''),(2,46,'',''),(2,47,'',''),(2,48,'',''),(2,49,'',''),(2,50,'',''),(2,51,'',''),(2,52,'',''),(2,53,'',''),(2,54,'',''),(2,55,'',''),(2,58,'',''),(2,59,'',''),(2,61,'',''),(2,68,'',''),(3,4,'',''),(3,5,'',''),(3,6,'',''),(3,19,'',''),(3,20,'',''),(3,22,'',''),(3,23,'',''),(3,24,'',''),(3,25,'',''),(3,26,'',''),(3,27,'',''),(3,30,'',''),(3,32,'',''),(3,33,'',''),(3,35,'',''),(3,42,'',''),(3,43,'',''),(3,44,'',''),(3,45,'',''),(3,46,'',''),(3,47,'',''),(3,48,'',''),(3,49,'',''),(3,50,'',''),(3,51,'',''),(3,52,'',''),(3,53,'',''),(3,54,'',''),(3,55,'',''),(4,27,'',''),(4,35,'',''),(4,42,'',''),(4,43,'',''),(4,44,'',''),(4,45,'',''),(4,46,'',''),(4,47,'',''),(4,48,'',''),(4,49,'',''),(4,50,'',''),(4,51,'',''),(4,52,'',''),(4,53,'',''),(4,54,'',''),(4,55,'',''),(5,27,'',''),(5,35,'',''),(5,42,'',''),(5,43,'',''),(5,44,'',''),(5,45,'',''),(5,46,'',''),(5,47,'',''),(5,48,'',''),(5,49,'',''),(5,50,'',''),(5,51,'',''),(5,52,'',''),(5,53,'',''),(5,54,'',''),(5,55,'',''),(6,27,'','.1.3.6.1.4.1.9.2.1.58.0'),(6,35,'on',''),(6,42,'','.1.3.6.1.4.1.2021.10.1.3.1'),(6,43,'','.1.3.6.1.4.1.2021.10.1.3.2'),(6,44,'','.1.3.6.1.4.1.2021.10.1.3.3'),(6,45,'','.1.3.6.1.4.1.2021.4.14.0'),(6,46,'','.1.3.6.1.4.1.2021.4.6.0'),(6,47,'','.1.3.6.1.4.1.2021.4.15.0'),(6,48,'','.1.3.6.1.4.1.2021.4.5.0'),(6,49,'','.1.3.6.1.2.1.25.1.5.0'),(6,50,'','.1.3.6.1.2.1.25.1.6.0'),(6,51,'','.1.3.6.1.4.1.2021.11.10.0'),(6,52,'','.1.3.6.1.4.1.2021.11.9.0'),(6,53,'','.1.3.6.1.4.1.2021.11.11.0'),(6,54,'','.1.3.6.1.4.1.2021.11.7.0'),(6,55,'','.1.3.6.1.4.1.2021.11.8.0'),(7,30,'',''),(7,31,'',''),(7,32,'',''),(7,33,'',''),(7,58,'',''),(7,61,'',''),(8,30,'',''),(8,31,'',''),(8,32,'',''),(8,33,'',''),(8,58,'',''),(8,61,'',''),(9,30,'',''),(9,31,'',''),(9,32,'',''),(9,33,'',''),(9,58,'',''),(9,61,'',''),(10,30,'',''),(10,31,'',''),(10,32,'',''),(10,33,'',''),(10,58,'',''),(10,61,'',''),(11,30,'',''),(11,31,'',''),(11,32,'',''),(11,33,'',''),(11,58,'',''),(11,61,'',''),(12,30,'on',''),(12,31,'on',''),(12,32,'on',''),(12,33,'on',''),(12,58,'on',''),(12,61,'on',''),(13,30,'on',''),(13,31,'on',''),(13,32,'on',''),(13,33,'on',''),(13,58,'on',''),(13,61,'on',''),(14,30,'on',''),(14,31,'on',''),(14,32,'on',''),(14,33,'on',''),(14,58,'on',''),(14,61,'on',''),(20,38,'',''),(20,64,'',''),(22,39,'','MemFree:'),(22,40,'','SwapFree:'),(22,65,'','MemFree:'),(22,66,'','SwapFree:'),(29,34,'',''),(31,41,'on',''),(32,41,'on',''),(33,41,'on',''),(35,17,'',''),(35,18,'',''),(35,19,'',''),(35,20,'',''),(35,21,'',''),(35,22,'',''),(35,23,'',''),(35,24,'',''),(35,25,'',''),(35,26,'',''),(35,59,'on',''),(35,60,'on',''),(36,17,'',''),(36,18,'',''),(36,19,'',''),(36,20,'',''),(36,21,'',''),(36,22,'',''),(36,23,'',''),(36,24,'',''),(36,25,'',''),(36,26,'',''),(36,59,'on',''),(36,60,'on',''),(37,17,'',''),(37,18,'',''),(37,19,'',''),(37,20,'',''),(37,21,'',''),(37,22,'',''),(37,23,'',''),(37,24,'',''),(37,25,'',''),(37,26,'',''),(37,59,'on',''),(37,60,'on',''),(39,30,'',''),(39,31,'',''),(39,32,'',''),(39,33,'',''),(39,58,'',''),(40,27,'',''),(40,35,'',''),(40,42,'',''),(40,43,'',''),(40,44,'',''),(40,45,'',''),(40,46,'',''),(40,47,'',''),(40,48,'',''),(40,49,'',''),(40,50,'',''),(40,51,'',''),(40,52,'',''),(40,53,'',''),(40,54,'',''),(40,55,'',''),(41,27,'',''),(41,35,'',''),(41,42,'',''),(41,43,'',''),(41,44,'',''),(41,45,'',''),(41,46,'',''),(41,47,'',''),(41,48,'',''),(41,49,'',''),(41,50,'',''),(41,51,'',''),(41,52,'',''),(41,53,'',''),(41,54,'',''),(41,55,'',''),(42,27,'',''),(42,35,'',''),(42,42,'',''),(42,43,'',''),(42,44,'',''),(42,45,'',''),(42,46,'',''),(42,47,'',''),(42,48,'',''),(42,49,'',''),(42,50,'',''),(42,51,'',''),(42,52,'',''),(42,53,'',''),(42,54,'',''),(42,55,'',''),(43,27,'',''),(43,35,'',''),(43,42,'',''),(43,43,'',''),(43,44,'',''),(43,45,'',''),(43,46,'',''),(43,47,'',''),(43,48,'',''),(43,49,'',''),(43,50,'',''),(43,51,'',''),(43,52,'',''),(43,53,'',''),(43,54,'',''),(43,55,'',''),(44,30,'',''),(44,58,'',''),(45,30,'',''),(45,58,'',''),(46,30,'',''),(46,58,'',''),(89,28,'',''),(91,29,'',''),(93,56,'',''),(96,57,'',''),(99,67,'',''),(101,68,'',''),(103,69,'',''),(103,158,NULL,'d1.wolk.com'),(103,171,NULL,'c0.wolk.com'),(103,182,NULL,'c1.wolk.com'),(103,198,NULL,'localhost'),(103,231,NULL,'c2.wolk.com'),(103,242,NULL,'c3.wolk.com'),(103,254,NULL,'c4.wolk.com'),(103,265,NULL,'c5.wolk.com'),(103,276,NULL,'c6.wolk.com'),(103,287,NULL,'c7.wolk.com'),(103,298,NULL,'d0.wolk.com'),(103,309,NULL,'d2.wolk.com'),(103,320,NULL,'d4.wolk.com'),(103,331,NULL,'d6.wolk.com'),(103,342,NULL,'d7.wolk.com'),(105,70,'',''),(105,159,NULL,'d1.wolk.com'),(105,172,NULL,'c0.wolk.com'),(105,183,NULL,'c1.wolk.com'),(105,199,NULL,'localhost'),(105,232,NULL,'c2.wolk.com'),(105,243,NULL,'c3.wolk.com'),(105,255,NULL,'c4.wolk.com'),(105,266,NULL,'c5.wolk.com'),(105,277,NULL,'c6.wolk.com'),(105,288,NULL,'c7.wolk.com'),(105,299,NULL,'d0.wolk.com'),(105,310,NULL,'d2.wolk.com'),(105,321,NULL,'d4.wolk.com'),(105,332,NULL,'d6.wolk.com'),(105,343,NULL,'d7.wolk.com'),(115,71,'',''),(115,160,NULL,'d1.wolk.com'),(115,173,NULL,'c0.wolk.com'),(115,184,NULL,'c1.wolk.com'),(115,200,NULL,'localhost'),(115,233,NULL,'c2.wolk.com'),(115,244,NULL,'c3.wolk.com'),(115,256,NULL,'c4.wolk.com'),(115,267,NULL,'c5.wolk.com'),(115,278,NULL,'c6.wolk.com'),(115,289,NULL,'c7.wolk.com'),(115,300,NULL,'d0.wolk.com'),(115,311,NULL,'d2.wolk.com'),(115,322,NULL,'d4.wolk.com'),(115,333,NULL,'d6.wolk.com'),(115,344,NULL,'d7.wolk.com'),(117,72,'',''),(117,161,NULL,'d1.wolk.com'),(117,174,NULL,'c0.wolk.com'),(117,185,NULL,'c1.wolk.com'),(117,234,NULL,'c2.wolk.com'),(117,245,NULL,'c3.wolk.com'),(117,257,NULL,'c4.wolk.com'),(117,268,NULL,'c5.wolk.com'),(117,279,NULL,'c6.wolk.com'),(117,290,NULL,'c7.wolk.com'),(117,301,NULL,'d0.wolk.com'),(117,312,NULL,'d2.wolk.com'),(117,323,NULL,'d4.wolk.com'),(117,334,NULL,'d6.wolk.com'),(117,345,NULL,'d7.wolk.com'),(119,73,'',''),(119,162,NULL,'d1.wolk.com'),(119,175,NULL,'c0.wolk.com'),(119,186,NULL,'c1.wolk.com'),(119,202,NULL,'localhost'),(119,235,NULL,'c2.wolk.com'),(119,246,NULL,'c3.wolk.com'),(119,258,NULL,'c4.wolk.com'),(119,269,NULL,'c5.wolk.com'),(119,280,NULL,'c6.wolk.com'),(119,291,NULL,'c7.wolk.com'),(119,302,NULL,'d0.wolk.com'),(119,313,NULL,'d2.wolk.com'),(119,324,NULL,'d4.wolk.com'),(119,335,NULL,'d6.wolk.com'),(119,346,NULL,'d7.wolk.com'),(126,74,'',''),(127,74,'on',''),(132,75,'',''),(133,75,'on',''),(136,76,'',''),(137,76,'on',''),(140,77,'',''),(141,77,'on',''),(146,78,'',''),(147,78,'on',''),(150,79,'',''),(151,79,'on',''),(153,80,'',''),(153,165,NULL,'d1.wolk.com'),(153,178,NULL,'c0.wolk.com'),(153,189,'','c1.wolk.com'),(153,205,NULL,'localhost'),(153,238,NULL,'c2.wolk.com'),(153,250,'','c3.wolk.com'),(153,261,NULL,'c4.wolk.com'),(153,272,NULL,'c5.wolk.com'),(153,283,NULL,'c6.wolk.com'),(153,294,NULL,'c7.wolk.com'),(153,305,NULL,'d0.wolk.com'),(153,316,NULL,'d2.wolk.com'),(153,327,NULL,'d4.wolk.com'),(153,338,NULL,'d6.wolk.com'),(153,349,NULL,'d7.wolk.com'),(154,80,'on',''),(154,165,'','/dev/sda1'),(154,178,'','/dev/sda1'),(154,189,'','/dev/sda1'),(154,205,'','/dev/sda1'),(154,238,'','/dev/sda1'),(154,250,'','/dev/sda1'),(154,261,'','/dev/sda1'),(154,272,'','/dev/sda1'),(154,283,'','/dev/sda1'),(154,294,'','/dev/sda1'),(154,305,'','/dev/sda1'),(154,316,'','/dev/sda1'),(154,327,'','/dev/sda1'),(154,338,'','/dev/sda1'),(154,349,'','/dev/sda1'),(157,81,'',''),(157,167,NULL,'d1.wolk.com'),(157,179,NULL,'c0.wolk.com'),(157,190,NULL,'c1.wolk.com'),(157,206,NULL,'localhost'),(157,239,NULL,'c2.wolk.com'),(157,251,NULL,'c3.wolk.com'),(157,262,NULL,'c4.wolk.com'),(157,273,NULL,'c5.wolk.com'),(157,284,NULL,'c6.wolk.com'),(157,295,NULL,'c7.wolk.com'),(157,306,NULL,'d0.wolk.com'),(157,317,NULL,'d2.wolk.com'),(157,328,NULL,'d4.wolk.com'),(157,339,NULL,'d6.wolk.com'),(157,350,NULL,'d7.wolk.com'),(158,81,'on',''),(158,167,'','eth0'),(158,179,'','eth0'),(158,190,'','eth0'),(158,206,'','eth0'),(158,239,'','eth0'),(158,251,'','eth0'),(158,262,'','eth0'),(158,273,'','eth0'),(158,284,'','eth0'),(158,295,'','eth0'),(158,306,'','eth0'),(158,317,'','eth0'),(158,328,'','eth0'),(158,339,'','eth0'),(158,350,'','eth0'),(161,82,'',''),(162,82,'on',''),(172,83,'',''),(172,163,NULL,'d1.wolk.com'),(172,176,NULL,'c0.wolk.com'),(172,187,NULL,'c1.wolk.com'),(172,203,NULL,'localhost'),(172,236,NULL,'c2.wolk.com'),(172,247,NULL,'c3.wolk.com'),(172,259,NULL,'c4.wolk.com'),(172,270,NULL,'c5.wolk.com'),(172,281,NULL,'c6.wolk.com'),(172,292,NULL,'c7.wolk.com'),(172,303,NULL,'d0.wolk.com'),(172,314,NULL,'d2.wolk.com'),(172,325,NULL,'d4.wolk.com'),(172,336,NULL,'d6.wolk.com'),(172,347,NULL,'d7.wolk.com'),(185,84,'',''),(188,85,'',''),(188,191,NULL,'localhost'),(190,86,'',''),(190,192,NULL,'localhost'),(192,87,'',''),(192,193,NULL,'localhost'),(194,88,'',''),(194,194,NULL,'localhost'),(197,89,'',''),(197,195,NULL,'localhost'),(209,90,'',''),(210,90,'',''),(211,90,'',''),(212,90,'',''),(213,90,'',''),(218,91,'',''),(219,91,'',''),(220,91,'',''),(221,91,'',''),(222,91,'',''),(226,92,'',''),(227,92,'',''),(228,92,'',''),(229,92,'',''),(230,92,'',''),(235,93,'',''),(236,93,'',''),(237,93,'',''),(238,93,'',''),(239,93,'',''),(244,94,'',''),(245,94,'',''),(246,94,'',''),(247,94,'',''),(248,94,'',''),(252,95,'',''),(253,95,'',''),(254,95,'',''),(255,95,'',''),(256,95,'',''),(260,96,'',''),(261,96,'',''),(262,96,'',''),(263,96,'',''),(264,96,'',''),(268,97,'',''),(269,97,'',''),(270,97,'',''),(271,97,'',''),(272,97,'',''),(277,98,'',''),(278,98,'',''),(279,98,'',''),(280,98,'',''),(281,98,'',''),(285,99,'',''),(286,99,'',''),(287,99,'',''),(288,99,'',''),(289,99,'',''),(296,100,'',''),(297,100,'',''),(298,100,'',''),(299,100,'',''),(300,100,'',''),(306,101,'',''),(307,101,'',''),(308,101,'',''),(309,101,'',''),(310,101,'',''),(316,102,'',''),(317,102,'',''),(318,102,'',''),(319,102,'',''),(320,102,'',''),(325,103,'',''),(326,103,'',''),(327,103,'',''),(328,103,'',''),(329,103,'',''),(341,104,'',''),(342,104,'',''),(343,104,'',''),(344,104,'',''),(345,104,'',''),(351,105,'',''),(352,105,'',''),(353,105,'',''),(354,105,'',''),(355,105,'',''),(360,106,'',''),(361,106,'',''),(362,106,'',''),(363,106,'',''),(364,106,'',''),(368,107,'',''),(369,107,'',''),(370,107,'',''),(371,107,'',''),(372,107,'',''),(375,108,'',''),(376,108,'',''),(377,108,'',''),(378,108,'',''),(379,108,'',''),(383,109,'',''),(384,109,'',''),(385,109,'',''),(386,109,'',''),(387,109,'',''),(397,110,'',''),(398,110,'',''),(399,110,'',''),(400,110,'',''),(401,110,'',''),(406,111,'',''),(407,111,'',''),(408,111,'',''),(409,111,'',''),(410,111,'',''),(415,112,'',''),(416,112,'',''),(417,112,'',''),(418,112,'',''),(419,112,'',''),(422,113,'',''),(423,113,'',''),(424,113,'',''),(425,113,'',''),(426,113,'',''),(431,114,'',''),(432,114,'',''),(433,114,'',''),(434,114,'',''),(435,114,'',''),(440,115,'',''),(441,115,'',''),(442,115,'',''),(443,115,'',''),(444,115,'',''),(450,116,'',''),(451,116,'',''),(452,116,'',''),(453,116,'',''),(454,116,'',''),(457,117,'',''),(458,117,'',''),(459,117,'',''),(460,117,'',''),(461,117,'',''),(464,118,'',''),(465,118,'',''),(466,118,'',''),(467,118,'',''),(468,118,'',''),(476,119,'',''),(477,119,'',''),(478,119,'',''),(479,119,'',''),(480,119,'',''),(483,120,'',''),(484,120,'',''),(485,120,'',''),(486,120,'',''),(487,120,'',''),(489,121,'',''),(490,121,'',''),(491,121,'',''),(492,121,'',''),(493,121,'',''),(495,122,'',''),(496,122,'',''),(497,122,'',''),(498,122,'',''),(499,122,'',''),(501,123,'',''),(502,123,'',''),(503,123,'',''),(504,123,'',''),(505,123,'',''),(507,124,'',''),(508,124,'',''),(509,124,'',''),(510,124,'',''),(511,124,'',''),(513,125,'',''),(514,125,'',''),(515,125,'',''),(516,125,'',''),(517,125,'',''),(519,126,'',''),(520,126,'',''),(521,126,'',''),(522,126,'',''),(523,126,'',''),(525,127,'',''),(526,127,'',''),(527,127,'',''),(528,127,'',''),(529,127,'',''),(546,128,'',''),(547,128,'',''),(548,128,'',''),(549,128,'',''),(550,128,'',''),(555,129,'',''),(556,129,'',''),(557,129,'',''),(558,129,'',''),(559,129,'',''),(569,130,'',''),(570,130,'',''),(571,130,'',''),(572,130,'',''),(573,130,'',''),(588,131,'',''),(589,131,'',''),(590,131,'',''),(591,131,'',''),(592,131,'',''),(607,132,'',''),(608,132,'',''),(609,132,'',''),(610,132,'',''),(611,132,'','');
/*!40000 ALTER TABLE `data_input_data` ENABLE KEYS */;
UNLOCK TABLES;

--
-- Table structure for table `data_input_fields`
--

DROP TABLE IF EXISTS `data_input_fields`;
/*!40101 SET @saved_cs_client     = @@character_set_client */;
/*!40101 SET character_set_client = utf8 */;
CREATE TABLE `data_input_fields` (
  `id` mediumint(8) unsigned NOT NULL AUTO_INCREMENT,
  `hash` varchar(32) COLLATE utf8mb4_unicode_ci NOT NULL DEFAULT '',
  `data_input_id` mediumint(8) unsigned NOT NULL DEFAULT '0',
  `name` varchar(200) COLLATE utf8mb4_unicode_ci NOT NULL DEFAULT '',
  `data_name` varchar(50) COLLATE utf8mb4_unicode_ci NOT NULL DEFAULT '',
  `input_output` char(3) COLLATE utf8mb4_unicode_ci NOT NULL DEFAULT '',
  `update_rra` char(2) COLLATE utf8mb4_unicode_ci DEFAULT '0',
  `sequence` smallint(5) NOT NULL DEFAULT '0',
  `type_code` varchar(40) COLLATE utf8mb4_unicode_ci DEFAULT NULL,
  `regexp_match` varchar(200) COLLATE utf8mb4_unicode_ci DEFAULT NULL,
  `allow_nulls` char(2) COLLATE utf8mb4_unicode_ci DEFAULT NULL,
  PRIMARY KEY (`id`),
  KEY `data_input_id` (`data_input_id`),
  KEY `input_output` (`input_output`),
  KEY `type_code_data_input_id` (`type_code`,`data_input_id`)
) ENGINE=InnoDB AUTO_INCREMENT=614 DEFAULT CHARSET=utf8mb4 COLLATE=utf8mb4_unicode_ci;
/*!40101 SET character_set_client = @saved_cs_client */;

--
-- Dumping data for table `data_input_fields`
--

LOCK TABLES `data_input_fields` WRITE;
/*!40000 ALTER TABLE `data_input_fields` DISABLE KEYS */;
INSERT INTO `data_input_fields` VALUES (1,'92f5906c8dc0f964b41f4253df582c38',1,'SNMP IP Address','management_ip','in','',0,'hostname','',''),(2,'32285d5bf16e56c478f5e83f32cda9ef',1,'SNMP Community','snmp_community','in','',0,'snmp_community','',''),(3,'ad14ac90641aed388139f6ba86a2e48b',1,'SNMP Username','snmp_username','in','',0,'snmp_username','','on'),(4,'9c55a74bd571b4f00a96fd4b793278c6',1,'SNMP Password','snmp_password','in','',0,'snmp_password','','on'),(5,'012ccb1d3687d3edb29c002ea66e72da',1,'SNMP Version (1, 2, or 3)','snmp_version','in','',0,'snmp_version','','on'),(6,'4276a5ec6e3fe33995129041b1909762',1,'OID','oid','in','',0,'snmp_oid','',''),(7,'617cdc8a230615e59f06f361ef6e7728',2,'SNMP IP Address','management_ip','in','',0,'hostname','',''),(8,'acb449d1451e8a2a655c2c99d31142c7',2,'SNMP Community','snmp_community','in','',0,'snmp_community','',''),(9,'f4facc5e2ca7ebee621f09bc6d9fc792',2,'SNMP Username (v3)','snmp_username','in','',0,'snmp_username','','on'),(10,'1cc1493a6781af2c478fa4de971531cf',2,'SNMP Password (v3)','snmp_password','in','',0,'snmp_password','','on'),(11,'b5c23f246559df38662c255f4aa21d6b',2,'SNMP Version (1, 2, or 3)','snmp_version','in','',0,'snmp_version','',''),(12,'6027a919c7c7731fbe095b6f53ab127b',2,'Index Type','index_type','in','',0,'index_type','',''),(13,'cbbe5c1ddfb264a6e5d509ce1c78c95f',2,'Index Value','index_value','in','',0,'index_value','',''),(14,'e6deda7be0f391399c5130e7c4a48b28',2,'Output Type ID','output_type','in','',0,'output_type','',''),(15,'edfd72783ad02df128ff82fc9324b4b9',3,'Disk Partition','partition','in','',1,'','',''),(16,'8b75fb61d288f0b5fc0bd3056af3689b',3,'Kilobytes Free','kilobytes','out','on',0,'','',''),(17,'363588d49b263d30aecb683c52774f39',4,'1 Minute Average','1min','out','on',0,'','',''),(18,'ad139a9e1d69881da36fca07889abf58',4,'5 Minute Average','5min','out','on',0,'','',''),(19,'5db9fee64824c08258c7ff6f8bc53337',4,'10 Minute Average','10min','out','on',0,'','',''),(20,'c0cfd0beae5e79927c5a360076706820',5,'Username (Optional)','username','in','',1,'','','on'),(21,'52c58ad414d9a2a83b00a7a51be75a53',5,'Logged In Users','users','out','on',0,'','',''),(22,'05eb5d710f0814871b8515845521f8d7',6,'Grep String','grepstr','in','',1,'','',''),(23,'86cb1cbfde66279dbc7f1144f43a3219',6,'Result (in Kilobytes)','kilobytes','out','on',0,'','',''),(24,'d5a8dd5fbe6a5af11667c0039af41386',7,'Number of Processes','proc','out','on',0,'','',''),(25,'8848cdcae831595951a3f6af04eec93b',8,'Grep String','grepstr','in','',1,'','','on'),(26,'3d1288d33008430ce354e8b9c162f7ff',8,'Connections','connections','out','on',0,'','',''),(27,'c6af570bb2ed9c84abf32033702e2860',9,'(Optional) Log Path','log_path','in','',1,'','','on'),(28,'f9389860f5c5340c9b27fca0b4ee5e71',9,'Web Hits','webhits','out','on',0,'','',''),(29,'5fbadb91ad66f203463c1187fe7bd9d5',10,'IP Address','hostname','in','',1,'hostname','',''),(30,'6ac4330d123c69067d36a933d105e89a',10,'Milliseconds','out_ms','out','on',0,'','',''),(31,'d39556ecad6166701bfb0e28c5a11108',11,'Index Type','index_type','in','',0,'index_type','',''),(32,'3b7caa46eb809fc238de6ef18b6e10d5',11,'Index Value','index_value','in','',0,'index_value','',''),(33,'74af2e42dc12956c4817c2ef5d9983f9',11,'Output Type ID','output_type','in','',0,'output_type','',''),(34,'8ae57f09f787656bf4ac541e8bd12537',11,'Output Value','output','out','on',0,'','',''),(35,'172b4b0eacee4948c6479f587b62e512',12,'Index Type','index_type','in','',0,'index_type','',''),(36,'30fb5d5bcf3d66bb5abe88596f357c26',12,'Index Value','index_value','in','',0,'index_value','',''),(37,'31112c85ae4ff821d3b288336288818c',12,'Output Type ID','output_type','in','',0,'output_type','',''),(38,'5be8fa85472d89c621790b43510b5043',12,'Output Value','output','out','on',0,'','',''),(39,'c1f36ee60c3dc98945556d57f26e475b',2,'SNMP Port','snmp_port','in','',0,'snmp_port','',''),(40,'fc64b99742ec417cc424dbf8c7692d36',1,'SNMP Port','snmp_port','in','',0,'snmp_port','',''),(41,'20832ce12f099c8e54140793a091af90',1,'SNMP Authenticaion Protocol (v3)','snmp_auth_protocol','in','',0,'snmp_auth_protocol','',''),(42,'c60c9aac1e1b3555ea0620b8bbfd82cb',1,'SNMP Privacy Passphrase (v3)','snmp_priv_passphrase','in','',0,'snmp_priv_passphrase','',''),(43,'feda162701240101bc74148415ef415a',1,'SNMP Privacy Protocol (v3)','snmp_priv_protocol','in','',0,'snmp_priv_protocol','',''),(44,'2cf7129ad3ff819a7a7ac189bee48ce8',2,'SNMP Authenticaion Protocol (v3)','snmp_auth_protocol','in','',0,'snmp_auth_protocol','',''),(45,'6b13ac0a0194e171d241d4b06f913158',2,'SNMP Privacy Passphrase (v3)','snmp_priv_passphrase','in','',0,'snmp_priv_passphrase','',''),(46,'3a33d4fc65b8329ab2ac46a36da26b72',2,'SNMP Privacy Protocol (v3)','snmp_priv_protocol','in','',0,'snmp_priv_protocol','',''),(47,'03ffd37fd55813d2d25bcd34967f2bcb',13,'Number of all processed rrds','RRDsProcessed','out','on',0,'','',''),(48,'15cfbcb8b34f83e6f088103ee83b22a8',13,'Number of all data sources','DataSources','out','on',0,'','',''),(49,'c39772d17f7cd0ba6ae330bb1bdbf607',13,'Hosts per Process','HostsPerProcess','out','on',0,'','',''),(50,'fdd660a8c8cee48696c6265882f0c14c',13,'Number of all Hosts','Hosts','out','on',0,'','',''),(51,'a63f6464addc92837bde2a091eb25b64',13,'Maximum Threads per Process','Threads','out','on',0,'','',''),(52,'cc25e6d384d698c928db02d43c16aeed',13,'Maximum Concurrent Poller Processes','Processes','out','on',0,'','',''),(53,'4b9d7d50fbef23d98e4445b444aa76e9',13,'Time for last poller run','Time','out','on',0,'','',''),(54,'f83b18feedf42a2ce3b00faa8b33f9ae',14,'Runtime of Boost Server','Time','out','on',0,'','',''),(55,'9004fc36a705da8c629059d1157d1afa',14,'Number of rrd file updates','RRDUpdates','out','on',0,'','',''),(56,'b3f6a82762aef7c767174e2b7db1efe5',15,'# of SNMP polls','snmp','out','on',0,'','',''),(57,'647d57d2e5e47684d21dbc8f2e291b47',15,'# of script polls','script','out','on',0,'','',''),(58,'9de4cbb821bac56bdf37862658c2713d',15,'# of script server entries','script_server','out','on',0,'','',''),(59,'b2bc32657a7fe9b90dafabff5ea4a966',16,'Recaching Time','RecacheTime','out','on',0,'','',''),(60,'a359a5b959303937b7a3952925c24ea7',16,'Number of Recached Devices','DevicesRecached','out','on',0,'','',''),(61,'ee27944f37ae0ed5d3e2e36f3389c507',17,'Boost Peak Memory usage','boost_peak_memory','out','on',0,'','',''),(62,'781b8a3655e9c94772178de16aa2a3dc',18,'number of valid logins','valid','out','on',0,'','',''),(63,'5e7570a64e33bfbd2a74e8d25cbedf84',18,'number of denied logins','invalid','out','on',0,'','',''),(64,'a576a6b27554ffc03c5b9c52e790bcf8',18,'number of active user sessions','active','out','on',0,'','',''),(65,'428cb0c15815cb5272f7e7886dfe36de',18,'number of sleeping user sessions','sleeping','out','on',0,'','',''),(66,'eab4f8666a47689e214669d60f182745',18,'number of obsolete user sessions','garbage','out','on',0,'','',''),(67,'1d9fc23dacbd933449a73aa84be5414f',18,'number of active users','uactive','out','on',0,'','',''),(68,'ce8d69c72f37533e6c32d0d866e036f6',18,'number of sleeping users','usleeping','out','on',0,'','',''),(69,'0e94e75f5f51153d8504dd96724fb0c7',19,'Total Graphs Exported','TotalGraphsExported','out','on',0,'','',''),(70,'dc898426d21a4441333656b9145abe02',20,'Export Duration','ExportDuration','out','on',0,'','',''),(71,'5c06ba76af1c36a4667440a079c14a65',21,'The Number of Record Deletes','deletes','out','on',0,'','',''),(72,'8dae453bf1629eb5767dc5a522436eae',21,'The Number of New Syslog Records','incoming','out','on',0,'','',''),(73,'e64944f0862a73d7d863447d04e03622',21,'The Number of New Syslog Records Discarded','removes','out','on',0,'','',''),(74,'168bd25e77eaf9f271059cc8265450d4',21,'The Number of New Syslog Records Moved Aside','xfers','out','on',0,'','',''),(75,'e4de70bb9c11d383e4a01ac6dd3bd784',21,'The Number of Syslog Alerts Checked for','alerts','out','on',0,'','',''),(76,'3d597fe525d8b4f0fdef3a2a6fb1cf85',21,'The Number of Syslog Alerts Newly Trigged','alarms','out','on',0,'','',''),(77,'79f7dee8871d5d9fcb5be4c6cb2ff684',21,'The Number of Syslog Reports Defined','reports','out','on',0,'','',''),(78,'c712ea4c6a4e534d3d6cb37f233e4d75',22,'The Total Syslog Runtime','syslogRuntime','out','on',0,'','',''),(79,'864aa6b4633e6f2b77a6e1cee2ca4baf',23,'The runtime for the Thold plugin','tholdRuntime','out','on',0,'','',''),(80,'e616027fec892c53c63ab7b5e1eb1ad8',24,'The Average Size of a Boost Record Row','boost_avg_size','out','on',0,'','',''),(81,'2e4a4d2d35b834c9473a0b0888df1a68',25,'Number of Records in Boost Table','boost_records','out','on',0,'','',''),(82,'3100c6b6b9d657a51cbcd818e1755503',26,'Total Size of the Boost Table in Bytes','boost_table','out','on',0,'','',''),(83,'9ffe12fb0c0b00264288d918ec21c59e',27,'The time to get records from the database','rrd_get_records','out','on',0,'','',''),(84,'7348018f3af0c4a17568d6fd77e9dbdd',27,'The total time to process the results','rrd_results_cycle','out','on',0,'','',''),(85,'1626735ca7aeadd7b9e2053add75d04a',27,'The time to gather the find the filename and build the update template','rrd_template','out','on',0,'','',''),(86,'3af21992a14b00f530a67bfcd5c06de0',27,'The amount of time to run the RRDtool lastupdate command','rrd_lastupdate','out','on',0,'','',''),(87,'0da05eedf7f74fc449bd4bba7d944b59',27,'The amount of time spent updating RRDfiles','rrd_update','out','on',0,'','',''),(88,'eff931ff2b8c8ac5a3e1501f65a10bd4',27,'The amount of time removing Boost records from the database','rrd_delete','out','on',0,'','',''),(89,'08f589472a63becab00f661c311985e8',28,'The hosts unique id','host_id','in','',0,'host_id','',''),(90,'2187e7ac3bfefe37c8227e87bbf81d90',28,'Polling Time in Milliseconds','polling_time','out','on',0,'','',''),(91,'746674cef4830927324742cbac124a19',29,'The hosts unique id','host_id','in','',0,'host_id','',''),(92,'cdd10c4aa321bb14ba8b0a5f6e62d06a',29,'Polling Time in Milliseconds','uptime','out','on',0,'','',''),(93,'5cdc32e66ef7b8619de77a274b6f7355',30,'The ID of the Host','hostname','in','',0,'hostname','',''),(94,'029b16559b8383de29dc640ba62f66f1',30,'Disk Reads in 5 Minutes','reads','out','on',0,'','',''),(95,'ff52a1a082547eaee254c3532e4c7487',30,'Disk Writes in 5 Minutes','writes','out','on',0,'','',''),(96,'3603877fa56213764cddd6ce7f126a4a',31,'The name of the host','hostname','in','',0,'hostname','',''),(97,'5560a408549e41f7f130e3d8e99505d0',31,'The number of bytes read in last 5 minutes','bytesread','out','on',0,'','',''),(98,'a9a85ecb0c17bf44cd5eee62a561c611',31,'The number of bytes written in last 5 minutes','byteswritten','out','on',0,'','',''),(99,'d8b63d5ae3b86219b28aae739b65c4bc',32,'Hostname','hostname','in','',2,'hostname','',''),(100,'1a5f2b13a0291cec22b5fcc620e56447',32,'STAT Interrupts','hl','out','on',0,'','',''),(101,'2f777972bf81d1b72f23807d2da06a64',33,'Hostname','hostname','in','',2,'hostname','',''),(102,'02651b1fcddc75660fb32915d5246ce3',33,'STAT Context Switches','hm','out','on',0,'','',''),(103,'64e140cbf16ba41cd7254edb364058dd',34,'Hostname','hostname','in','',2,'hostname','',''),(104,'32576de73d3639b897ae918f3fc52cc4',34,'STAT Forks','hn','out','on',0,'','',''),(105,'661e1dfc72d309157daa45466d3cb0b9',35,'Hostname','hostname','in','',2,'hostname','',''),(106,'ecced5c0263215827eab1d9f2362dc7d',35,'STAT CPU Nice','gx','out','on',0,'','',''),(107,'d170ca8cc76807836332148d31874a6f',35,'STAT CPU Steal','hj','out','on',0,'','',''),(108,'51ca1a64b1c5be49a843e1fae90929ef',35,'STAT CPU Idle','gz','out','on',0,'','',''),(109,'f22dab487f69954f00388de5cb0176b8',35,'STAT CPU Irq','hh','out','on',0,'','',''),(110,'a664ae7820ace8f54cdabc829106a3ce',35,'STAT CPU Iowait','hg','out','on',0,'','',''),(111,'d5481c3cdca37447f3d6d8c6f9ffb045',35,'STAT CPU System','gy','out','on',0,'','',''),(112,'c3c27afa67e40c693fafcd9dba6881c1',35,'STAT CPU Guest','hk','out','on',0,'','',''),(113,'9aa8b91ee63bea6ac3e3725a7fbab81d',35,'STAT CPU Softirq','hi','out','on',0,'','',''),(114,'69d45716470e8825b3febbcbe077b3dd',35,'STAT CPU User','gw','out','on',0,'','',''),(115,'aec7b5f4c5dcc22b5570c908167b0bd0',36,'Hostname','hostname','in','',2,'hostname','',''),(116,'296421d3011e3765f14b8074e29f796a',36,'STAT Loadavg','ho','out','on',0,'','',''),(117,'5670f093e95592deae95dea6306f3b33',37,'Hostname','hostname','in','',2,'hostname','',''),(118,'d62c802855dcf6ccca0a57a60ee384bd',37,'STAT Numusers','hp','out','on',0,'','',''),(119,'80bd2d6eb220e57ca89f4767e8741c25',38,'Hostname','hostname','in','',2,'hostname','',''),(120,'0059dbbdc04e79a6996ed9a45d2ccfcd',38,'STAT Memused','hu','out','on',0,'','',''),(121,'04dcdbd02ea2ad587e8101158e0b94d9',38,'STAT Membuffer','hr','out','on',0,'','',''),(122,'412136717ee6a6b2afcb55f5f1df882f',38,'STAT Memcached','hq','out','on',0,'','',''),(123,'24994f161be152fbd728a969be026894',38,'STAT Memfree','ht','out','on',0,'','',''),(124,'fa7dec2fb5edc6313ec5a46ba5b66dc0',38,'STAT Memshared','hs','out','on',0,'','',''),(125,'c32b28e40f2df6d3bd24d5792574a230',38,'STAT Memtotal','hv','out','on',0,'','',''),(126,'103daa29bee612daf248ffc3f6c847d6',39,'Hostname','hostname','in','',2,'hostname','',''),(127,'fedf0c995515ddf58109db2fdd3489a5',39,'Device','device','in','',3,'','',''),(128,'1d9e6a350fa2ed02296b24e99864c51e',39,'DISK Writes Merged','jh','out','on',0,'','',''),(129,'2319ee4a21c1195d076a34c8ad94763a',39,'DISK Reads','iw','out','on',0,'','',''),(130,'8d110680fc974618103d58dbe1275269',39,'DISK Writes','jg','out','on',0,'','',''),(131,'f445fc5828a637b1606db2714a8488e4',39,'DISK Reads Merged','ix','out','on',0,'','',''),(132,'9747bb9ca6a689c2cff5352911c06aee',40,'Hostname','hostname','in','',2,'hostname','',''),(133,'bbd8bee244677f48a4e9ffa747766757',40,'Device','device','in','',3,'','',''),(134,'781876011aa0b192cb2dcf2ac623925d',40,'DISK Sectors Written','ji','out','on',0,'','',''),(135,'1990fdf7bb67f11abfe538244b6bf36a',40,'DISK Sectors Read','iy','out','on',0,'','',''),(136,'0a3ae0d580f836feedbfe8a3f9c55d42',41,'Hostname','hostname','in','',2,'hostname','',''),(137,'bc1174aec4605442ebaf0b563fb38894',41,'Device','device','in','',3,'','',''),(138,'9aa60584a8cf5b117d87221ed076d970',41,'DISK Time Spent Writing','jj','out','on',0,'','',''),(139,'523af9be26fa1a6379a32c25d1b21a3d',41,'DISK Time Spent Reading','iz','out','on',0,'','',''),(140,'0605ed18be332efe1f3be11635de37b2',42,'Hostname','hostname','in','',2,'hostname','',''),(141,'4669cd8233c0942fe8d082f43045a82d',42,'Device','device','in','',3,'','',''),(142,'2319ee4a21c1195d076a34c8ad94763a',42,'DISK Reads','iw','out','on',0,'','',''),(143,'9aa60584a8cf5b117d87221ed076d970',42,'DISK Time Spent Writing','jj','out','on',0,'','',''),(144,'523af9be26fa1a6379a32c25d1b21a3d',42,'DISK Time Spent Reading','iz','out','on',0,'','',''),(145,'8d110680fc974618103d58dbe1275269',42,'DISK Writes','jg','out','on',0,'','',''),(146,'c45540fbc81b77e7b422421a2af2e52a',43,'Hostname','hostname','in','',2,'hostname','',''),(147,'0743dfebfc6e06ba68804f65c0b5cdd2',43,'Device','device','in','',3,'','',''),(148,'15cd8a0d97071982acc3b0ce8771c0cc',43,'DISK Io Time Weighted','jm','out','on',0,'','',''),(149,'502e54254e2a4c4f93a968da81a28e26',43,'DISK Io Time','jl','out','on',0,'','',''),(150,'0676380d93b67ded1a1dfd1ace60d104',44,'Hostname','hostname','in','',2,'hostname','',''),(151,'484b4fd8a00e6e9e555bb8bab0644141',44,'Device','device','in','',3,'','',''),(152,'18f8cf2180f688c4efccbb93ce367fbc',44,'DISK Io Ops','jk','out','on',0,'','',''),(153,'c7dad0644c80ca8cafdb6706ca4e80b3',45,'Hostname','hostname','in','',2,'hostname','',''),(154,'8c15ae5acdce2a780e6c02cc05e68160',45,'Volume','volume','in','',3,'','',''),(155,'f2ec16bb5bca48f9d4f3f704fe7a9eaf',45,'DISKFREE Used','nj','out','on',0,'','',''),(156,'86f039e40b8f2615b7e849d1d709f13d',45,'DISKFREE Available','nk','out','on',0,'','',''),(157,'12f4019e3fa20d01df868ee18a8f0ae4',46,'Hostname','hostname','in','',2,'hostname','',''),(158,'fa7f47702d5620b0bfe6395d25810b77',46,'Device','device','in','',3,'','',''),(159,'47a906734a9bb011623c0edac9ced050',46,'NETDEV Outbound','nq','out','on',0,'','',''),(160,'34603bc78ebab0444b48df5cd75d2eb0',46,'NETDEV Inbound','nl','out','on',0,'','',''),(161,'f0345428c4b86263793b60d14a9f57e0',47,'Hostname','hostname','in','',2,'hostname','',''),(162,'8a2cb049821e45a47e432685a7b1a685',47,'Device','device','in','',3,'','',''),(163,'6877319fae49f61b766499f56cd2f05f',47,'NETDEV Txcarrier','nv','out','on',0,'','',''),(164,'7e3b47ce389bc70f6c92759aa9c29d05',47,'NETDEV Txerrs','nr','out','on',0,'','',''),(165,'9187075324ae7e73b12b77b0527ca1a2',47,'NETDEV Txcolls','nu','out','on',0,'','',''),(166,'cb07a6f85d6bf04e360a34fd7174d763',47,'NETDEV Txfifo','nt','out','on',0,'','',''),(167,'e8c0e814429f432b85d685aaddde96a2',47,'NETDEV Rxerrs','nm','out','on',0,'','',''),(168,'2ea0f0838f90313b861671f7c7cf5a90',47,'NETDEV Rxdrop','nn','out','on',0,'','',''),(169,'5479c55cece7be998166749e51210d07',47,'NETDEV Rxframe','np','out','on',0,'','',''),(170,'4a3f4afee706402479e9ec4df34a2736',47,'NETDEV Rxfifo','no','out','on',0,'','',''),(171,'d7f470b13e364016ff314de7eb71e2b0',47,'NETDEV Txdrop','ns','out','on',0,'','',''),(172,'148d22ce4d67ae76927282259d66e0fa',48,'Hostname','hostname','in','',2,'hostname','',''),(173,'ebe3e0c149bf99ca3dfc2bce4148f163',48,'NETSTAT Established','nw','out','on',0,'','',''),(174,'850a2a1fa5e17d6f21f5361c5ddd239b',48,'NETSTAT Close','oi','out','on',0,'','',''),(175,'62496b7d61d0f98f99620f1cfad5eed5',48,'NETSTAT Fin Wait2','og','out','on',0,'','',''),(176,'1210872f58b4be1e3b10712f5be7d250',48,'NETSTAT Syn Sent','nx','out','on',0,'','',''),(177,'3bbd6e36bc06e22b16866f92a096fff6',48,'NETSTAT Listen','ol','out','on',0,'','',''),(178,'117fd6fc70b65fa7cdb309511e2294e6',48,'NETSTAT Time Wait','oh','out','on',0,'','',''),(179,'638c11d9981115d11298046a9ce5d70e',48,'NETSTAT Closing','om','out','on',0,'','',''),(180,'d9517eae2c5e2033a2118ce65232fb74',48,'NETSTAT Syn Recv','ny','out','on',0,'','',''),(181,'bc4ea56561b968c59e221d696dd3c6b9',48,'NETSTAT Last Ack','ok','out','on',0,'','',''),(182,'5d5183c3930b91896e8de318efb875be',48,'NETSTAT Unknown','on','out','on',0,'','',''),(183,'db703661788c0988602aacb7a4887c1b',48,'NETSTAT Close Wait','oj','out','on',0,'','',''),(184,'a537759c75193685b917f55bb974dee2',48,'NETSTAT Fin Wait1','nz','out','on',0,'','',''),(185,'8795d425309733519dd9e547dc63e30d',49,'Hostname','hostname','in','',2,'hostname','',''),(186,'c37cd12d284f402e4e6550f1c4c1c363',49,'VMSTAT Pswpin','oo','out','on',0,'','',''),(187,'ca2301a5593e49bc16df695452881a96',49,'VMSTAT Pswpout','op','out','on',0,'','',''),(188,'bc9c3b4f85d8ad066859f9dfa6f3b5a5',50,'Hostname','hostname','in','',2,'hostname','',''),(189,'2dd3706fda20c335021e01ba89ad46ca',50,'APACHE Requests','gg','out','on',0,'','',''),(190,'0fb33825e9879cb2e5f58b8d56c03574',51,'Hostname','hostname','in','',2,'hostname','',''),(191,'176792b65f67b89314c2d0fdfc990f14',51,'APACHE Bytes Sent','gh','out','on',0,'','',''),(192,'d4c02b871ecd1a5f1e6ac1c678a65ab7',52,'Hostname','hostname','in','',2,'hostname','',''),(193,'8902bb51439e3d1e04e67deb8d3771bd',52,'APACHE CPU Load','gk','out','on',0,'','',''),(194,'65d0c34c42f30e9830773c89994a06a2',53,'Hostname','hostname','in','',2,'hostname','',''),(195,'e43724ec3b8d65747338f762279eb279',53,'APACHE Idle Workers','gi','out','on',0,'','',''),(196,'9e96f24e26b87ef28d27166613cdcd8d',53,'APACHE Busy Workers','gj','out','on',0,'','',''),(197,'30f1b39dc97d1eeaf408f6cd3ee35120',54,'Hostname','hostname','in','',2,'hostname','',''),(198,'fd0d8b2e6ab119d070bd370da9a25591',54,'APACHE Starting Up','gm','out','on',0,'','',''),(199,'6b4c99c5731ce8a4e379f0ae748a130d',54,'APACHE Open Slot','gv','out','on',0,'','',''),(200,'bd600fdd9df21e99c4b94f7f77d2917b',54,'APACHE Gracefully Finishing','gt','out','on',0,'','',''),(201,'3d3305fa52c23ebaa1961201f9af6ddb',54,'APACHE Reading Request','gn','out','on',0,'','',''),(202,'71558c1bf3f967a6383b0350808eb1bb',54,'APACHE Closing Connection','gr','out','on',0,'','',''),(203,'33763ca0a2d71ea0eda166f3889106d2',54,'APACHE Keepalive','gp','out','on',0,'','',''),(204,'8d4698c6ffd74722796f765cbd83be87',54,'APACHE Idle Cleanup','gu','out','on',0,'','',''),(205,'1d3e4c6b5882f10e3ada52c9353a7997',54,'APACHE Logging','gs','out','on',0,'','',''),(206,'0bdb150fa2458bfb6910ab5ab4782ec0',54,'APACHE Sending Reply','go','out','on',0,'','',''),(207,'5380cc7f6d855b8b03df2b7529d56fcd',54,'APACHE Waiting For Connection','gl','out','on',0,'','',''),(208,'1d5f6ca0a5d998ddd445cdecca4c70b0',54,'APACHE DNS Lookup','gq','out','on',0,'','',''),(209,'934cdf24b514089e80686e33c1991951',55,'Hostname','hostname','in','',2,'hostname','',''),(210,'d71dd24bccc9d29aef33e0a88cdbd2fa',55,'Port','port','in','',5,'','','on'),(211,'241826f304e0cb228a6325928a4b591e',55,'Username','username','in','',3,'','','on'),(212,'7d9932ea1f99f4e7b409937f562c2939',55,'Password','password','in','',4,'','','on'),(213,'2fd848c7bfd6f2074bfdaa171d6e09b9',55,'Serverid','serverid','in','',6,'','','on'),(214,'58b10d9d480fdf03da459b81cc5e75de',55,'Key Reads','gh','out','on',0,'','',''),(215,'10e6f697981d21381d35c7102b377b2e',55,'Key Write Requests','gi','out','on',0,'','',''),(216,'c873497a97aaae34af2a8f1fef0f534a',55,'Key Read Requests','gg','out','on',0,'','',''),(217,'cf294c9afda77038558a5dd2ac4a8845',55,'Key Writes','gj','out','on',0,'','',''),(218,'bc34bd6e24a311f053c88354a3af36e0',56,'Hostname','hostname','in','',2,'hostname','',''),(219,'8e6b5af920c23eb970035d9dd40cfa4a',56,'Port','port','in','',5,'','','on'),(220,'e61b1ddb4963349299943508b7353026',56,'Username','username','in','',3,'','','on'),(221,'31236d02b1ed480f8920c4566c1b7be1',56,'Password','password','in','',4,'','','on'),(222,'7dc75a03ec1a09476eda3e6984225f86',56,'Serverid','serverid','in','',6,'','','on'),(223,'6365cf19dcd3830e026e7821f4cb9ba2',56,'Key Buf Bytes Unflushed','og','out','on',0,'','',''),(224,'388c4258973c1304f14bbfb370ee564f',56,'Key Buffer Size','oi','out','on',0,'','',''),(225,'03b1786f4470870aa212970e8589564d',56,'Key Buf Bytes Used','oh','out','on',0,'','',''),(226,'fd86b8b9d8eb25f22b3ac683a5f3c9bf',57,'Hostname','hostname','in','',2,'hostname','',''),(227,'55802677f65564e1415bdc6c2dfa1b77',57,'Port','port','in','',5,'','','on'),(228,'f48a890f84d32fef549ba6ea20cd7464',57,'Username','username','in','',3,'','','on'),(229,'103699bc9523598d968628a364617a3d',57,'Password','password','in','',4,'','','on'),(230,'a72de83725531b5325e9a98bcce85a63',57,'Serverid','serverid','in','',6,'','','on'),(231,'370d924ad1c3c3f96c83364328880c3c',57,'Free Pages','gr','out','on',0,'','',''),(232,'3099761f439d0677d76c998e6db892d1',57,'Modified Pages','gt','out','on',0,'','',''),(233,'25f7437b8ad060e3d87da33e2dadb31f',57,'Database Pages','gs','out','on',0,'','',''),(234,'03d172bbfc0b859a2a06aae0d5ae190d',57,'Pool Size','gq','out','on',0,'','',''),(235,'8791cb2e26158b5d7b5b866411831904',58,'Hostname','hostname','in','',2,'hostname','',''),(236,'13c1ec57a51a2ede4d7c8331853a7031',58,'Port','port','in','',5,'','','on'),(237,'3c8ce85e55aac881e8c55a1f98713b59',58,'Username','username','in','',3,'','','on'),(238,'9b94f37c77c4ada8e12230fa1b73c212',58,'Password','password','in','',4,'','','on'),(239,'eca19057c8ae03c4c6a2bb640ce050bc',58,'Serverid','serverid','in','',6,'','','on'),(240,'65a2a583eb8e3d112595ed58501d9efa',58,'Log Writes','hg','out','on',0,'','',''),(241,'6ac708182319dda5f442d02b6fc5d3f0',58,'File Reads','gy','out','on',0,'','',''),(242,'2e33693897dc0e560a0f3d77683c0ad6',58,'File Writes','gz','out','on',0,'','',''),(243,'30f32be47cec617a2eb2a67caf2f1aa5',58,'File Fsyncs','gx','out','on',0,'','',''),(244,'c14695aa7e3e0abb7c496d09654957f3',59,'Hostname','hostname','in','',2,'hostname','',''),(245,'c3a602fb1b65786f7a0171bc91d1ea59',59,'Port','port','in','',5,'','','on'),(246,'3db62bda6bfad2f438784823ee467766',59,'Username','username','in','',3,'','','on'),(247,'c35c7529a6ce2f10eb8fffca73d95fea',59,'Password','password','in','',4,'','','on'),(248,'a315cb2ee9323e22ddd0d701a2e30d34',59,'Serverid','serverid','in','',6,'','','on'),(249,'33315d78b6a3a94afc7551789fc206d6',59,'Ibuf Merges','hs','out','on',0,'','',''),(250,'e1e4016ae780d3764b2959fb79cb26d4',59,'Ibuf Inserts','hq','out','on',0,'','',''),(251,'c48c4d0e1196a08fa1bffa6612132587',59,'Ibuf Merged','hr','out','on',0,'','',''),(252,'3f801ffd02bb44b40c0058abd19726ad',60,'Hostname','hostname','in','',2,'hostname','',''),(253,'7a323cad94abbad0ba68490dce11da94',60,'Port','port','in','',5,'','','on'),(254,'138a7212066b1b80522d3e17b01c985c',60,'Username','username','in','',3,'','','on'),(255,'c8b97b515c0c56b6a7a7749c73a2d59e',60,'Password','password','in','',4,'','','on'),(256,'afcfb8a478a106cfbaff6eeae6a6acd5',60,'Serverid','serverid','in','',6,'','','on'),(257,'6913c4bb2c47b73e16c7733c5073e59a',60,'Ibuf Cell Count','nq','out','on',0,'','',''),(258,'65ac17bbfb330d7ff7bf1010d3152f27',60,'Ibuf Used Cells','no','out','on',0,'','',''),(259,'185de6e6db39ec31d473d06a2fb704f3',60,'Ibuf Free Cells','np','out','on',0,'','',''),(260,'ca981294527cd8c10505e8e610f7b496',61,'Hostname','hostname','in','',2,'hostname','',''),(261,'4e0a8240b7bc8d3a6d6238889a31c827',61,'Port','port','in','',5,'','','on'),(262,'94596e0dcfd56507b9bfe5b5d53fcf9e',61,'Username','username','in','',3,'','','on'),(263,'ec7617ba97afe2b0325b6b0cc1dcf144',61,'Password','password','in','',4,'','','on'),(264,'45ac5f794c179e94ef535b9b0691842a',61,'Serverid','serverid','in','',6,'','','on'),(265,'134b7d8127ddb350af706b5cb3f9984d',61,'Os Waits','hv','out','on',0,'','',''),(266,'6262eb4ad726450c5dac2bf508fbab56',61,'Spin Waits','ht','out','on',0,'','',''),(267,'58887d197d97509d2b479e5f1dab95e4',61,'Spin Rounds','hu','out','on',0,'','',''),(268,'1115b10cd0b47a879e83258eab2be9c1',62,'Hostname','hostname','in','',2,'hostname','',''),(269,'30b6299350fd7ba4a3753474235afd40',62,'Port','port','in','',5,'','','on'),(270,'5ef14ed76900f9e2962b9a00945afc88',62,'Username','username','in','',3,'','','on'),(271,'7d7282947021e934b75a87567d2906c7',62,'Password','password','in','',4,'','','on'),(272,'d6f7dcdad9686f4a643a2aa552824958',62,'Serverid','serverid','in','',6,'','','on'),(273,'1f8a75e05f1e137785ae2d0b19f009dc',62,'Rows Deleted','hy','out','on',0,'','',''),(274,'bce4385051a564cae424333909594b1b',62,'Rows Inserted','hw','out','on',0,'','',''),(275,'9202020ea0b9e9a62b1ed1bba2429835',62,'Rows Updated','hx','out','on',0,'','',''),(276,'95e9540bb6b0f738b606aa0a2bb9700c',62,'Rows Read','hz','out','on',0,'','',''),(277,'246ffe6a70da833934ad58e470c05868',63,'Hostname','hostname','in','',2,'hostname','',''),(278,'a6b8575a36a4f9a859013bd6c9943b0b',63,'Port','port','in','',5,'','','on'),(279,'09db2ea59febfb9839a58a1b78837a16',63,'Username','username','in','',3,'','','on'),(280,'0ea98704c908a8bc41c44a8dcb96b324',63,'Password','password','in','',4,'','','on'),(281,'cd3fdffa5296ed9ee9709ed4666180e2',63,'Serverid','serverid','in','',6,'','','on'),(282,'b99a1709fa8b9f06246e29961815f07b',63,'Table Locks Immediate','ih','out','on',0,'','',''),(283,'ff37fac4f1f1815c6670aec8c01656a7',63,'Slow Queries','ii','out','on',0,'','',''),(284,'04ef1b2aa4f91816479df61913e7aea6',63,'Table Locks Waited','ig','out','on',0,'','',''),(285,'2352a983e585421f9a693578fb918064',64,'Hostname','hostname','in','',2,'hostname','',''),(286,'b70d926ff1d5ad893107a3d39d511b80',64,'Port','port','in','',5,'','','on'),(287,'778261a09638caf8897c0d024a07f23f',64,'Username','username','in','',3,'','','on'),(288,'e5bfe88be5455bdb47c6ad3ebe3c3f36',64,'Password','password','in','',4,'','','on'),(289,'2814cbca4d10555174f4392d6b205ba2',64,'Serverid','serverid','in','',6,'','','on'),(290,'dae83df175b99c3daf528becc132d3e8',64,'Threads Connected','iu','out','on',0,'','',''),(291,'c194150e0eabd33a2b7b8b3f3fbb6255',64,'Connections','iz','out','on',0,'','',''),(292,'0c413107d5d2b19429a5c3839a9005ab',64,'Max Connections','ix','out','on',0,'','',''),(293,'89a607a1bcd6416e464ad38245fecfd8',64,'Aborted Clients','ip','out','on',0,'','',''),(294,'3fef877d94b440b7371634975dc62c14',64,'Max Used Connections','ir','out','on',0,'','',''),(295,'7b2d2030e3ff45ff1b0706db49182176',64,'Aborted Connects','iq','out','on',0,'','',''),(296,'38e8e144895068156aafa00f1adbaee9',65,'Hostname','hostname','in','',2,'hostname','',''),(297,'723cbc2b4df46584fa31630f68bb573e',65,'Port','port','in','',5,'','','on'),(298,'122dc9df7af4637d0739d138f841e1bb',65,'Username','username','in','',3,'','','on'),(299,'52dfbb426d6d8e90fef3a9ad5c4adbee',65,'Password','password','in','',4,'','','on'),(300,'5c11d7546d6b861b73447592c2e5b733',65,'Serverid','serverid','in','',6,'','','on'),(301,'5baa98d743a677bd77628cde517cf391',65,'Slave Running','jg','out','on',0,'','',''),(302,'07afdb9bf7a4d02034059edab34805ba',65,'Slave Retried Transactions','ji','out','on',0,'','',''),(303,'d737b0246251bb075c937a82ed275826',65,'Slave Stopped','jh','out','on',0,'','',''),(304,'fc68fcf835e7d80a72b7cac3d3ce9d3c',65,'Slave Open Temp Tables','jk','out','on',0,'','',''),(305,'adda99ab98e4b5980fbb84116d959cfe',65,'Slave Lag','jj','out','on',0,'','',''),(306,'4a0c0ef4952e834015bb938e9d2fadde',66,'Hostname','hostname','in','',2,'hostname','',''),(307,'2465fd4ebe6fb192272425179988bdb4',66,'Port','port','in','',5,'','','on'),(308,'8f02ef1217dc9800a899ecf13f839034',66,'Username','username','in','',3,'','','on'),(309,'50deae83b840510e356c042424985303',66,'Password','password','in','',4,'','','on'),(310,'ce014aa7ea94c3be9420e6b55561991c',66,'Serverid','serverid','in','',6,'','','on'),(311,'73f0a1e82bbfaedaef8cd94b07f0ada7',66,'Qcache Inserts','jo','out','on',0,'','',''),(312,'5244b2a498581c2604fab9d91a28cc91',66,'Qcache Lowmem Prunes','jp','out','on',0,'','',''),(313,'dcea8beec989a4391ad56aa0189ac85c',66,'Qcache Queries In Cache','jr','out','on',0,'','',''),(314,'adf93e592ba7a48d8b58525bbe25578e',66,'Qcache Not Cached','jq','out','on',0,'','',''),(315,'e7a87afca2ab8c11c15be58df38e5d54',66,'Qcache Hits','jn','out','on',0,'','',''),(316,'623de342f970b6a7bb12b9bb7b78d3b3',67,'Hostname','hostname','in','',2,'hostname','',''),(317,'8e4c604cd0be9667aff73d8dfb0411b1',67,'Port','port','in','',5,'','','on'),(318,'bb14429ea48b0994a35c87ac46417255',67,'Username','username','in','',3,'','','on'),(319,'46280ba3feb66206e042f502cde00579',67,'Password','password','in','',4,'','','on'),(320,'530552a6e2b131518b85c3542bbf028a',67,'Serverid','serverid','in','',6,'','','on'),(321,'640eae511115af930e3e27d757d39179',67,'Query Cache Size','jt','out','on',0,'','',''),(322,'0eb392faca757e7cce18b5c65777c074',67,'Qcache Free Blocks','jl','out','on',0,'','',''),(323,'b3780c030d284171833971514b28e8f3',67,'Qcache Total Blocks','js','out','on',0,'','',''),(324,'c69d8c3272c02c53d8200157df4354ce',67,'Qcache Free Memory','jm','out','on',0,'','',''),(325,'fbe2b7a3aa88d34cf34f219fe89b01f3',68,'Hostname','hostname','in','',2,'hostname','',''),(326,'4414a658476b54a118d589a7e0476c8f',68,'Port','port','in','',5,'','','on'),(327,'179f459eb5435425126d671310a54e58',68,'Username','username','in','',3,'','','on'),(328,'e00602b9c0e7d13685d8f51e8ab3b558',68,'Password','password','in','',4,'','','on'),(329,'f0e0d497457435fe67e3dca59404fba4',68,'Serverid','serverid','in','',6,'','','on'),(330,'3181f9ca4263c3a97c7c2b59adb28c0a',68,'Com Select','jx','out','on',0,'','',''),(331,'05041639bb2909b16d8b33c9ca03e8a3',68,'Com Delete Multi','kj','out','on',0,'','',''),(332,'806554bfd63d1cc677261292aae36356',68,'Com Delete','jy','out','on',0,'','',''),(333,'50ead4dcd91a3a5cda313c02dee4e836',68,'Com Insert','jw','out','on',0,'','',''),(334,'8cd99da9bcd790d55368be2c8a311a0d',68,'Com Replace','jz','out','on',0,'','',''),(335,'5f86603f53f09c7422f4120f26be811f',68,'Com Update Multi','kh','out','on',0,'','',''),(336,'11b5fbd2a60694b091ca65f6719cf67f',68,'Com Replace Select','kk','out','on',0,'','',''),(337,'27f7cecacdf80987bd4874791eca98b7',68,'Com Update','jv','out','on',0,'','',''),(338,'526cfe1b73b4d0c6a6d944de0e725e6e',68,'Com Insert Select','ki','out','on',0,'','',''),(339,'3c8293dbc41f3acebcbc14630d0e292a',68,'Questions','ju','out','on',0,'','',''),(340,'c2122e47e509a2c9dbf347a4d8bb65f0',68,'Com Load','kg','out','on',0,'','',''),(341,'49f278096b8fed1b231578c8bd93780f',69,'Hostname','hostname','in','',2,'hostname','',''),(342,'1131de7d3df0c55f366c4e5e63aa4986',69,'Port','port','in','',5,'','','on'),(343,'1b0d05db69dfc24b6837825a8cad7ad7',69,'Username','username','in','',3,'','','on'),(344,'af79eaa27ecbf07b973dc309b564463e',69,'Password','password','in','',4,'','','on'),(345,'5730107a05d9bd78421b11ba8caab032',69,'Serverid','serverid','in','',6,'','','on'),(346,'3406c5e8831a63676cfb9cfa68e7bd63',69,'Select Range','kn','out','on',0,'','',''),(347,'3b35f87ec6fe979c96d7935fb47eeee0',69,'Select Full Join','kl','out','on',0,'','',''),(348,'7fac25a17f2792c76c0155493a34a533',69,'Select Scan','kp','out','on',0,'','',''),(349,'8a839218205921fd5204bc662dfcd3d6',69,'Select Full Range Join','km','out','on',0,'','',''),(350,'c45d99e36babd93d8494e64ae78ad2f4',69,'Select Range Check','ko','out','on',0,'','',''),(351,'7c730380a7f8d70eeb903eab317c57d2',70,'Hostname','hostname','in','',2,'hostname','',''),(352,'531e9136380ce260f544ba65082f7867',70,'Port','port','in','',5,'','','on'),(353,'f2cd7d8bb9c99c0dd5c541927012f046',70,'Username','username','in','',3,'','','on'),(354,'15427b2a5da2c30709252b150bc8efdc',70,'Password','password','in','',4,'','','on'),(355,'6db3fcb1c6e9177143a1e9f66eb741f6',70,'Serverid','serverid','in','',6,'','','on'),(356,'984d83ac3b9e4fac2fe1415c47949d5f',70,'Sort Rows','ks','out','on',0,'','',''),(357,'021d93dcf35ebad67fb37ceb2f783949',70,'Sort Merge Passes','kq','out','on',0,'','',''),(358,'712d0795b5b8eedc635c39a3b9477007',70,'Sort Scan','kt','out','on',0,'','',''),(359,'8f192fb3db156f6ca3bd6bf86849fa96',70,'Sort Range','kr','out','on',0,'','',''),(360,'d4b1fac5caa7ac08e230c37b96cd7abe',71,'Hostname','hostname','in','',2,'hostname','',''),(361,'7afb30d4bd8012642a20ffa22418a5ba',71,'Port','port','in','',5,'','','on'),(362,'bf9e9e491a9d41ed382508464614bf68',71,'Username','username','in','',3,'','','on'),(363,'7eb66a61ad7a7fdea484070925892af5',71,'Password','password','in','',4,'','','on'),(364,'ae2c82e1b16a00a69ec05bef6b82622b',71,'Serverid','serverid','in','',6,'','','on'),(365,'744a5188f81220bb3d3a4533866cf98d',71,'Created Tmp Tables','ku','out','on',0,'','',''),(366,'a6089850ca849b37ab32877039f883d0',71,'Created Tmp Files','kw','out','on',0,'','',''),(367,'e12d5f77152cc161961daee1bbb4c894',71,'Created Tmp Disk Tables','kv','out','on',0,'','',''),(368,'fbe53f14791e2b46cc4040f0b84fad5d',72,'Hostname','hostname','in','',2,'hostname','',''),(369,'6a994adbf34c974a840e59e096eb681b',72,'Port','port','in','',5,'','','on'),(370,'2355ad92f1d584255802f93c624ae00e',72,'Username','username','in','',3,'','','on'),(371,'845cccee5f90a325a9fe3fc64a512a71',72,'Password','password','in','',4,'','','on'),(372,'2ceb329c928a4e34a3c4ca01edacbcf3',72,'Serverid','serverid','in','',6,'','','on'),(373,'2c0580a7ad561ab3271b1051c1f633c1',72,'Bytes Received','ky','out','on',0,'','',''),(374,'30d625afb8a7af347051d7e1385b54ff',72,'Bytes Sent','kx','out','on',0,'','',''),(375,'13d07eee4573b5a0dc1f6bacd4e16853',73,'Hostname','hostname','in','',2,'hostname','',''),(376,'8872c0c856e3a22c2d3dda1fb940b181',73,'Port','port','in','',5,'','','on'),(377,'24231c85bd551db92b61112d5866b89f',73,'Username','username','in','',3,'','','on'),(378,'a4bb5deb9a957e70401a1b623ffeea63',73,'Password','password','in','',4,'','','on'),(379,'82f033b63e1a3ac22b17573ec20b070b',73,'Serverid','serverid','in','',6,'','','on'),(380,'58dd7a41df4d6398c90ade54ae42859e',73,'Pages Written','gw','out','on',0,'','',''),(381,'4a8b8f0018af79fdc39f92c7a9269f14',73,'Pages Read','gu','out','on',0,'','',''),(382,'96c727b75ad50fb912256959730d4a1f',73,'Pages Created','gv','out','on',0,'','',''),(383,'8f37467adf39bc8205c54ad8bdec0486',74,'Hostname','hostname','in','',2,'hostname','',''),(384,'a5746b12cda0c1e57b72b38ddce351ec',74,'Port','port','in','',5,'','','on'),(385,'e283f0f764bf384189b6340dbe89cf43',74,'Username','username','in','',3,'','','on'),(386,'29275f5a87bcca6ef98c4676bd77a6a3',74,'Password','password','in','',4,'','','on'),(387,'16a513bd9761fe0bf9de11718241e554',74,'Serverid','serverid','in','',6,'','','on'),(388,'0e7ca5fbc9fb133a39ace3e4ab22357a',74,'Pending Ibuf Aio Reads','hl','out','on',0,'','',''),(389,'aa8ec2f278428c8d2c2e60fbf7797f39',74,'Pending Aio Sync Ios','hi','out','on',0,'','',''),(390,'3c4467a68c8d44eea248bb2c82bfad25',74,'Pending Chkp Writes','hk','out','on',0,'','',''),(391,'cfaa0b83f53d9914ab86c26385e7c551',74,'Pending Normal Aio Reads','ho','out','on',0,'','',''),(392,'e3d909a3a85a3c4eafa58338d0f400f4',74,'Pending Buf Pool Flushes','hj','out','on',0,'','',''),(393,'5decc07514eb0a7692af2533838589aa',74,'Pending Aio Log Ios','hh','out','on',0,'','',''),(394,'1e24673c30fb16325314e20542389607',74,'Pending Log Writes','hn','out','on',0,'','',''),(395,'e24594f343a17c4050ee8d65bb4350f5',74,'Pending Normal Aio Writes','hp','out','on',0,'','',''),(396,'ab0de3f46c986ffd4582106e7f2e301c',74,'Pending Log Flushes','hm','out','on',0,'','',''),(397,'9a086a96ab9c7bd0cc82ad731d292a35',75,'Hostname','hostname','in','',2,'hostname','',''),(398,'3182eeda6dfe2b8a8df9cc91e8db70e9',75,'Port','port','in','',5,'','','on'),(399,'09db9eb2979b620b5971a63c7476ced1',75,'Username','username','in','',3,'','','on'),(400,'89ba7a86b9d77b17a025eee45b4f1f8d',75,'Password','password','in','',4,'','','on'),(401,'9ffa18ce5105f0cd7bdd84b3a68dc916',75,'Serverid','serverid','in','',6,'','','on'),(402,'d07042a0a0e23263de8c8cbe5559f75a',75,'Unflushed Log','lg','out','on',0,'','',''),(403,'f6848264f0e07457f87736061cb9c292',75,'Log Bytes Written','li','out','on',0,'','',''),(404,'531f7361b43e4caafd0946de82724379',75,'Log Bytes Flushed','lh','out','on',0,'','',''),(405,'f3566adfb1a203172ce396cd86110b99',75,'Innodb Log Buffer Size','kz','out','on',0,'','',''),(406,'ee624627bc965743a9d207f4dd32bd1b',76,'Hostname','hostname','in','',2,'hostname','',''),(407,'7dac1ec6385a3656e646cbd298395f56',76,'Port','port','in','',5,'','','on'),(408,'66d84808ae4e5ca551b65f5554b7d983',76,'Username','username','in','',3,'','','on'),(409,'e63ba3be9c8d2e254dbce243d91f2ab4',76,'Password','password','in','',4,'','','on'),(410,'ba5f88ca77f715faa5041ae4574ae294',76,'Serverid','serverid','in','',6,'','','on'),(411,'35398509ac7a7268e935dc0d37087846',76,'Binlog Cache Use','lm','out','on',0,'','',''),(412,'d3df1d9eca7bde2db3a0ecba08ded26c',76,'Binary Log Space','ln','out','on',0,'','',''),(413,'a2b35aedd4e4637d3d317e926417f5af',76,'Relay Log Space','lj','out','on',0,'','',''),(414,'6b4757e0eb867b042569d5c24018289e',76,'Binlog Cache Disk Use','ll','out','on',0,'','',''),(415,'bc2c8c35f40923041ab9d532770c46ae',77,'Hostname','hostname','in','',2,'hostname','',''),(416,'35673f162d6a47b2ca1762eafd338bea',77,'Port','port','in','',5,'','','on'),(417,'75f5e788713b7b13af575c7dd5ac4868',77,'Username','username','in','',3,'','','on'),(418,'d8af8068f4daa51f3ee55ad80bd46408',77,'Password','password','in','',4,'','','on'),(419,'9f52f29e23de5cc7200fb8f2c94a6fdc',77,'Serverid','serverid','in','',6,'','','on'),(420,'42522580401a653d5dd41a4687fd93f6',77,'Innodb Transactions','gl','out','on',0,'','',''),(421,'3d822c49393f838f3c5485a8a36b4cf0',77,'History List','gk','out','on',0,'','',''),(422,'a958b96b688f3c0c8ed7258f70de8b43',78,'Hostname','hostname','in','',2,'hostname','',''),(423,'8def5f376e6bef3b9e9125ff64d13ca0',78,'Port','port','in','',5,'','','on'),(424,'0e7e102d45155caefae56ee3ba51dc3e',78,'Username','username','in','',3,'','','on'),(425,'75ead77a5262a19717f0dc161c111824',78,'Password','password','in','',4,'','','on'),(426,'4459a67f35b235fdd3c7d81e239fa345',78,'Serverid','serverid','in','',6,'','','on'),(427,'753d51fad343b3995f3621bb7aee421b',78,'Current Transactions','gn','out','on',0,'','',''),(428,'f1934cf547d165f0d3912a2283ef9c65',78,'Locked Transactions','go','out','on',0,'','',''),(429,'b2b795b58cfb3af9966f4eb345dca08b',78,'Active Transactions','gp','out','on',0,'','',''),(430,'39346ac5a629c49f526d52fd1f4394d1',78,'Read Views','gm','out','on',0,'','',''),(431,'1f0f5fb3cc50f16f3cad159275589d31',79,'Hostname','hostname','in','',2,'hostname','',''),(432,'7afbf68a3c06fbfd2559d083e5ead5ab',79,'Port','port','in','',5,'','','on'),(433,'2d2f8b68b4f093eddc86ff805b19ac2c',79,'Username','username','in','',3,'','','on'),(434,'3f935edf0d12de863def59c02b17c8f7',79,'Password','password','in','',4,'','','on'),(435,'e042d706d74e5c913b547ec8bfc7cd9b',79,'Serverid','serverid','in','',6,'','','on'),(436,'7717d70bb60fccb0dd5e88c5fddbd351',79,'Opened Tables','il','out','on',0,'','',''),(437,'a6e09170873f1fb277a2b95f6a07459a',79,'Open Files','ij','out','on',0,'','',''),(438,'76e703944ff9dc5e10c61bdc95f0ac53',79,'Open Tables','ik','out','on',0,'','',''),(439,'1fb6119d3d61fc252907abe3fb784eaf',79,'Table Cache','io','out','on',0,'','',''),(440,'1e18bc2f121f2e62990bc9744f8093a7',80,'Hostname','hostname','in','',2,'hostname','',''),(441,'29c38cce1d4d07edc1fe34ecd4008028',80,'Port','port','in','',5,'','','on'),(442,'37dd7a807c0f629eb2255cb68e7ae22a',80,'Username','username','in','',3,'','','on'),(443,'32dea72c6da7321961c6890f57d443bf',80,'Password','password','in','',4,'','','on'),(444,'5d4e1ee1dd0f2ca49954596229a26f0d',80,'Serverid','serverid','in','',6,'','','on'),(445,'dae83df175b99c3daf528becc132d3e8',80,'Threads Connected','iu','out','on',0,'','',''),(446,'5e7972ec32f9500b1c3d097d2adf4e37',80,'Threads Created','iv','out','on',0,'','',''),(447,'9e3474c954018d0b39e2b4c5edf388a3',80,'Threads Running','iw','out','on',0,'','',''),(448,'ef7ee514647412cd25925cccec177baf',80,'Threads Cached','it','out','on',0,'','',''),(449,'5adbe9f13c7afd427ae0947fa5d87aae',80,'Thread Cache Size','iy','out','on',0,'','',''),(450,'4984a6cf23b43395f483400e1e892db3',81,'Hostname','hostname','in','',2,'hostname','',''),(451,'8c826c803f78c5f181b009ccd08477ed',81,'Port','port','in','',5,'','','on'),(452,'2f286104fb6267c2b0246523b6f7fd60',81,'Username','username','in','',3,'','','on'),(453,'5451ffa0358865d59e0030cd97bf8074',81,'Password','password','in','',4,'','','on'),(454,'141595bbcf1ab7f472e4dfbe8b60e2b2',81,'Serverid','serverid','in','',6,'','','on'),(455,'dc2833697bee772765b94e627e23544c',81,'Total Mem Alloc','nl','out','on',0,'','',''),(456,'c87536ebfdb9158aa224cfb004350d4b',81,'Additional Pool Alloc','nm','out','on',0,'','',''),(457,'6880e76515aaac6cb4cafdfd42d8175a',82,'Hostname','hostname','in','',2,'hostname','',''),(458,'13a4c7ae44bcf327897e78faef04257f',82,'Port','port','in','',5,'','','on'),(459,'e0298677adec81102795f46cfcfcedd0',82,'Username','username','in','',3,'','','on'),(460,'f61096928f145700619e7fb8a337b3bd',82,'Password','password','in','',4,'','','on'),(461,'30ea503556abea62d512c877ae4039ec',82,'Serverid','serverid','in','',6,'','','on'),(462,'0fafe0705b1478b932577da40c2bcef9',82,'Hash Index Cells Total','nj','out','on',0,'','',''),(463,'f37040307da168dde8970e4298e13a3f',82,'Hash Index Cells Used','nk','out','on',0,'','',''),(464,'fb81e85fa1ae5cb03938d486249aa536',83,'Hostname','hostname','in','',2,'hostname','',''),(465,'d79be4856ba5184c9f5c9f68f897216d',83,'Port','port','in','',5,'','','on'),(466,'33ad6164835e956da286eef8339fd1cc',83,'Username','username','in','',3,'','','on'),(467,'f1dd638e304b8e86b9044cec28c8a570',83,'Password','password','in','',4,'','','on'),(468,'e3360674a75dda421857a35d668229c3',83,'Serverid','serverid','in','',6,'','','on'),(469,'012a63f2f91657122110bd696069a318',83,'Lock System Memory','nv','out','on',0,'','',''),(470,'93faf70a2348ea98e09caf5b6d246a37',83,'File System Memory','nu','out','on',0,'','',''),(471,'0dae94cc6c7ef58e7e611c96a446454f',83,'Page Hash Memory','ns','out','on',0,'','',''),(472,'29c7ea358a3beba846a7f6d485a9c4a0',83,'Thread Hash Memory','nx','out','on',0,'','',''),(473,'c911c6e188effabe90bc16f71c4d5a79',83,'Dictionary Cache Memory','nt','out','on',0,'','',''),(474,'bd2607bec2469de7d32e1142773c5706',83,'Recovery System Memory','nw','out','on',0,'','',''),(475,'a64a6c311cd5b0aa3bc14cb05824277f',83,'Adaptive Hash Memory','nr','out','on',0,'','',''),(476,'10a5a931937b566939b3a71d091f1543',84,'Hostname','hostname','in','',2,'hostname','',''),(477,'b573484b5747c698af0f73df08200ad0',84,'Port','port','in','',5,'','','on'),(478,'c8de3924bb19a33db070ef2ca2f2c3fd',84,'Username','username','in','',3,'','','on'),(479,'85442d5704425becd4a1c0b2bcbd220c',84,'Password','password','in','',4,'','','on'),(480,'8b225c6c9665fbba9941e3966dc1ccc3',84,'Serverid','serverid','in','',6,'','','on'),(481,'ac3bdee4ed5d88e1e8c2f049050400b5',84,'Innodb Locked Tables','lo','out','on',0,'','',''),(482,'a53e15269da77bf04dce7233b60907a6',84,'Innodb Tables In Use','nh','out','on',0,'','',''),(483,'71e7debe6e2a4dbde8d173248bc120e6',85,'Hostname','hostname','in','',2,'hostname','',''),(484,'ea814353032a322f5bb919632d3aedc4',85,'Port','port','in','',5,'','','on'),(485,'c79a5751d9341d9350e206d4a03f77f5',85,'Username','username','in','',3,'','','on'),(486,'6e3697a0e9e2a990c94b66baae2de7c0',85,'Password','password','in','',4,'','','on'),(487,'8ff01dd4944d989793ebbd08ef0aec2f',85,'Serverid','serverid','in','',6,'','','on'),(488,'1adeeb3ee2097922ae1435af203faeb9',85,'Innodb Lock Wait Secs','ni','out','on',0,'','',''),(489,'91c2ff570fd3c54a08ac6cef2c28926d',86,'Hostname','hostname','in','',2,'hostname','',''),(490,'f9e49bcbd18b80b111ce79d7a838a76f',86,'Port','port','in','',5,'','','on'),(491,'d496f1d967a1e7e0c84e76fbb81b964d',86,'Username','username','in','',3,'','','on'),(492,'0380c17f1dc6e7287152fd9560cdb1ea',86,'Password','password','in','',4,'','','on'),(493,'9b07e5fdeab28c1ed490be6b6be3c893',86,'Serverid','serverid','in','',6,'','','on'),(494,'a00fc31cb46de274e6dbb06a433f1ffd',86,'Innodb Lock Structs','lp','out','on',0,'','',''),(495,'63427b9862358dae8270ec597e49198f',87,'Hostname','hostname','in','',2,'hostname','',''),(496,'5ae41e287c3da4af9cf5ff629ca3d74f',87,'Port','port','in','',5,'','','on'),(497,'1f5066a76006ee4cdde507edb2932212',87,'Username','username','in','',3,'','','on'),(498,'ae53c94ccd1e548e9faa90879ec526c0',87,'Password','password','in','',4,'','','on'),(499,'80243c28fd1babccd660870761e2d9c4',87,'Serverid','serverid','in','',6,'','','on'),(500,'74793606c4a753706099cf13220d4583',87,'Uncheckpointed Bytes','nn','out','on',0,'','',''),(501,'564b918da78974a86135fdf7299c6e48',88,'Hostname','hostname','in','',2,'hostname','',''),(502,'c397e995ba3e04150692ee80cff936dd',88,'Port','port','in','',5,'','','on'),(503,'1d3a30285bfc7b4f10b1731383e043cb',88,'Username','username','in','',3,'','','on'),(504,'94bdf40f582afb2eb8f0dc66c2bbd2a6',88,'Password','password','in','',4,'','','on'),(505,'bdc6780150d312af1bd8b389cc9583a0',88,'Serverid','serverid','in','',6,'','','on'),(506,'562ced54dfb4efb6bf4800528c8826e9',88,'Innodb Row Lock Time','oj','out','on',0,'','',''),(507,'62099653ccc6f7dde0aef559ca3d57bb',89,'Hostname','hostname','in','',2,'hostname','',''),(508,'37268bdfdf000a9b01b6431b55bd2515',89,'Port','port','in','',5,'','','on'),(509,'e4b013b8b2a71f5f0f30d5b66c12e2bd',89,'Username','username','in','',3,'','','on'),(510,'9a7d54a9c0d6afc3a912da5a1db1165e',89,'Password','password','in','',4,'','','on'),(511,'df26173fc43a5e0de2063597517ce9d9',89,'Serverid','serverid','in','',6,'','','on'),(512,'88bcc8053c379a3e11163fb60d0a1909',89,'Innodb Row Lock Waits','ok','out','on',0,'','',''),(513,'e23e84db6e3ed07ea222ec64ed094fda',90,'Hostname','hostname','in','',2,'hostname','',''),(514,'884efb29163bcb3c765befa767e5d3f5',90,'Port','port','in','',5,'','','on'),(515,'e4210ba4df93af1a4697656ad5608daf',90,'Username','username','in','',3,'','','on'),(516,'610734d7473a550068c3581a0447b897',90,'Password','password','in','',4,'','','on'),(517,'90fd79d519be59b906dbf8dee021a5a4',90,'Serverid','serverid','in','',6,'','','on'),(518,'992de8144f80e0a78f09e4cfcad75587',90,'Innodb Sem Waits','ny','out','on',0,'','',''),(519,'25f594243c1172d3f963db5241538e3b',91,'Hostname','hostname','in','',2,'hostname','',''),(520,'74d732d07260f1737275fcf0c72e8ca9',91,'Port','port','in','',5,'','','on'),(521,'393b5a7abb9d3b506efca0ad944fe2d6',91,'Username','username','in','',3,'','','on'),(522,'3706ce36185456debf0834fd99acc480',91,'Password','password','in','',4,'','','on'),(523,'b47e96a08aa92a92af6130afb8904ecb',91,'Serverid','serverid','in','',6,'','','on'),(524,'ca5ef04dda2447274cb5f3bcd6837900',91,'Innodb Sem Wait Time Ms','nz','out','on',0,'','',''),(525,'2e3c57a0fba51952adbd8d8cf8902e33',92,'Hostname','hostname','in','',2,'hostname','',''),(526,'bcddc67ca26608bb475ef88f4aeb8249',92,'Port','port','in','',5,'','','on'),(527,'24151a56322ee27d8c37c10d653fea45',92,'Username','username','in','',3,'','','on'),(528,'cfc6249ee962f4fbe7d613e709ef6d2e',92,'Password','password','in','',4,'','','on'),(529,'b709b71e4dad1cce09318e76e6e4d2cc',92,'Serverid','serverid','in','',6,'','','on'),(530,'fc652711e17c314b98ea1664830f1cbb',92,'State Login','lw','out','on',0,'','',''),(531,'7e7df679b853f0a577d20bd708c61784',92,'State Closing Tables','lq','out','on',0,'','',''),(532,'d604ae518fbe6e9402e8216408c65d53',92,'State Sorting Result','mg','out','on',0,'','',''),(533,'8802ca02598be615c3af46701339156c',92,'State Preparing','lx','out','on',0,'','',''),(534,'4b46be8cb72cccd3c282e21b5d3d5621',92,'State Init','lu','out','on',0,'','',''),(535,'aac83626db23433abc9736c117e7eb84',92,'State Freeing Items','lt','out','on',0,'','',''),(536,'41a886707377b12658b4560c61664283',92,'State Locked','lv','out','on',0,'','',''),(537,'9cb9aa3a98f5008e201629730914c3a0',92,'State Writing To Net','mj','out','on',0,'','',''),(538,'5a184c2b55686097f8d2316053b5b7a7',92,'State Copying To Tmp Table','lr','out','on',0,'','',''),(539,'d6215b36d36a8d23576f7f4e8bf1d8a4',92,'State Other','ml','out','on',0,'','',''),(540,'5e0a14229856f3b2b3ce1e1f2df73faf',92,'State End','ls','out','on',0,'','',''),(541,'8a3075bd545fbcc0ab77ad4f00e83d00',92,'State None','mk','out','on',0,'','',''),(542,'6202eb7a183186c81812d220291f2df0',92,'State Reading From Net','ly','out','on',0,'','',''),(543,'c98959751945511f71fc71564063ac28',92,'State Sending Data','lz','out','on',0,'','',''),(544,'a348e1b4da9dec9dda6ea14c595e6932',92,'State Statistics','mh','out','on',0,'','',''),(545,'19067de8c3b39d27325c74df6755c8b8',92,'State Updating','mi','out','on',0,'','',''),(546,'fb572751eda1ba0e068769a49f268e39',93,'Hostname','hostname','in','',2,'hostname','',''),(547,'b6315d00c2fda49b43d3a7a0fae08bbc',93,'Port','port','in','',5,'','','on'),(548,'1f1f75d02806fbce85f711d86c320b45',93,'Username','username','in','',3,'','','on'),(549,'a8eaac949a637588d2fb376d50f1e0d0',93,'Password','password','in','',4,'','','on'),(550,'e4c9075483e0d6246908a5054160c0a4',93,'Serverid','serverid','in','',6,'','','on'),(551,'902f133f5f6e948146197c4d22476a37',93,'Handler Commit','mm','out','on',0,'','',''),(552,'9bda6ae9f2ba76dad792b86f43742710',93,'Handler Savepoint','mx','out','on',0,'','',''),(553,'c428c541808de94e9a34021acd98c4dc',93,'Handler Savepoint Rollback','my','out','on',0,'','',''),(554,'742a40bc2c218f71dce1a65fddefef38',93,'Handler Rollback','mw','out','on',0,'','',''),(555,'010ab87ad58048db81c71ab784dfc036',94,'Hostname','hostname','in','',2,'hostname','',''),(556,'d41f29e1f39e433100be638e01cf6255',94,'Port','port','in','',5,'','','on'),(557,'e1a4e1d8aef8d9407684114be4ef332a',94,'Username','username','in','',3,'','','on'),(558,'1bf5fb42cb7a630541c93ea1394f0f0a',94,'Password','password','in','',4,'','','on'),(559,'55450ecf96702573cbfa1cd94f9d1717',94,'Serverid','serverid','in','',6,'','','on'),(560,'4721efcdbbc45073f905394807569ed5',94,'Handler Delete','mn','out','on',0,'','',''),(561,'9bbda44a3706208ba25f53eeedf7b251',94,'Handler Read First','mq','out','on',0,'','',''),(562,'0a38952040c98d55083986747a9d8b8e',94,'Handler Read Prev','mt','out','on',0,'','',''),(563,'fe62e88fdf842804e3fc128787ca2548',94,'Handler Read Key','mr','out','on',0,'','',''),(564,'1322906aeb3ca2c2ab2b30970fad9edc',94,'Handler Read Rnd Next','mv','out','on',0,'','',''),(565,'aaff0fd41d8e214813909c2d0aa54112',94,'Handler Write','ng','out','on',0,'','',''),(566,'ee3a431b5eb47eeb455937454862a63c',94,'Handler Read Rnd','mu','out','on',0,'','',''),(567,'6709bbc43bdae23f15219ad1ba98e7ad',94,'Handler Update','mz','out','on',0,'','',''),(568,'d10711bdc1be1d7738d0d302662fd0c1',94,'Handler Read Next','ms','out','on',0,'','',''),(569,'87477c4deff6a96fc3ef09fe4a9ac338',95,'Hostname','hostname','in','',2,'hostname','',''),(570,'5f2c60c4276e23b1f856de5fd122cb6c',95,'Port','port','in','',5,'','','on'),(571,'8cdd3f24d0d16d6f52a5d5f44f13011f',95,'Username','username','in','',3,'','','on'),(572,'8b4fe20373a782a99245cc77cbf74e69',95,'Password','password','in','',4,'','','on'),(573,'a4dbb383355ab2e5fc5f77681db89ac8',95,'Serverid','serverid','in','',6,'','','on'),(574,'d8ed8804a2a9b8eeb0d1184f945126fb',95,'Query Time Count 07','os','out','on',0,'','',''),(575,'e1c0be6f9145d2f7c6a0021a075be219',95,'Query Time Count 12','ox','out','on',0,'','',''),(576,'f44369cc2b2110534a6e5a9c398c4d4a',95,'Query Time Count 13','oy','out','on',0,'','',''),(577,'29d6eb8762ec06e9b5c2b5ac372136e6',95,'Query Time Count 04','op','out','on',0,'','',''),(578,'0b5f72f88cab4dbb4b9f230c8156a535',95,'Query Time Count 09','ou','out','on',0,'','',''),(579,'5767398d9719bb0b21409e701f0c0127',95,'Query Time Count 10','ov','out','on',0,'','',''),(580,'71423bc0d46fccaaf25f6e2d6ea818d1',95,'Query Time Count 08','ot','out','on',0,'','',''),(581,'1c73a6539877d42a7f025292473c3dfd',95,'Query Time Count 02','on','out','on',0,'','',''),(582,'828c9dafd59110721b924ecb91712f89',95,'Query Time Count 11','ow','out','on',0,'','',''),(583,'a5eab67e66239d308f9720647dd377a7',95,'Query Time Count 01','om','out','on',0,'','',''),(584,'8d74e79bbe81e46384948363d6450c10',95,'Query Time Count 05','oq','out','on',0,'','',''),(585,'71ca975a84b8aa045dff58bf3fccf512',95,'Query Time Count 03','oo','out','on',0,'','',''),(586,'51ce0e56e56ccc15ce79d0a5c9b018f0',95,'Query Time Count 06','or','out','on',0,'','',''),(587,'fc8a92a52f17edf5534cf3e91c234972',95,'Query Time Count 00','ol','out','on',0,'','',''),(588,'c7515944198d7a7c8c7fba51ca7a4bd2',96,'Hostname','hostname','in','',2,'hostname','',''),(589,'6692d71bdd168cd6ec51bb1af7a8706d',96,'Port','port','in','',5,'','','on'),(590,'b31a9433cb0488745b0a6f1e5e3f941a',96,'Username','username','in','',3,'','','on'),(591,'a65e3cce269b6df5bc6225baf5e2fe0b',96,'Password','password','in','',4,'','','on'),(592,'51ab0a480919ff8a45eb819e6e8969a6',96,'Serverid','serverid','in','',6,'','','on'),(593,'f93126864ad7c328fd9eca272eaefdb1',96,'Query Time Total 04','pj','out','on',0,'','',''),(594,'3018646b6c4cfd4301f155ef06b5c941',96,'Query Time Total 03','pi','out','on',0,'','',''),(595,'ce6c891093b1d90ab8c8e33207768d65',96,'Query Time Total 08','pn','out','on',0,'','',''),(596,'393896b12c4b6a56ab36497784358e89',96,'Query Time Total 06','pl','out','on',0,'','',''),(597,'fed1e89e92ad69c5da96b632115b58bd',96,'Query Time Total 01','pg','out','on',0,'','',''),(598,'4c6ac6fec8817219a655badc713d4447',96,'Query Time Total 12','pr','out','on',0,'','',''),(599,'c8b8be84c06881a740252c1c7e6db761',96,'Query Time Total 09','po','out','on',0,'','',''),(600,'f6fad42d83701dd1ef0582724dbb3671',96,'Query Time Total 11','pq','out','on',0,'','',''),(601,'1a067b7495fdc7dcf7b74d467891adab',96,'Query Time Total 00','oz','out','on',0,'','',''),(602,'a67533f9bbc6b46b44c29083c148a190',96,'Query Time Total 13','ps','out','on',0,'','',''),(603,'3be2b2de292103692fa05cda9c666ff5',96,'Query Time Total 07','pm','out','on',0,'','',''),(604,'6758fa7987490b910aacbedceb9ffde8',96,'Query Time Total 05','pk','out','on',0,'','',''),(605,'aa38682f88a1111d5519f10c8d425c43',96,'Query Time Total 02','ph','out','on',0,'','',''),(606,'f08647bb3c147ad5310dda72f4044a98',96,'Query Time Total 10','pp','out','on',0,'','',''),(607,'3e502d00f18ff491439d8b97fa2016a8',97,'Hostname','hostname','in','',2,'hostname','',''),(608,'e0f0ceabc05d6fccdc5a6842a0629696',97,'Port','port','in','',5,'','','on'),(609,'188b3a0eb562f9a3433347406e9fd03c',97,'Username','username','in','',3,'','','on'),(610,'d8268b3bf78b904ea276b28812d73659',97,'Password','password','in','',4,'','','on'),(611,'8d1a3708e29c84ec6c21e373fabe8e19',97,'Serverid','serverid','in','',6,'','','on'),(612,'aeb404311664f9492ca9b171a6881573',97,'Pool Read Requests','qp','out','on',0,'','',''),(613,'a5806a736164cfd1600387f11481f3c4',97,'Pool Reads','qo','out','on',0,'','','');
/*!40000 ALTER TABLE `data_input_fields` ENABLE KEYS */;
UNLOCK TABLES;

--
-- Table structure for table `data_local`
--

DROP TABLE IF EXISTS `data_local`;
/*!40101 SET @saved_cs_client     = @@character_set_client */;
/*!40101 SET character_set_client = utf8 */;
CREATE TABLE `data_local` (
  `id` mediumint(8) unsigned NOT NULL AUTO_INCREMENT,
  `data_template_id` mediumint(8) unsigned NOT NULL DEFAULT '0',
  `host_id` mediumint(8) unsigned NOT NULL DEFAULT '0',
  `snmp_query_id` mediumint(8) NOT NULL DEFAULT '0',
  `snmp_index` varchar(255) COLLATE utf8mb4_unicode_ci NOT NULL DEFAULT '',
  PRIMARY KEY (`id`),
  KEY `data_template_id` (`data_template_id`),
  KEY `snmp_query_id` (`snmp_query_id`),
  KEY `snmp_index` (`snmp_index`(191)),
  KEY `host_id_snmp_query_id` (`host_id`,`snmp_query_id`)
) ENGINE=InnoDB AUTO_INCREMENT=242 DEFAULT CHARSET=utf8mb4 COLLATE=utf8mb4_unicode_ci;
/*!40101 SET character_set_client = @saved_cs_client */;

--
-- Dumping data for table `data_local`
--

LOCK TABLES `data_local` WRITE;
/*!40000 ALTER TABLE `data_local` DISABLE KEYS */;
INSERT INTO `data_local` VALUES (2,37,1,0,''),(3,38,1,0,''),(4,39,1,0,''),(5,40,1,0,''),(31,64,3,0,''),(32,65,3,0,''),(33,66,3,0,''),(34,67,3,0,''),(35,68,3,0,''),(36,78,3,0,''),(38,75,3,0,''),(40,76,3,0,''),(44,64,4,0,''),(45,65,4,0,''),(46,66,4,0,''),(47,67,4,0,''),(48,68,4,0,''),(49,78,4,0,''),(51,75,4,0,''),(52,76,4,0,''),(55,64,5,0,''),(56,65,5,0,''),(57,66,5,0,''),(58,67,5,0,''),(59,68,5,0,''),(60,78,5,0,''),(62,75,5,0,''),(63,76,5,0,''),(64,80,1,0,''),(65,81,1,0,''),(66,82,1,0,''),(67,83,1,0,''),(68,84,1,0,''),(71,64,1,0,''),(72,65,1,0,''),(73,66,1,0,''),(75,68,1,0,''),(76,78,1,0,''),(78,75,1,0,''),(79,76,1,0,''),(104,64,6,0,''),(105,65,6,0,''),(106,66,6,0,''),(107,67,6,0,''),(108,68,6,0,''),(109,78,6,0,''),(111,75,6,0,''),(112,76,6,0,''),(115,64,7,0,''),(116,65,7,0,''),(117,66,7,0,''),(118,67,7,0,''),(119,68,7,0,''),(120,78,7,0,''),(123,75,7,0,''),(124,76,7,0,''),(127,64,8,0,''),(128,65,8,0,''),(129,66,8,0,''),(130,67,8,0,''),(131,68,8,0,''),(132,78,8,0,''),(134,75,8,0,''),(135,76,8,0,''),(138,64,9,0,''),(139,65,9,0,''),(140,66,9,0,''),(141,67,9,0,''),(142,68,9,0,''),(143,78,9,0,''),(145,75,9,0,''),(146,76,9,0,''),(149,64,10,0,''),(150,65,10,0,''),(151,66,10,0,''),(152,67,10,0,''),(153,68,10,0,''),(154,78,10,0,''),(156,75,10,0,''),(157,76,10,0,''),(160,64,11,0,''),(161,65,11,0,''),(162,66,11,0,''),(163,67,11,0,''),(164,68,11,0,''),(165,78,11,0,''),(167,75,11,0,''),(168,76,11,0,''),(171,64,12,0,''),(172,65,12,0,''),(173,66,12,0,''),(174,67,12,0,''),(175,68,12,0,''),(176,78,12,0,''),(178,75,12,0,''),(179,76,12,0,''),(182,64,13,0,''),(183,65,13,0,''),(184,66,13,0,''),(185,67,13,0,''),(186,68,13,0,''),(187,78,13,0,''),(189,75,13,0,''),(190,76,13,0,''),(193,64,14,0,''),(194,65,14,0,''),(195,66,14,0,''),(196,67,14,0,''),(197,68,14,0,''),(198,78,14,0,''),(200,75,14,0,''),(201,76,14,0,''),(204,64,15,0,''),(205,65,15,0,''),(206,66,15,0,''),(207,67,15,0,''),(208,68,15,0,''),(209,78,15,0,''),(211,75,15,0,''),(212,76,15,0,''),(215,64,16,0,''),(216,65,16,0,''),(217,66,16,0,''),(218,67,16,0,''),(219,68,16,0,''),(220,78,16,0,''),(222,75,16,0,''),(223,76,16,0,'');
/*!40000 ALTER TABLE `data_local` ENABLE KEYS */;
UNLOCK TABLES;

--
-- Table structure for table `data_source_profiles`
--

DROP TABLE IF EXISTS `data_source_profiles`;
/*!40101 SET @saved_cs_client     = @@character_set_client */;
/*!40101 SET character_set_client = utf8 */;
CREATE TABLE `data_source_profiles` (
  `id` mediumint(8) unsigned NOT NULL AUTO_INCREMENT,
  `hash` varchar(32) COLLATE utf8mb4_unicode_ci NOT NULL DEFAULT '',
  `name` varchar(255) COLLATE utf8mb4_unicode_ci NOT NULL DEFAULT '',
  `step` int(10) unsigned NOT NULL DEFAULT '300',
  `heartbeat` int(10) unsigned NOT NULL DEFAULT '600',
  `x_files_factor` double DEFAULT '0.5',
  `default` char(2) COLLATE utf8mb4_unicode_ci DEFAULT '',
  PRIMARY KEY (`id`),
  KEY `name` (`name`(171))
) ENGINE=InnoDB AUTO_INCREMENT=4 DEFAULT CHARSET=utf8mb4 COLLATE=utf8mb4_unicode_ci COMMENT='Stores Data Source Profiles';
/*!40101 SET character_set_client = @saved_cs_client */;

--
-- Dumping data for table `data_source_profiles`
--

LOCK TABLES `data_source_profiles` WRITE;
/*!40000 ALTER TABLE `data_source_profiles` DISABLE KEYS */;
INSERT INTO `data_source_profiles` VALUES (1,'d62c52891f4f9688729a5bc9fad91b18','5 Minute Collection',300,600,0.5,'on'),(2,'c0dd0e46b9ca268e7ed4162d329f9215','30 Second Collection',30,1200,0.5,''),(3,'66d35da8f75c912ede3dbe901fedcae0','1 Minute Collection',60,600,0.5,'');
/*!40000 ALTER TABLE `data_source_profiles` ENABLE KEYS */;
UNLOCK TABLES;

--
-- Table structure for table `data_source_profiles_cf`
--

DROP TABLE IF EXISTS `data_source_profiles_cf`;
/*!40101 SET @saved_cs_client     = @@character_set_client */;
/*!40101 SET character_set_client = utf8 */;
CREATE TABLE `data_source_profiles_cf` (
  `data_source_profile_id` mediumint(8) unsigned NOT NULL DEFAULT '0',
  `consolidation_function_id` smallint(5) unsigned NOT NULL DEFAULT '0',
  PRIMARY KEY (`data_source_profile_id`,`consolidation_function_id`),
  KEY `data_source_profile_id` (`data_source_profile_id`)
) ENGINE=InnoDB DEFAULT CHARSET=utf8mb4 COLLATE=utf8mb4_unicode_ci COMMENT='Maps the Data Source Profile Consolidation Functions';
/*!40101 SET character_set_client = @saved_cs_client */;

--
-- Dumping data for table `data_source_profiles_cf`
--

LOCK TABLES `data_source_profiles_cf` WRITE;
/*!40000 ALTER TABLE `data_source_profiles_cf` DISABLE KEYS */;
INSERT INTO `data_source_profiles_cf` VALUES (1,1),(1,2),(1,3),(1,4),(2,1),(2,2),(2,3),(2,4),(3,1),(3,2),(3,3),(3,4);
/*!40000 ALTER TABLE `data_source_profiles_cf` ENABLE KEYS */;
UNLOCK TABLES;

--
-- Table structure for table `data_source_profiles_rra`
--

DROP TABLE IF EXISTS `data_source_profiles_rra`;
/*!40101 SET @saved_cs_client     = @@character_set_client */;
/*!40101 SET character_set_client = utf8 */;
CREATE TABLE `data_source_profiles_rra` (
  `id` mediumint(8) unsigned NOT NULL AUTO_INCREMENT,
  `data_source_profile_id` mediumint(8) unsigned NOT NULL DEFAULT '0',
  `name` varchar(255) COLLATE utf8mb4_unicode_ci NOT NULL DEFAULT '',
  `steps` int(10) unsigned DEFAULT '1',
  `rows` int(10) unsigned NOT NULL DEFAULT '700',
  `timespan` int(10) unsigned NOT NULL DEFAULT '0',
  PRIMARY KEY (`id`),
  KEY `data_source_profile_id` (`data_source_profile_id`)
) ENGINE=InnoDB AUTO_INCREMENT=13 DEFAULT CHARSET=utf8mb4 COLLATE=utf8mb4_unicode_ci COMMENT='Stores RRA Definitions for Data Source Profiles';
/*!40101 SET character_set_client = @saved_cs_client */;

--
-- Dumping data for table `data_source_profiles_rra`
--

LOCK TABLES `data_source_profiles_rra` WRITE;
/*!40000 ALTER TABLE `data_source_profiles_rra` DISABLE KEYS */;
INSERT INTO `data_source_profiles_rra` VALUES (1,1,'Daily (5 Minute Average)',1,600,86400),(2,1,'Weekly (30 Minute Average)',6,700,604800),(3,1,'Monthly (2 Hour Average)',24,775,2618784),(4,1,'Yearly (1 Day Average)',288,797,31536000),(5,2,'Daily (30 Second Average)',1,1500,86400),(6,2,'Weekly (15 Minute Average)',30,1346,604800),(7,2,'Monthly (1 Hour Average)',120,1445,2618784),(8,2,'Yearly (4 Hour Average)',480,4380,31536000),(9,3,'Daily (1 Minute Average)',1,2900,86400),(10,3,'Weekly (15 Minute Average)',15,1400,604800),(11,3,'Monthly (1 Hour Average)',60,1465,2618784),(12,3,'Yearly (4 Hour Average)',240,4380,31536000);
/*!40000 ALTER TABLE `data_source_profiles_rra` ENABLE KEYS */;
UNLOCK TABLES;

--
-- Table structure for table `data_source_purge_action`
--

DROP TABLE IF EXISTS `data_source_purge_action`;
/*!40101 SET @saved_cs_client     = @@character_set_client */;
/*!40101 SET character_set_client = utf8 */;
CREATE TABLE `data_source_purge_action` (
  `id` int(10) unsigned NOT NULL AUTO_INCREMENT,
  `name` varchar(128) COLLATE utf8mb4_unicode_ci NOT NULL DEFAULT '',
  `local_data_id` mediumint(8) unsigned NOT NULL DEFAULT '0',
  `action` tinyint(2) NOT NULL DEFAULT '0',
  PRIMARY KEY (`id`),
  UNIQUE KEY `name` (`name`)
) ENGINE=InnoDB DEFAULT CHARSET=utf8mb4 COLLATE=utf8mb4_unicode_ci COMMENT='RRD Cleaner File Actions';
/*!40101 SET character_set_client = @saved_cs_client */;

--
-- Dumping data for table `data_source_purge_action`
--

LOCK TABLES `data_source_purge_action` WRITE;
/*!40000 ALTER TABLE `data_source_purge_action` DISABLE KEYS */;
/*!40000 ALTER TABLE `data_source_purge_action` ENABLE KEYS */;
UNLOCK TABLES;

--
-- Table structure for table `data_source_purge_temp`
--

DROP TABLE IF EXISTS `data_source_purge_temp`;
/*!40101 SET @saved_cs_client     = @@character_set_client */;
/*!40101 SET character_set_client = utf8 */;
CREATE TABLE `data_source_purge_temp` (
  `id` int(10) unsigned NOT NULL AUTO_INCREMENT,
  `name_cache` varchar(255) COLLATE utf8mb4_unicode_ci NOT NULL DEFAULT '',
  `local_data_id` mediumint(8) unsigned NOT NULL DEFAULT '0',
  `name` varchar(128) COLLATE utf8mb4_unicode_ci NOT NULL DEFAULT '',
  `size` int(10) unsigned NOT NULL DEFAULT '0',
  `last_mod` timestamp NOT NULL DEFAULT '0000-00-00 00:00:00',
  `in_cacti` tinyint(4) NOT NULL DEFAULT '0',
  `data_template_id` mediumint(8) unsigned NOT NULL DEFAULT '0',
  PRIMARY KEY (`id`),
  UNIQUE KEY `name` (`name`),
  KEY `local_data_id` (`local_data_id`),
  KEY `in_cacti` (`in_cacti`),
  KEY `data_template_id` (`data_template_id`)
) ENGINE=InnoDB DEFAULT CHARSET=utf8mb4 COLLATE=utf8mb4_unicode_ci COMMENT='RRD Cleaner File Repository';
/*!40101 SET character_set_client = @saved_cs_client */;

--
-- Dumping data for table `data_source_purge_temp`
--

LOCK TABLES `data_source_purge_temp` WRITE;
/*!40000 ALTER TABLE `data_source_purge_temp` DISABLE KEYS */;
/*!40000 ALTER TABLE `data_source_purge_temp` ENABLE KEYS */;
UNLOCK TABLES;

--
-- Table structure for table `data_source_stats_daily`
--

DROP TABLE IF EXISTS `data_source_stats_daily`;
/*!40101 SET @saved_cs_client     = @@character_set_client */;
/*!40101 SET character_set_client = utf8 */;
CREATE TABLE `data_source_stats_daily` (
  `local_data_id` mediumint(8) unsigned NOT NULL,
  `rrd_name` varchar(19) COLLATE utf8mb4_unicode_ci NOT NULL,
  `average` double DEFAULT NULL,
  `peak` double DEFAULT NULL,
  PRIMARY KEY (`local_data_id`,`rrd_name`)
) ENGINE=InnoDB DEFAULT CHARSET=utf8mb4 COLLATE=utf8mb4_unicode_ci;
/*!40101 SET character_set_client = @saved_cs_client */;

--
-- Dumping data for table `data_source_stats_daily`
--

LOCK TABLES `data_source_stats_daily` WRITE;
/*!40000 ALTER TABLE `data_source_stats_daily` DISABLE KEYS */;
/*!40000 ALTER TABLE `data_source_stats_daily` ENABLE KEYS */;
UNLOCK TABLES;

--
-- Table structure for table `data_source_stats_hourly`
--

DROP TABLE IF EXISTS `data_source_stats_hourly`;
/*!40101 SET @saved_cs_client     = @@character_set_client */;
/*!40101 SET character_set_client = utf8 */;
CREATE TABLE `data_source_stats_hourly` (
  `local_data_id` mediumint(8) unsigned NOT NULL,
  `rrd_name` varchar(19) COLLATE utf8mb4_unicode_ci NOT NULL,
  `average` double DEFAULT NULL,
  `peak` double DEFAULT NULL,
  PRIMARY KEY (`local_data_id`,`rrd_name`)
) ENGINE=InnoDB DEFAULT CHARSET=utf8mb4 COLLATE=utf8mb4_unicode_ci;
/*!40101 SET character_set_client = @saved_cs_client */;

--
-- Dumping data for table `data_source_stats_hourly`
--

LOCK TABLES `data_source_stats_hourly` WRITE;
/*!40000 ALTER TABLE `data_source_stats_hourly` DISABLE KEYS */;
/*!40000 ALTER TABLE `data_source_stats_hourly` ENABLE KEYS */;
UNLOCK TABLES;

--
-- Table structure for table `data_source_stats_hourly_cache`
--

DROP TABLE IF EXISTS `data_source_stats_hourly_cache`;
/*!40101 SET @saved_cs_client     = @@character_set_client */;
/*!40101 SET character_set_client = utf8 */;
CREATE TABLE `data_source_stats_hourly_cache` (
  `local_data_id` mediumint(8) unsigned NOT NULL,
  `rrd_name` varchar(19) COLLATE utf8mb4_unicode_ci NOT NULL,
  `time` timestamp NOT NULL DEFAULT '0000-00-00 00:00:00',
  `value` double DEFAULT NULL,
  PRIMARY KEY (`local_data_id`,`time`,`rrd_name`),
  KEY `time` (`time`) USING BTREE
) ENGINE=InnoDB DEFAULT CHARSET=utf8mb4 COLLATE=utf8mb4_unicode_ci;
/*!40101 SET character_set_client = @saved_cs_client */;

--
-- Dumping data for table `data_source_stats_hourly_cache`
--

LOCK TABLES `data_source_stats_hourly_cache` WRITE;
/*!40000 ALTER TABLE `data_source_stats_hourly_cache` DISABLE KEYS */;
/*!40000 ALTER TABLE `data_source_stats_hourly_cache` ENABLE KEYS */;
UNLOCK TABLES;

--
-- Table structure for table `data_source_stats_hourly_last`
--

DROP TABLE IF EXISTS `data_source_stats_hourly_last`;
/*!40101 SET @saved_cs_client     = @@character_set_client */;
/*!40101 SET character_set_client = utf8 */;
CREATE TABLE `data_source_stats_hourly_last` (
  `local_data_id` mediumint(8) unsigned NOT NULL,
  `rrd_name` varchar(19) COLLATE utf8mb4_unicode_ci NOT NULL,
  `value` double DEFAULT NULL,
  `calculated` double DEFAULT NULL,
  PRIMARY KEY (`local_data_id`,`rrd_name`)
) ENGINE=InnoDB DEFAULT CHARSET=utf8mb4 COLLATE=utf8mb4_unicode_ci;
/*!40101 SET character_set_client = @saved_cs_client */;

--
-- Dumping data for table `data_source_stats_hourly_last`
--

LOCK TABLES `data_source_stats_hourly_last` WRITE;
/*!40000 ALTER TABLE `data_source_stats_hourly_last` DISABLE KEYS */;
/*!40000 ALTER TABLE `data_source_stats_hourly_last` ENABLE KEYS */;
UNLOCK TABLES;

--
-- Table structure for table `data_source_stats_monthly`
--

DROP TABLE IF EXISTS `data_source_stats_monthly`;
/*!40101 SET @saved_cs_client     = @@character_set_client */;
/*!40101 SET character_set_client = utf8 */;
CREATE TABLE `data_source_stats_monthly` (
  `local_data_id` mediumint(8) unsigned NOT NULL,
  `rrd_name` varchar(19) COLLATE utf8mb4_unicode_ci NOT NULL,
  `average` double DEFAULT NULL,
  `peak` double DEFAULT NULL,
  PRIMARY KEY (`local_data_id`,`rrd_name`)
) ENGINE=InnoDB DEFAULT CHARSET=utf8mb4 COLLATE=utf8mb4_unicode_ci;
/*!40101 SET character_set_client = @saved_cs_client */;

--
-- Dumping data for table `data_source_stats_monthly`
--

LOCK TABLES `data_source_stats_monthly` WRITE;
/*!40000 ALTER TABLE `data_source_stats_monthly` DISABLE KEYS */;
/*!40000 ALTER TABLE `data_source_stats_monthly` ENABLE KEYS */;
UNLOCK TABLES;

--
-- Table structure for table `data_source_stats_weekly`
--

DROP TABLE IF EXISTS `data_source_stats_weekly`;
/*!40101 SET @saved_cs_client     = @@character_set_client */;
/*!40101 SET character_set_client = utf8 */;
CREATE TABLE `data_source_stats_weekly` (
  `local_data_id` mediumint(8) unsigned NOT NULL,
  `rrd_name` varchar(19) COLLATE utf8mb4_unicode_ci NOT NULL,
  `average` double DEFAULT NULL,
  `peak` double DEFAULT NULL,
  PRIMARY KEY (`local_data_id`,`rrd_name`)
) ENGINE=InnoDB DEFAULT CHARSET=utf8mb4 COLLATE=utf8mb4_unicode_ci;
/*!40101 SET character_set_client = @saved_cs_client */;

--
-- Dumping data for table `data_source_stats_weekly`
--

LOCK TABLES `data_source_stats_weekly` WRITE;
/*!40000 ALTER TABLE `data_source_stats_weekly` DISABLE KEYS */;
/*!40000 ALTER TABLE `data_source_stats_weekly` ENABLE KEYS */;
UNLOCK TABLES;

--
-- Table structure for table `data_source_stats_yearly`
--

DROP TABLE IF EXISTS `data_source_stats_yearly`;
/*!40101 SET @saved_cs_client     = @@character_set_client */;
/*!40101 SET character_set_client = utf8 */;
CREATE TABLE `data_source_stats_yearly` (
  `local_data_id` mediumint(8) unsigned NOT NULL,
  `rrd_name` varchar(19) COLLATE utf8mb4_unicode_ci NOT NULL,
  `average` double DEFAULT NULL,
  `peak` double DEFAULT NULL,
  PRIMARY KEY (`local_data_id`,`rrd_name`)
) ENGINE=InnoDB DEFAULT CHARSET=utf8mb4 COLLATE=utf8mb4_unicode_ci;
/*!40101 SET character_set_client = @saved_cs_client */;

--
-- Dumping data for table `data_source_stats_yearly`
--

LOCK TABLES `data_source_stats_yearly` WRITE;
/*!40000 ALTER TABLE `data_source_stats_yearly` DISABLE KEYS */;
/*!40000 ALTER TABLE `data_source_stats_yearly` ENABLE KEYS */;
UNLOCK TABLES;

--
-- Table structure for table `data_template`
--

DROP TABLE IF EXISTS `data_template`;
/*!40101 SET @saved_cs_client     = @@character_set_client */;
/*!40101 SET character_set_client = utf8 */;
CREATE TABLE `data_template` (
  `id` mediumint(8) unsigned NOT NULL AUTO_INCREMENT,
  `hash` varchar(32) COLLATE utf8mb4_unicode_ci NOT NULL DEFAULT '',
  `name` varchar(150) COLLATE utf8mb4_unicode_ci NOT NULL DEFAULT '',
  PRIMARY KEY (`id`),
  KEY `name` (`name`)
) ENGINE=InnoDB AUTO_INCREMENT=128 DEFAULT CHARSET=utf8mb4 COLLATE=utf8mb4_unicode_ci;
/*!40101 SET character_set_client = @saved_cs_client */;

--
-- Dumping data for table `data_template`
--

LOCK TABLES `data_template` WRITE;
/*!40000 ALTER TABLE `data_template` DISABLE KEYS */;
INSERT INTO `data_template` VALUES (1,'e6b434046f851853292fac0b514c7947','Cacti Stats - Main Poller'),(2,'7980e9b1409539abf815725d7c6728ba','Cacti Stats -  Boost'),(3,'69a71738d7425cc911fba8d7b6df302a','Cacti Stats - Total Poller Items'),(4,'6912381baf16d9fb524ebbdaffe0dae8','Cacti Stats - Recache (Legacy)'),(5,'0eddb382f3710ee3d1de28734ad2519c','Cacti Stats - Boost Memory'),(6,'8b5a5d7963ff703ac57275b3bca99aa5','Cacti Stats - User Stats'),(7,'bc1bbeab6ee28a5ba3e82834eab10277','Cacti Stats - Export Graphs (Legacy)'),(8,'2d59c2529f7da926447ce23c1bd7ac03','Cacti Stats - Export Duration (Legacy)'),(9,'ebb39b5767589493cacc2499b3749903','Cacti Stats - Syslog Activity'),(10,'e82c29e393bf507d2008f0e38dda3207','Cacti Stats - Syslog Runtime'),(11,'1a16ad2e6d8906c291cca30e65d639bb','Cacti Stats - Syslog Alerts/Reports'),(12,'789c0125513a2b036be3458b6962987f','Cacti Stats - Thold Runtime'),(13,'ba53784d505b9291ce669e931db1636a','Cacti Stats - Boost Average Row Size'),(14,'a709292afadb954d707e64aaae058d5c','Cacti Stats - Boost Records'),(15,'e4ee5be8ff17271aaee5021aea04fee1','Cacti Stats - Boost Table Size'),(16,'e200f1a5a3f1fcee859695c2fedb8abf','Cacti Stats - Boost Timing Detail'),(17,'b9b5bb0e16eed9ac05f321a2098cd865','Cacti Stats - Collector Time'),(18,'19c06196312997b1d630fb9dba10513b','Cacti Stats - Collector Items'),(19,'688d0ddfe876aafb261fa91bf6a66d7b','Cacti Stats - Collector Settings'),(20,'a44346d1525119a7d28c71503fd30ae2','Cacti Stats - Collector Recache Stats'),(21,'6d056e47e81b729d10854dd66e65ea2b','Cacti Stats - WebSeer Timing'),(22,'b3baa48be94a6e80831748f3e8e988bf','Cacti Stats - WebSeer Download Size'),(23,'452d871bae40fc3efce0a0f8ccf7d525','Cacti Stats - WebSeer Download Speed'),(24,'3a36e0538c6b25b30ebb6deda6dc9965','Cacti Stats - WebSeer Status'),(25,'10150b44b528614c46fe0a244c9d1fe4','Cacti Stats - Export Graphs'),(26,'7fc923d81fd11083628731e271c3fa6a','Cacti Stats - Export Duration'),(27,'e9def3a0e409f517cb804dfeba4ccd90','Cisco Router - 5 Minute CPU'),(28,'d9231d03b0a160ba8f3ec82a43c503e9','Device - Polling Time'),(29,'bb5b2aad7fd40afa8e35f62567d5c9c9','Device - Uptime'),(30,'6632e1e0b58a565c135d7ff90440c335','Interface - Traffic'),(31,'36335cd98633963a575b70639cd2fdad','Interface - Errors/Discards'),(32,'2f654f7d69ac71a5d56b1db8543ccad3','Interface - Unicast Packets'),(33,'c84e511401a747409053c90ba910d0fe','Interface - Non-Unicast Packets'),(34,'a30a81cb1de65b52b7da542c8df3f188','Unix - Ping Host'),(35,'d429e4a6019c91e6e84562593c1968ca','SNMP - Generic OID Template'),(36,'9b8c92d3c32703900ff7dd653bfc9cd8','Unix - Processes'),(37,'9e72511e127de200733eb502eb818e1d','Unix - Load Average'),(38,'c221c2164c585b6da378013a7a6a2c13','Unix - Logged in Users'),(39,'dc33aa9a8e71fb7c61ec0e7a6da074aa','Linux - Memory - Free'),(40,'41f55087d067142d702dd3c73c98f020','Linux - Memory - Free Swap'),(41,'e4ac6919d4f6f21ec5b281a1d6ac4d4e','Unix - Hard Drive Space'),(42,'9b82d44eb563027659683765f92c9757','Net-SNMP - Load Average - 1 Minute'),(43,'87847714d19f405ff3c74f3341b3f940','Net-SNMP - Load Average - 5 Minute'),(44,'308ac157f24e2763f8cd828a80b3e5ff','Net-SNMP - Load Average - 15 Minute'),(45,'797a3e92b0039841b52e441a2823a6fb','Net-SNMP - Memory - Buffers'),(46,'fa15932d3cab0da2ab94c69b1a9f5ca7','Net-SNMP - Memory - Free'),(47,'a274deec1f78654dca6c446ba75ebca4','Net-SNMP - Memory - Cache'),(48,'728f3b41490e37c1697b6567fb661571','Net-SNMP - Memory - Total'),(49,'2ef027cc76d75720ee5f7a528f0f1fda','Host MIB - Logged in Users'),(50,'f383db441d1c246cff8482f15e184e5f','Host MIB - Processes'),(51,'a62bcd64c0904d1e239a129f6e3d7edf','Net-SNMP - CPU - System'),(52,'95946b5f47886771421a40dcc2d6d13c','Net-SNMP - CPU - User'),(53,'565b2c6597b96995ecc93083e625d6bf','Net-SNMP - CPU - Idle'),(54,'5cd3c67ceec2e04bd4f9173b79ddbc3c','Net-SNMP - Interrupts'),(55,'430e64b44e8c906747d00d8390011cc2','Net-SNMP - Context Switches'),(56,'f459faf705e1dfa06a609d390e87d265','Net-SNMP - Combined SCSI Disk I/O'),(57,'4b809fe1bacb0f92c5cdc6d1346ed251','Net-SNMP - Combined SCSI Disk Bytes'),(58,'c8a8f50f5f4a465368222594c5709ede','Net-SNMP - Hard Drive Space'),(59,'d814fa3b79bd0f8933b6e0834d3f16d0','Host MIB - Hard Drive Space'),(60,'f6e7d21c19434666bbdac00ccef9932f','Host MIB - CPU Utilization'),(61,'520349abb0429ae09302de76d090204b','Net-SNMP - Device I/O'),(62,'8f7fc88fe4b5cece5fc6f939c9704b50','Percona Interrupts DT'),(63,'5387dc46b59f974b930441c895bb94f4','Percona Context Switches DT'),(64,'ae5705deb36c0d7a1a0b52167aa164e1','Percona Forks DT'),(65,'fe3ea40c9102668f3f30bb7e5ff72e8b','Percona CPU Usage DT'),(66,'a49932fa006d8fd56e9bdedeb04376f8','Percona Load Average DT'),(67,'8cf92104c9795f22e5a137bf9c5e191e','Percona Number of Users DT'),(68,'23277f8a6163f89ef0e05597a8634032','Percona Memory DT'),(69,'eefb9221756a10086844492dd213fb29','Percona Disk Operations DT'),(70,'9922e8abb619a36a12a0da350b33c783','Percona Disk Sectors Read/Written DT'),(71,'5317c316996a272c666b2323a68bb9fb','Percona Disk Read/Write Time (ms) DT'),(72,'4452a87db2ca6547f581534cd84d2d5f','Percona Disk Read/Write Time per IO Request (ms) DT'),(73,'6aa2bc69635c41f4c2fe291a9d58d3b8','Percona Disk Elapsed IO Time (ms) DT'),(74,'4a4782a93169cd9df1351b0018b78cfc','Percona Disk IOPS DT'),(75,'1703de46efd88138cdd1bfe61613706e','Percona Disk Space DT'),(76,'687964fc0a8b6fb23029c69b97653789','Percona Network Traffic DT'),(77,'facc72f0c33a2a47b5e15eb84519849a','Percona Network Errors DT'),(78,'95a8a67041e4c4b86c79af02f5adecc3','Percona Network Connection States DT'),(79,'f3bdaa6d7c29cb31b1c5e6a372efa5d4','Percona Swap Usage DT'),(80,'f9c42195d10d5c43ae680625c29ecf5c','Percona Apache Requests DT'),(81,'4aaee4ddc5048cf427e5a077783e0073','Percona Apache Bytes DT'),(82,'9cdf1586ca4c148131787a4431545684','Percona Apache CPU Load DT'),(83,'f55da464cbc351f2b006438816194720','Percona Apache Workers DT'),(84,'6e5719ef70d8a9a820103eb07f336756','Percona Apache Scoreboard DT'),(85,'1bc64a50becd57f2ded2d3310ea2425b','Percona MyISAM Indexes DT'),(86,'3256f03758d0648ae9f065ab8b5d3237','Percona MyISAM Key Cache DT'),(87,'a95957302b6b4841563f4f8bff53c196','Percona InnoDB Buffer Pool DT'),(88,'2832d758707ee42c7e4dc56fd954ff49','Percona InnoDB I/O DT'),(89,'51f2ca909cb855b9ce55d2edc381fcdb','Percona InnoDB Insert Buffer DT'),(90,'daa7cfb939a07c834890b9c741113820','Percona InnoDB Insert Buffer Usage DT'),(91,'32efdb28122ad8fc13781a3516786284','Percona InnoDB Semaphores DT'),(92,'945efc3aef3131f5cd18c853a4ab69bc','Percona InnoDB Row Operations DT'),(93,'ff4afa012799ff00c6d3b4b952279364','Percona MySQL Table Locks DT'),(94,'ff1062a865af90010ebf9f2523faba30','Percona MySQL Connections DT'),(95,'eee3bf2d001ae6ce70674e8b6e4ea060','Percona MySQL Replication DT'),(96,'dcb49bb998333603cb3b5df43ea8c44e','Percona MySQL Query Cache DT'),(97,'ae8ab2b95959ea1416500257bb8f97a8','Percona MySQL Query Cache Memory DT'),(98,'4282b0c48e51295bd2db05791462624a','Percona MySQL Command Counters DT'),(99,'9e4c4dd2fc8107703fcde2a94e8af785','Percona MySQL Select Types DT'),(100,'bba70f9de6d0159616e947417459ea67','Percona MySQL Sorts DT'),(101,'d0d18f331e3a7eb32e43109ee0eb0bdc','Percona MySQL Temporary Objects DT'),(102,'a9306eb70bd17877efefbd3225a0f1bc','Percona MySQL Network Traffic DT'),(103,'ff6342ba145a883cacfa1bf5e8cb5114','Percona InnoDB Buffer Pool Activity DT'),(104,'8f5f47efb3af16a6f3b877ddb5deba6d','Percona InnoDB I/O Pending DT'),(105,'fba9a4ab432ec622fea54cb776a85e29','Percona InnoDB Log DT'),(106,'cd62ce5984a3e9deee558f734be52827','Percona MySQL Binary/Relay Logs DT'),(107,'f6a40e01342f29e217f54be82730974b','Percona InnoDB Transactions DT'),(108,'22ea7c024900ad5e99ff56574a21d7ca','Percona InnoDB Transactions Active/Locked DT'),(109,'2725cfdffa6cefd9469b4ca9b673d274','Percona MySQL Files and Tables DT'),(110,'7dd35ba30e2d400558fa57d4344d50ca','Percona MySQL Threads DT'),(111,'702f05110733511b7a25a3197dd840bf','Percona InnoDB Memory Allocation DT'),(112,'34c60491d2ae6360e5c5f68b9bc7e264','Percona InnoDB Adaptive Hash Index DT'),(113,'0e1e424aab246d390ac689c2c0f5524a','Percona InnoDB Internal Hash Memory Usage DT'),(114,'1f5baad834742b7e35ccde8bf94a017d','Percona InnoDB Tables In Use DT'),(115,'426e9d4cd77440b7a1a981ba98abea4e','Percona InnoDB Current Lock Waits DT'),(116,'79df6175ecab8b8b34c6eeb2885b5a38','Percona InnoDB Lock Structures DT'),(117,'287b4780090438797b4a78a38d044875','Percona InnoDB Checkpoint Age DT'),(118,'e9e1ed39d2e0a821682503c6871c2955','Percona InnoDB Row Lock Time DT'),(119,'b1021a92a3451fd282ecc6e869d4ab3c','Percona InnoDB Row Lock Waits DT'),(120,'ff1beae64d8885b71893d3e79de8ac91','Percona InnoDB Semaphore Waits DT'),(121,'061e2e08fd372c668999e43eb68d8bbc','Percona InnoDB Semaphore Wait Time DT'),(122,'4b5c83ab7f24f8c327c88a6e4ac1ce60','Percona MySQL Processlist DT'),(123,'a497f9944bde3dd8decfc64061b8ddcb','Percona MySQL Transaction Handler DT'),(124,'1744198aeba5c6af715886d6062110f4','Percona MySQL Handlers DT'),(125,'6d146f32149bf7c394da56d798c81df9','Percona MySQL Query Time Histogram (Count) DT'),(126,'eef7730aa743c8f0f65c2412ed502b8d','Percona MySQL Query Response Time (Microseconds) DT'),(127,'95b5e55a88a5d21f941f70b930d1251f','Percona InnoDB Buffer Pool Efficiency DT');
/*!40000 ALTER TABLE `data_template` ENABLE KEYS */;
UNLOCK TABLES;

--
-- Table structure for table `data_template_data`
--

DROP TABLE IF EXISTS `data_template_data`;
/*!40101 SET @saved_cs_client     = @@character_set_client */;
/*!40101 SET character_set_client = utf8 */;
CREATE TABLE `data_template_data` (
  `id` mediumint(8) unsigned NOT NULL AUTO_INCREMENT,
  `local_data_template_data_id` mediumint(8) unsigned NOT NULL DEFAULT '0',
  `local_data_id` mediumint(8) unsigned NOT NULL DEFAULT '0',
  `data_template_id` mediumint(8) unsigned NOT NULL DEFAULT '0',
  `data_input_id` mediumint(8) unsigned NOT NULL DEFAULT '0',
  `t_name` char(2) COLLATE utf8mb4_unicode_ci DEFAULT NULL,
  `name` varchar(250) COLLATE utf8mb4_unicode_ci NOT NULL DEFAULT '',
  `name_cache` varchar(255) COLLATE utf8mb4_unicode_ci NOT NULL DEFAULT '',
  `data_source_path` varchar(255) COLLATE utf8mb4_unicode_ci DEFAULT '',
  `t_active` char(2) COLLATE utf8mb4_unicode_ci DEFAULT '',
  `active` char(2) COLLATE utf8mb4_unicode_ci DEFAULT NULL,
  `t_rrd_step` char(2) COLLATE utf8mb4_unicode_ci DEFAULT '',
  `rrd_step` mediumint(8) unsigned NOT NULL DEFAULT '0',
  `t_data_source_profile_id` char(2) COLLATE utf8mb4_unicode_ci DEFAULT '',
  `data_source_profile_id` mediumint(8) unsigned NOT NULL DEFAULT '1',
  PRIMARY KEY (`id`),
  KEY `local_data_id` (`local_data_id`),
  KEY `data_template_id` (`data_template_id`),
  KEY `data_input_id` (`data_input_id`),
  KEY `name_cache` (`name_cache`(191))
) ENGINE=InnoDB AUTO_INCREMENT=369 DEFAULT CHARSET=utf8mb4 COLLATE=utf8mb4_unicode_ci;
/*!40101 SET character_set_client = @saved_cs_client */;

--
-- Dumping data for table `data_template_data`
--

LOCK TABLES `data_template_data` WRITE;
/*!40000 ALTER TABLE `data_template_data` DISABLE KEYS */;
INSERT INTO `data_template_data` VALUES (1,0,0,1,13,'','Cacti Stats - Main Poller','','','','on','',300,'',1),(2,0,0,2,14,'','Cacti Stats - Boost','','','','on','',300,'',1),(3,0,0,3,15,'','Cacti Stats - Total Poller Items','','','','on','',300,'',1),(4,0,0,4,16,'','Cacti Stats - Recache (Legacy)','','','','on','',300,'',1),(5,0,0,5,17,'','Cacti Stats - Boost Memory','','','','on','',300,'',1),(6,0,0,6,18,'','Cacti Stats - User Stats','','','','on','',300,'',1),(7,0,0,7,19,'','Cacti Stats - Export Graphs (Legacy)','','','','on','',300,'',1),(8,0,0,8,20,'','Cacti Stats - Export Duration (Legacy)','','','','on','',300,'',1),(9,0,0,9,21,'','Cacti Stats - Syslog Activity','','','','on','',300,'',1),(10,0,0,10,22,'','Cacti Stats - Syslog Runtime','','','','on','',300,'',1),(11,0,0,11,21,'','Cacti Stats - Sylog Alerts/Reports','','','','on','',300,'',1),(12,0,0,12,23,'','Cacti Stats - Thold Runtime','','','','on','',300,'',1),(13,0,0,13,24,'','Cacti Stats - Boost Average Row Size','','','','on','',300,'',1),(14,0,0,14,25,'','Cacti Stats - Boost Records','','','','on','',300,'',1),(15,0,0,15,26,'','Cacti Stats - Boost Table Size','','','','on','',300,'',1),(16,0,0,16,27,'','Cacti Stats - Boost Timing Detail','','','','on','',300,'',1),(17,0,0,17,12,'','|query_pollerName| - Collector Time','','','','on','',300,'',1),(18,0,0,18,12,'','|query_pollerName| - Collector Items','','','','on','',300,'',1),(19,0,0,19,12,'','|query_pollerName| - Collector Setings','','','','on','',300,'',1),(20,0,0,20,12,'','Cacti Stats - |query_pollerName| - Collector Recache Stats','','','','on','',300,'',1),(21,0,0,21,12,'','WebSeer - |query_webseerName| - Timing','','','','on','',300,'',1),(22,0,0,22,12,'','WebSeer - |query_webseerName| - Download Size','','','','on','',300,'',1),(23,0,0,23,12,'','WebSeer - |query_webseerName| - Download Speed','','','','on','',300,'',1),(24,0,0,24,12,'','WebSeer - |query_webseerName| - Status','','','','on','',300,'',1),(25,0,0,25,12,'','|query_exportName| - Exported Graphs','','','','on','',300,'',1),(26,0,0,26,12,'','|query_exportName| - Export Duration','','','','on','',300,'',1),(27,0,0,27,1,'','|host_description| - 5 Minute CPU','','','','on','',300,'',1),(28,0,0,28,28,'','|host_description| - Polling Time','','','','on','',300,'',1),(29,0,0,29,29,'','|host_description| - Uptime','','','','on','',300,'',1),(30,0,0,30,2,'on','|host_description| - Traffic','','','','on','',300,'',1),(31,0,0,31,2,'on','|host_description| - Errors/Discards','','','','on','',300,'',1),(32,0,0,32,2,'on','|host_description| - Unicast Packets','','','','on','',300,'',1),(33,0,0,33,2,'on','|host_description| - Non-Unicast Packets','','','','on','',300,'',1),(34,0,0,34,10,'','|host_description| - Ping Host','','','','on','',300,'',1),(35,0,0,35,1,'on','|host_description| -','','','','on','',300,'',1),(36,0,0,36,7,'','|host_description| - Processes','','','','on','',300,'on',1),(37,0,0,37,4,'','|host_description| - Load Average','','','','on','',300,'',1),(38,0,0,38,5,'','|host_description| - Logged in Users','','','','on','',300,'',1),(39,0,0,39,6,'','|host_description| - Memory - Free','','','','on','',300,'',1),(40,0,0,40,6,'','|host_description| - Memory - Free Swap','','','','on','',300,'',1),(41,0,0,41,11,'on','|host_description| - Hard Drive Space','','','','on','',300,'',1),(42,0,0,42,1,'','|host_description| - Load Average - 1 Minute','','','','on','',300,'',1),(43,0,0,43,1,'','|host_description| - Load Average - 5 Minute','','','','on','',300,'',1),(44,0,0,44,1,'','|host_description| - Load Average - 15 Minute','','','','on','',300,'',1),(45,0,0,45,1,'','|host_description| - Memory - Buffers','','','','on','',300,'',1),(46,0,0,46,1,'','|host_description| - Memory - Free','','','','on','',300,'',1),(47,0,0,47,1,'','|host_description| - Memory - Cache','','','','on','',300,'',1),(48,0,0,48,1,'','|host_description| - Memory - Total','','','','on','',300,'',1),(49,0,0,49,1,'','|host_description| - Logged in Users','','','','on','',300,'',1),(50,0,0,50,1,'','|host_description| - Processes','','','','on','',300,'',1),(51,0,0,51,1,'','|host_description| - CPU - System','','','','on','',300,'',1),(52,0,0,52,1,'','|host_description| - CPU - User','','','','on','',300,'',1),(53,0,0,53,1,'','|host_description| - CPU - Idle','','','','on','',300,'',1),(54,0,0,54,1,'','|host_description| - Interrupts','','','','on','',300,'',1),(55,0,0,55,1,'','|host_description| - Context Switches','','','','on','',300,'',1),(56,0,0,56,30,'','|host_description| - Combined SCSI Disk I/O','','','','on','',300,'',1),(57,0,0,57,31,'','|host_description| - Combined SCSI Disk Bytes','','','','on','',300,'',1),(58,0,0,58,2,'on','|host_description| - Hard Drive Space','','','','on','',300,'',1),(59,0,0,59,12,'','|host_description| - Hard Drive Space','','','','on','',300,'',1),(60,0,0,60,12,'','|host_description| - CPU Utilization','','','','on','',300,'on',1),(61,0,0,61,2,'','|host_description| - Device I/O -|query_diskIODevice|','','','','on','',300,'',1),(63,37,2,37,4,NULL,'|host_description| - Load Average','d5 - Load Average','<path_rra>/local_linux_machine_load_1min_2.rrd','','on','',300,'',1),(64,38,3,38,5,NULL,'|host_description| - Logged in Users','d5 - Logged in Users','<path_rra>/local_linux_machine_users_3.rrd','','on','',300,'',1),(65,39,4,39,6,NULL,'|host_description| - Memory - Free','d5 - Memory - Free','<path_rra>/local_linux_machine_mem_buffers_4.rrd','','on','',300,'',1),(66,40,5,40,6,NULL,'|host_description| - Memory - Free Swap','d5 - Memory - Free Swap','<path_rra>/local_linux_machine_mem_swap_5.rrd','','on','',300,'',1),(67,0,0,62,32,'','|host_description| - Interrupts','','','','on','',300,'',1),(68,0,0,63,33,'','|host_description| - Context Switches','','','','on','',300,'',1),(69,0,0,64,34,'','|host_description| - Forks','','','','on','',300,'',1),(70,0,0,65,35,'','|host_description| - CPU Usage','','','','on','',300,'',1),(71,0,0,66,36,'','|host_description| - Load Average','','','','on','',300,'',1),(72,0,0,67,37,'','|host_description| - Number of Users','','','','on','',300,'',1),(73,0,0,68,38,'','|host_description| - Memory','','','','on','',300,'',1),(74,0,0,69,39,'on','|host_description| - Disk Operations','','','','on','',300,'',1),(75,0,0,70,40,'on','|host_description| - Disk Sectors Read/Written','','','','on','',300,'',1),(76,0,0,71,41,'on','|host_description| - Disk Read/Write Time (ms)','','','','on','',300,'',1),(77,0,0,72,42,'on','|host_description| - Disk Read/Write Time per IO Request (ms)','','','','on','',300,'',1),(78,0,0,73,43,'on','|host_description| - Disk Elapsed IO Time (ms)','','','','on','',300,'',1),(79,0,0,74,44,'on','|host_description| - Disk IOPS','','','','on','',300,'',1),(80,0,0,75,45,'on','|host_description| - Disk Space','','','','on','',300,'',1),(81,0,0,76,46,'on','|host_description| - Network Traffic','','','','on','',300,'',1),(82,0,0,77,47,'on','|host_description| - Network Errors','','','','on','',300,'',1),(83,0,0,78,48,'on','|host_description| - Network Connection States','','','','on','',300,'',1),(84,0,0,79,49,'on','|host_description| - Swap Usage','','','','on','',300,'',1),(85,0,0,80,50,'','|host_description| - Apache Requests','','','','on','',300,'',1),(86,0,0,81,51,'','|host_description| - Apache Bytes','','','','on','',300,'',1),(87,0,0,82,52,'','|host_description| - Apache CPU Load','','','','on','',300,'',1),(88,0,0,83,53,'','|host_description| - Apache Workers','','','','on','',300,'',1),(89,0,0,84,54,'','|host_description| - Apache Scoreboard','','','','on','',300,'',1),(90,0,0,85,55,'','|host_description| - MyISAM Indexes','','','','on','',300,'',1),(91,0,0,86,56,'','|host_description| - MyISAM Key Cache','','','','on','',300,'',1),(92,0,0,87,57,'','|host_description| - InnoDB Buffer Pool','','','','on','',300,'',1),(93,0,0,88,58,'','|host_description| - InnoDB I/O','','','','on','',300,'',1),(94,0,0,89,59,'','|host_description| - InnoDB Insert Buffer','','','','on','',300,'',1),(95,0,0,90,60,'','|host_description| - InnoDB Insert Buffer Usage','','','','on','',300,'',1),(96,0,0,91,61,'','|host_description| - InnoDB Semaphores','','','','on','',300,'',1),(97,0,0,92,62,'','|host_description| - InnoDB Row Operations','','','','on','',300,'',1),(98,0,0,93,63,'','|host_description| - MySQL Table Locks','','','','on','',300,'',1),(99,0,0,94,64,'','|host_description| - MySQL Connections','','','','on','',300,'',1),(100,0,0,95,65,'','|host_description| - MySQL Replication','','','','on','',300,'',1),(101,0,0,96,66,'','|host_description| - MySQL Query Cache','','','','on','',300,'',1),(102,0,0,97,67,'','|host_description| - MySQL Query Cache Memory','','','','on','',300,'',1),(103,0,0,98,68,'','|host_description| - MySQL Command Counters','','','','on','',300,'',1),(104,0,0,99,69,'','|host_description| - MySQL Select Types','','','','on','',300,'',1),(105,0,0,100,70,'','|host_description| - MySQL Sorts','','','','on','',300,'',1),(106,0,0,101,71,'','|host_description| - MySQL Temporary Objects','','','','on','',300,'',1),(107,0,0,102,72,'','|host_description| - MySQL Network Traffic','','','','on','',300,'',1),(108,0,0,103,73,'','|host_description| - InnoDB Buffer Pool Activity','','','','on','',300,'',1),(109,0,0,104,74,'','|host_description| - InnoDB I/O Pending','','','','on','',300,'',1),(110,0,0,105,75,'','|host_description| - InnoDB Log','','','','on','',300,'',1),(111,0,0,106,76,'','|host_description| - MySQL Binary/Relay Logs','','','','on','',300,'',1),(112,0,0,107,77,'','|host_description| - InnoDB Transactions','','','','on','',300,'',1),(113,0,0,108,78,'','|host_description| - InnoDB Transactions Active/Locked','','','','on','',300,'',1),(114,0,0,109,79,'','|host_description| - MySQL Files and Tables','','','','on','',300,'',1),(115,0,0,110,80,'','|host_description| - MySQL Threads','','','','on','',300,'',1),(116,0,0,111,81,'','|host_description| - InnoDB Memory Allocation','','','','on','',300,'',1),(117,0,0,112,82,'','|host_description| - InnoDB Adaptive Hash Index','','','','on','',300,'',1),(118,0,0,113,83,'','|host_description| - InnoDB Internal Hash Memory Usage','','','','on','',300,'',1),(119,0,0,114,84,'','|host_description| - InnoDB Tables In Use','','','','on','',300,'',1),(120,0,0,115,85,'','|host_description| - InnoDB Current Lock Waits','','','','on','',300,'',1),(121,0,0,116,86,'','|host_description| - InnoDB Lock Structures','','','','on','',300,'',1),(122,0,0,117,87,'','|host_description| - InnoDB Checkpoint Age','','','','on','',300,'',1),(123,0,0,118,88,'','|host_description| - InnoDB Row Lock Time','','','','on','',300,'',1),(124,0,0,119,89,'','|host_description| - InnoDB Row Lock Waits','','','','on','',300,'',1),(125,0,0,120,90,'','|host_description| - InnoDB Semaphore Waits','','','','on','',300,'',1),(126,0,0,121,91,'','|host_description| - InnoDB Semaphore Wait Time','','','','on','',300,'',1),(127,0,0,122,92,'','|host_description| - MySQL Processlist','','','','on','',300,'',1),(128,0,0,123,93,'','|host_description| - MySQL Transaction Handler','','','','on','',300,'',1),(129,0,0,124,94,'','|host_description| - MySQL Handlers','','','','on','',300,'',1),(130,0,0,125,95,'','|host_description| - MySQL Query Time Histogram (Count)','','','','on','',300,'',1),(131,0,0,126,96,'','|host_description| - MySQL Query Response Time (Microseconds)','','','','on','',300,'',1),(132,0,0,127,97,'','|host_description| - InnoDB Buffer Pool Efficiency','','','','on','',300,'',1),(158,69,31,64,34,NULL,'|host_description| - Forks','d1 - Forks','<path_rra>/d1_wolk_com_stat_forks_31.rrd','','on','',300,'',1),(159,70,32,65,35,NULL,'|host_description| - CPU Usage','d1 - CPU Usage','<path_rra>/d1_wolk_com_stat_cpu_nice_32.rrd','','on','',300,'',1),(160,71,33,66,36,NULL,'|host_description| - Load Average','d1 - Load Average','<path_rra>/d1_wolk_com_stat_loadavg_33.rrd','','on','',300,'',1),(161,72,34,67,37,NULL,'|host_description| - Number of Users','d1 - Number of Users','<path_rra>/d1_wolk_com_stat_numusers_34.rrd','','on','',300,'',1),(162,73,35,68,38,NULL,'|host_description| - Memory','d1 - Memory','<path_rra>/d1_wolk_com_stat_memused_35.rrd','','on','',300,'',1),(163,83,36,78,48,NULL,'|host_description| - Network Connection States','d1 - Network Connection States','<path_rra>/d1_wolk_com_netstat_established_36.rrd','','on','',300,'',1),(165,80,38,75,45,NULL,'|host_description| - Disk Space','d1 - Disk Space','<path_rra>/d1_wolk_com_diskfree_used_38.rrd','','on','',300,'',1),(167,81,40,76,46,NULL,'|host_description| - Network Traffic','d1 - Network Traffic','<path_rra>/d1_wolk_com_netdev_outbound_40.rrd','','on','',300,'',1),(171,69,44,64,34,NULL,'|host_description| - Forks','c0 - Forks','<path_rra>/c0_wolk_com_stat_forks_44.rrd','','on','',300,'',1),(172,70,45,65,35,NULL,'|host_description| - CPU Usage','c0 - CPU Usage','<path_rra>/c0_wolk_com_stat_cpu_nice_45.rrd','','on','',300,'',1),(173,71,46,66,36,NULL,'|host_description| - Load Average','c0 - Load Average','<path_rra>/c0_wolk_com_stat_loadavg_46.rrd','','on','',300,'',1),(174,72,47,67,37,NULL,'|host_description| - Number of Users','c0 - Number of Users','<path_rra>/c0_wolk_com_stat_numusers_47.rrd','','on','',300,'',1),(175,73,48,68,38,NULL,'|host_description| - Memory','c0 - Memory','<path_rra>/c0_wolk_com_stat_memused_48.rrd','','on','',300,'',1),(176,83,49,78,48,NULL,'|host_description| - Network Connection States','c0 - Network Connection States','<path_rra>/c0_wolk_com_netstat_established_49.rrd','','on','',300,'',1),(178,80,51,75,45,NULL,'|host_description| - Disk Space','c0 - Disk Space','<path_rra>/c0_wolk_com_diskfree_used_51.rrd','','on','',300,'',1),(179,81,52,76,46,NULL,'|host_description| - Network Traffic','c0 - Network Traffic','<path_rra>/c0_wolk_com_netdev_outbound_52.rrd','','on','',300,'',1),(182,69,55,64,34,NULL,'|host_description| - Forks','c1 - Forks','<path_rra>/c1_stat_forks_55.rrd','','on','',300,'',1),(183,70,56,65,35,NULL,'|host_description| - CPU Usage','c1 - CPU Usage','<path_rra>/c1_stat_cpu_nice_56.rrd','','on','',300,'',1),(184,71,57,66,36,NULL,'|host_description| - Load Average','c1 - Load Average','<path_rra>/c1_stat_loadavg_57.rrd','','on','',300,'',1),(185,72,58,67,37,NULL,'|host_description| - Number of Users','c1 - Number of Users','<path_rra>/c1_stat_numusers_58.rrd','','on','',300,'',1),(186,73,59,68,38,NULL,'|host_description| - Memory','c1 - Memory','<path_rra>/c1_stat_memused_59.rrd','','on','',300,'',1),(187,83,60,78,48,NULL,'|host_description| - Network Connection States','c1 - Network Connection States','<path_rra>/c1_netstat_established_60.rrd','','on','',300,'',1),(189,80,62,75,45,NULL,'|host_description| - Disk Space','c1 - Disk Space','<path_rra>/c1_diskfree_used_62.rrd','','on','',300,'',1),(190,81,63,76,46,NULL,'|host_description| - Network Traffic','c1 - Network Traffic','<path_rra>/c1_netdev_outbound_63.rrd','','on','',300,'',1),(191,85,64,80,50,NULL,'|host_description| - Apache Requests','d5 - Apache Requests','<path_rra>/d5_apache_requests_64.rrd','','on','',300,'',1),(192,86,65,81,51,NULL,'|host_description| - Apache Bytes','d5 - Apache Bytes','<path_rra>/d5_apache_bytes_sent_65.rrd','','on','',300,'',1),(193,87,66,82,52,NULL,'|host_description| - Apache CPU Load','d5 - Apache CPU Load','<path_rra>/d5_apache_cpu_load_66.rrd','','on','',300,'',1),(194,88,67,83,53,NULL,'|host_description| - Apache Workers','d5 - Apache Workers','<path_rra>/d5_apache_idle_workers_67.rrd','','on','',300,'',1),(195,89,68,84,54,NULL,'|host_description| - Apache Scoreboard','d5 - Apache Scoreboard','<path_rra>/d5_apache_starting_up_68.rrd','','on','',300,'',1),(198,69,71,64,34,NULL,'|host_description| - Forks','d5 - Forks','<path_rra>/d5_stat_forks_71.rrd','','on','',300,'',1),(199,70,72,65,35,NULL,'|host_description| - CPU Usage','d5 - CPU Usage','<path_rra>/d5_stat_cpu_nice_72.rrd','','on','',300,'',1),(200,71,73,66,36,NULL,'|host_description| - Load Average','d5 - Load Average','<path_rra>/d5_stat_loadavg_73.rrd','','on','',300,'',1),(202,73,75,68,38,NULL,'|host_description| - Memory','d5 - Memory','<path_rra>/d5_stat_memused_75.rrd','','on','',300,'',1),(203,83,76,78,48,NULL,'|host_description| - Network Connection States','d5 - Network Connection States','<path_rra>/d5_netstat_established_76.rrd','','on','',300,'',1),(205,80,78,75,45,NULL,'|host_description| - Disk Space','d5 - Disk Space','<path_rra>/d5_diskfree_used_78.rrd','','on','',300,'',1),(206,81,79,76,46,NULL,'|host_description| - Network Traffic','d5 - Network Traffic','<path_rra>/d5_netdev_outbound_79.rrd','','on','',300,'',1),(231,69,104,64,34,NULL,'|host_description| - Forks','c2 - Forks','<path_rra>/c2_stat_forks_104.rrd','','on','',300,'',1),(232,70,105,65,35,NULL,'|host_description| - CPU Usage','c2 - CPU Usage','<path_rra>/c2_stat_cpu_nice_105.rrd','','on','',300,'',1),(233,71,106,66,36,NULL,'|host_description| - Load Average','c2 - Load Average','<path_rra>/c2_stat_loadavg_106.rrd','','on','',300,'',1),(234,72,107,67,37,NULL,'|host_description| - Number of Users','c2 - Number of Users','<path_rra>/c2_stat_numusers_107.rrd','','on','',300,'',1),(235,73,108,68,38,NULL,'|host_description| - Memory','c2 - Memory','<path_rra>/c2_stat_memused_108.rrd','','on','',300,'',1),(236,83,109,78,48,NULL,'|host_description| - Network Connection States','c2 - Network Connection States','<path_rra>/c2_netstat_established_109.rrd','','on','',300,'',1),(238,80,111,75,45,NULL,'|host_description| - Disk Space','c2 - Disk Space','<path_rra>/c2_diskfree_used_111.rrd','','on','',300,'',1),(239,81,112,76,46,NULL,'|host_description| - Network Traffic','c2 - Network Traffic','<path_rra>/c2_netdev_outbound_112.rrd','','on','',300,'',1),(242,69,115,64,34,NULL,'|host_description| - Forks','c3 - Forks','<path_rra>/c3_stat_forks_115.rrd','','on','',300,'',1),(243,70,116,65,35,NULL,'|host_description| - CPU Usage','c3 - CPU Usage','<path_rra>/c3_stat_cpu_nice_116.rrd','','on','',300,'',1),(244,71,117,66,36,NULL,'|host_description| - Load Average','c3 - Load Average','<path_rra>/c3_stat_loadavg_117.rrd','','on','',300,'',1),(245,72,118,67,37,NULL,'|host_description| - Number of Users','c3 - Number of Users','<path_rra>/c3_stat_numusers_118.rrd','','on','',300,'',1),(246,73,119,68,38,NULL,'|host_description| - Memory','c3 - Memory','<path_rra>/c3_stat_memused_119.rrd','','on','',300,'',1),(247,83,120,78,48,NULL,'|host_description| - Network Connection States','c3 - Network Connection States','<path_rra>/c3_netstat_established_120.rrd','','on','',300,'',1),(250,80,123,75,45,NULL,'|host_description| - Disk Space','c3 - Disk Space','<path_rra>/c3_diskfree_used_123.rrd','','on','',300,'',1),(251,81,124,76,46,NULL,'|host_description| - Network Traffic','c3 - Network Traffic','<path_rra>/c3_netdev_outbound_124.rrd','','on','',300,'',1),(254,69,127,64,34,NULL,'|host_description| - Forks','c4 - Forks','<path_rra>/c4_stat_forks_127.rrd','','on','',300,'',1),(255,70,128,65,35,NULL,'|host_description| - CPU Usage','c4 - CPU Usage','<path_rra>/c4_stat_cpu_nice_128.rrd','','on','',300,'',1),(256,71,129,66,36,NULL,'|host_description| - Load Average','c4 - Load Average','<path_rra>/c4_stat_loadavg_129.rrd','','on','',300,'',1),(257,72,130,67,37,NULL,'|host_description| - Number of Users','c4 - Number of Users','<path_rra>/c4_stat_numusers_130.rrd','','on','',300,'',1),(258,73,131,68,38,NULL,'|host_description| - Memory','c4 - Memory','<path_rra>/c4_stat_memused_131.rrd','','on','',300,'',1),(259,83,132,78,48,NULL,'|host_description| - Network Connection States','c4 - Network Connection States','<path_rra>/c4_netstat_established_132.rrd','','on','',300,'',1),(261,80,134,75,45,NULL,'|host_description| - Disk Space','c4 - Disk Space','<path_rra>/c4_diskfree_used_134.rrd','','on','',300,'',1),(262,81,135,76,46,NULL,'|host_description| - Network Traffic','c4 - Network Traffic','<path_rra>/c4_netdev_outbound_135.rrd','','on','',300,'',1),(265,69,138,64,34,NULL,'|host_description| - Forks','c5 - Forks','<path_rra>/c5_stat_forks_138.rrd','','on','',300,'',1),(266,70,139,65,35,NULL,'|host_description| - CPU Usage','c5 - CPU Usage','<path_rra>/c5_stat_cpu_nice_139.rrd','','on','',300,'',1),(267,71,140,66,36,NULL,'|host_description| - Load Average','c5 - Load Average','<path_rra>/c5_stat_loadavg_140.rrd','','on','',300,'',1),(268,72,141,67,37,NULL,'|host_description| - Number of Users','c5 - Number of Users','<path_rra>/c5_stat_numusers_141.rrd','','on','',300,'',1),(269,73,142,68,38,NULL,'|host_description| - Memory','c5 - Memory','<path_rra>/c5_stat_memused_142.rrd','','on','',300,'',1),(270,83,143,78,48,NULL,'|host_description| - Network Connection States','c5 - Network Connection States','<path_rra>/c5_netstat_established_143.rrd','','on','',300,'',1),(272,80,145,75,45,NULL,'|host_description| - Disk Space','c5 - Disk Space','<path_rra>/c5_diskfree_used_145.rrd','','on','',300,'',1),(273,81,146,76,46,NULL,'|host_description| - Network Traffic','c5 - Network Traffic','<path_rra>/c5_netdev_outbound_146.rrd','','on','',300,'',1),(276,69,149,64,34,NULL,'|host_description| - Forks','c6 - Forks','<path_rra>/c6_stat_forks_149.rrd','','on','',300,'',1),(277,70,150,65,35,NULL,'|host_description| - CPU Usage','c6 - CPU Usage','<path_rra>/c6_stat_cpu_nice_150.rrd','','on','',300,'',1),(278,71,151,66,36,NULL,'|host_description| - Load Average','c6 - Load Average','<path_rra>/c6_stat_loadavg_151.rrd','','on','',300,'',1),(279,72,152,67,37,NULL,'|host_description| - Number of Users','c6 - Number of Users','<path_rra>/c6_stat_numusers_152.rrd','','on','',300,'',1),(280,73,153,68,38,NULL,'|host_description| - Memory','c6 - Memory','<path_rra>/c6_stat_memused_153.rrd','','on','',300,'',1),(281,83,154,78,48,NULL,'|host_description| - Network Connection States','c6 - Network Connection States','<path_rra>/c6_netstat_established_154.rrd','','on','',300,'',1),(283,80,156,75,45,NULL,'|host_description| - Disk Space','c6 - Disk Space','<path_rra>/c6_diskfree_used_156.rrd','','on','',300,'',1),(284,81,157,76,46,NULL,'|host_description| - Network Traffic','c6 - Network Traffic','<path_rra>/c6_netdev_outbound_157.rrd','','on','',300,'',1),(287,69,160,64,34,NULL,'|host_description| - Forks','c7 - Forks','<path_rra>/c7_stat_forks_160.rrd','','on','',300,'',1),(288,70,161,65,35,NULL,'|host_description| - CPU Usage','c7 - CPU Usage','<path_rra>/c7_stat_cpu_nice_161.rrd','','on','',300,'',1),(289,71,162,66,36,NULL,'|host_description| - Load Average','c7 - Load Average','<path_rra>/c7_stat_loadavg_162.rrd','','on','',300,'',1),(290,72,163,67,37,NULL,'|host_description| - Number of Users','c7 - Number of Users','<path_rra>/c7_stat_numusers_163.rrd','','on','',300,'',1),(291,73,164,68,38,NULL,'|host_description| - Memory','c7 - Memory','<path_rra>/c7_stat_memused_164.rrd','','on','',300,'',1),(292,83,165,78,48,NULL,'|host_description| - Network Connection States','c7 - Network Connection States','<path_rra>/c7_netstat_established_165.rrd','','on','',300,'',1),(294,80,167,75,45,NULL,'|host_description| - Disk Space','c7 - Disk Space','<path_rra>/c7_diskfree_used_167.rrd','','on','',300,'',1),(295,81,168,76,46,NULL,'|host_description| - Network Traffic','c7 - Network Traffic','<path_rra>/c7_netdev_outbound_168.rrd','','on','',300,'',1),(298,69,171,64,34,NULL,'|host_description| - Forks','d0 - Forks','<path_rra>/d0_stat_forks_171.rrd','','on','',300,'',1),(299,70,172,65,35,NULL,'|host_description| - CPU Usage','d0 - CPU Usage','<path_rra>/d0_stat_cpu_nice_172.rrd','','on','',300,'',1),(300,71,173,66,36,NULL,'|host_description| - Load Average','d0 - Load Average','<path_rra>/d0_stat_loadavg_173.rrd','','on','',300,'',1),(301,72,174,67,37,NULL,'|host_description| - Number of Users','d0 - Number of Users','<path_rra>/d0_stat_numusers_174.rrd','','on','',300,'',1),(302,73,175,68,38,NULL,'|host_description| - Memory','d0 - Memory','<path_rra>/d0_stat_memused_175.rrd','','on','',300,'',1),(303,83,176,78,48,NULL,'|host_description| - Network Connection States','d0 - Network Connection States','<path_rra>/d0_netstat_established_176.rrd','','on','',300,'',1),(305,80,178,75,45,NULL,'|host_description| - Disk Space','d0 - Disk Space','<path_rra>/d0_diskfree_used_178.rrd','','on','',300,'',1),(306,81,179,76,46,NULL,'|host_description| - Network Traffic','d0 - Network Traffic','<path_rra>/d0_netdev_outbound_179.rrd','','on','',300,'',1),(309,69,182,64,34,NULL,'|host_description| - Forks','d2 - Forks','<path_rra>/d2_stat_forks_182.rrd','','on','',300,'',1),(310,70,183,65,35,NULL,'|host_description| - CPU Usage','d2 - CPU Usage','<path_rra>/d2_stat_cpu_nice_183.rrd','','on','',300,'',1),(311,71,184,66,36,NULL,'|host_description| - Load Average','d2 - Load Average','<path_rra>/d2_stat_loadavg_184.rrd','','on','',300,'',1),(312,72,185,67,37,NULL,'|host_description| - Number of Users','d2 - Number of Users','<path_rra>/d2_stat_numusers_185.rrd','','on','',300,'',1),(313,73,186,68,38,NULL,'|host_description| - Memory','d2 - Memory','<path_rra>/d2_stat_memused_186.rrd','','on','',300,'',1),(314,83,187,78,48,NULL,'|host_description| - Network Connection States','d2 - Network Connection States','<path_rra>/d2_netstat_established_187.rrd','','on','',300,'',1),(316,80,189,75,45,NULL,'|host_description| - Disk Space','d2 - Disk Space','<path_rra>/d2_diskfree_used_189.rrd','','on','',300,'',1),(317,81,190,76,46,NULL,'|host_description| - Network Traffic','d2 - Network Traffic','<path_rra>/d2_netdev_outbound_190.rrd','','on','',300,'',1),(320,69,193,64,34,NULL,'|host_description| - Forks','d4 - Forks','<path_rra>/d3_stat_forks_193.rrd','','on','',300,'',1),(321,70,194,65,35,NULL,'|host_description| - CPU Usage','d4 - CPU Usage','<path_rra>/d3_stat_cpu_nice_194.rrd','','on','',300,'',1),(322,71,195,66,36,NULL,'|host_description| - Load Average','d4 - Load Average','<path_rra>/d3_stat_loadavg_195.rrd','','on','',300,'',1),(323,72,196,67,37,NULL,'|host_description| - Number of Users','d4 - Number of Users','<path_rra>/d3_stat_numusers_196.rrd','','on','',300,'',1),(324,73,197,68,38,NULL,'|host_description| - Memory','d4 - Memory','<path_rra>/d3_stat_memused_197.rrd','','on','',300,'',1),(325,83,198,78,48,NULL,'|host_description| - Network Connection States','d4 - Network Connection States','<path_rra>/d3_netstat_established_198.rrd','','on','',300,'',1),(327,80,200,75,45,NULL,'|host_description| - Disk Space','d4 - Disk Space','<path_rra>/d3_diskfree_used_200.rrd','','on','',300,'',1),(328,81,201,76,46,NULL,'|host_description| - Network Traffic','d4 - Network Traffic','<path_rra>/d3_netdev_outbound_201.rrd','','on','',300,'',1),(331,69,204,64,34,NULL,'|host_description| - Forks','d6 - Forks','<path_rra>/d6_stat_forks_204.rrd','','on','',300,'',1),(332,70,205,65,35,NULL,'|host_description| - CPU Usage','d6 - CPU Usage','<path_rra>/d6_stat_cpu_nice_205.rrd','','on','',300,'',1),(333,71,206,66,36,NULL,'|host_description| - Load Average','d6 - Load Average','<path_rra>/d6_stat_loadavg_206.rrd','','on','',300,'',1),(334,72,207,67,37,NULL,'|host_description| - Number of Users','d6 - Number of Users','<path_rra>/d6_stat_numusers_207.rrd','','on','',300,'',1),(335,73,208,68,38,NULL,'|host_description| - Memory','d6 - Memory','<path_rra>/d6_stat_memused_208.rrd','','on','',300,'',1),(336,83,209,78,48,NULL,'|host_description| - Network Connection States','d6 - Network Connection States','<path_rra>/d6_netstat_established_209.rrd','','on','',300,'',1),(338,80,211,75,45,NULL,'|host_description| - Disk Space','d6 - Disk Space','<path_rra>/d6_diskfree_used_211.rrd','','on','',300,'',1),(339,81,212,76,46,NULL,'|host_description| - Network Traffic','d6 - Network Traffic','<path_rra>/d6_netdev_outbound_212.rrd','','on','',300,'',1),(342,69,215,64,34,NULL,'|host_description| - Forks','d7 - Forks','<path_rra>/d7_stat_forks_215.rrd','','on','',300,'',1),(343,70,216,65,35,NULL,'|host_description| - CPU Usage','d7 - CPU Usage','<path_rra>/d7_stat_cpu_nice_216.rrd','','on','',300,'',1),(344,71,217,66,36,NULL,'|host_description| - Load Average','d7 - Load Average','<path_rra>/d7_stat_loadavg_217.rrd','','on','',300,'',1),(345,72,218,67,37,NULL,'|host_description| - Number of Users','d7 - Number of Users','<path_rra>/d7_stat_numusers_218.rrd','','on','',300,'',1),(346,73,219,68,38,NULL,'|host_description| - Memory','d7 - Memory','<path_rra>/d7_stat_memused_219.rrd','','on','',300,'',1),(347,83,220,78,48,NULL,'|host_description| - Network Connection States','d7 - Network Connection States','<path_rra>/d7_netstat_established_220.rrd','','on','',300,'',1),(349,80,222,75,45,NULL,'|host_description| - Disk Space','d7 - Disk Space','<path_rra>/d7_diskfree_used_222.rrd','','on','',300,'',1),(350,81,223,76,46,NULL,'|host_description| - Network Traffic','d7 - Network Traffic','<path_rra>/d7_netdev_outbound_223.rrd','','on','',300,'',1);
/*!40000 ALTER TABLE `data_template_data` ENABLE KEYS */;
UNLOCK TABLES;

--
-- Table structure for table `data_template_rrd`
--

DROP TABLE IF EXISTS `data_template_rrd`;
/*!40101 SET @saved_cs_client     = @@character_set_client */;
/*!40101 SET character_set_client = utf8 */;
CREATE TABLE `data_template_rrd` (
  `id` mediumint(8) unsigned NOT NULL AUTO_INCREMENT,
  `hash` varchar(32) COLLATE utf8mb4_unicode_ci NOT NULL DEFAULT '',
  `local_data_template_rrd_id` mediumint(8) unsigned NOT NULL DEFAULT '0',
  `local_data_id` mediumint(8) unsigned NOT NULL DEFAULT '0',
  `data_template_id` mediumint(8) unsigned NOT NULL DEFAULT '0',
  `t_rrd_maximum` char(2) COLLATE utf8mb4_unicode_ci DEFAULT NULL,
  `rrd_maximum` varchar(20) COLLATE utf8mb4_unicode_ci NOT NULL DEFAULT '0',
  `t_rrd_minimum` char(2) COLLATE utf8mb4_unicode_ci DEFAULT NULL,
  `rrd_minimum` varchar(20) COLLATE utf8mb4_unicode_ci NOT NULL DEFAULT '0',
  `t_rrd_heartbeat` char(2) COLLATE utf8mb4_unicode_ci DEFAULT NULL,
  `rrd_heartbeat` mediumint(6) NOT NULL DEFAULT '0',
  `t_data_source_type_id` char(2) COLLATE utf8mb4_unicode_ci DEFAULT NULL,
  `data_source_type_id` smallint(5) NOT NULL DEFAULT '0',
  `t_data_source_name` char(2) COLLATE utf8mb4_unicode_ci DEFAULT NULL,
  `data_source_name` varchar(19) COLLATE utf8mb4_unicode_ci NOT NULL DEFAULT '',
  `t_data_input_field_id` char(2) COLLATE utf8mb4_unicode_ci DEFAULT NULL,
  `data_input_field_id` mediumint(8) unsigned NOT NULL DEFAULT '0',
  PRIMARY KEY (`id`),
  UNIQUE KEY `duplicate_dsname_contraint` (`local_data_id`,`data_source_name`,`data_template_id`),
  KEY `local_data_id` (`local_data_id`),
  KEY `data_template_id` (`data_template_id`),
  KEY `local_data_template_rrd_id` (`local_data_template_rrd_id`)
) ENGINE=InnoDB AUTO_INCREMENT=1214 DEFAULT CHARSET=utf8mb4 COLLATE=utf8mb4_unicode_ci;
/*!40101 SET character_set_client = @saved_cs_client */;

--
-- Dumping data for table `data_template_rrd`
--

LOCK TABLES `data_template_rrd` WRITE;
/*!40000 ALTER TABLE `data_template_rrd` DISABLE KEYS */;
INSERT INTO `data_template_rrd` VALUES (1,'e96673b4ff97d0e0127c71726c86d2db',0,0,1,'','U','','0','',600,'',1,'','RRDsProcessed','',47),(2,'878803580685cc6b6174a7864fe0fd07',0,0,1,'','U','','0','',600,'',1,'','DataSources','',48),(3,'d107e27befbe4a1fc861f4f97a0f363e',0,0,1,'','U','','0','',600,'',1,'','HostsPerProcess','',49),(4,'dfe4825f22716f75cbfd7e636ae232ac',0,0,1,'','U','','0','',600,'',1,'','Hosts','',50),(5,'0532007849f0e7ff7c16e250125aa847',0,0,1,'','U','','0','',600,'',1,'','Threads','',51),(6,'1d2d7bb2353049b46e4002b9e1495805',0,0,1,'','U','','0','',600,'',1,'','Processes','',52),(7,'5d041918ba1a17fd0a3d569c9f4dc135',0,0,1,'','U','','0','',600,'',1,'','Time','',53),(8,'f88a8c6783c762809f3eb50f19b633ca',0,0,2,'','U','','0','',600,'',1,'','time','',54),(9,'c71c1d51aa3bc0fe6038c1573f2a4f3f',0,0,2,'','U','','0','',600,'',1,'','rrdupdates','',55),(10,'ea735e5f7fa1765712d3d76e18f3eae3',0,0,3,'','U','','0','',600,'',1,'','snmp','',56),(11,'4309fc495d6732710867064a807ec57e',0,0,3,'','U','','0','',600,'',1,'','script','',57),(12,'bae82932239be2a7719199a94630295b',0,0,3,'','U','','0','',600,'',1,'','script_server','',58),(13,'53c6dd5e737bc8d8d40464f5dfae6742',0,0,4,'','U','','0','',600,'',1,'','hosts','',60),(14,'2618aebd09137e5fd909fc18eb5b0cde',0,0,4,'','U','','0','',600,'',1,'','time','',59),(15,'2cd9f4d9c5c2cfbf030b0e88a406cdcb',0,0,5,'','U','','0','',600,'',1,'','boost_peak_memory','',61),(16,'836b76b477ece34ef1d94272b1eb55eb',0,0,6,'','U','','0','',600,'',1,'','active','',64),(17,'4637649e759fbdcdd92c34c9cdb8581e',0,0,6,'','U','','0','',600,'',1,'','garbage','',66),(18,'8d663e63560701867485fcbdc05fbc1d',0,0,6,'','U','','0','',600,'',1,'','valid','',62),(19,'fa5a4e08a3784bda350690d1955df4c5',0,0,6,'','U','','0','',600,'',1,'','sleeping','',65),(20,'84c73f2fe39d1b0be26400aaf26359f3',0,0,6,'','U','','0','',600,'',1,'','usleeping','',68),(21,'0ed8f3e8db5dbb151d49e2b57fb4d180',0,0,6,'','U','','0','',600,'',1,'','uactive','',67),(22,'f6c474da45d8316158a600ef9c1c8d65',0,0,6,'','U','','0','',600,'',1,'','invalid','',63),(23,'3f624c1aa46a5d8d8bd2ca865a44efe1',0,0,7,'','U','','0','',600,'',1,'','ExportGraphs','',69),(24,'3cb86d927fcc4f4249ccf15665201ff1',0,0,8,'','U','','0','',600,'',1,'','ExportDuration','',70),(25,'98b6a387686ac3090ac487598450166f',0,0,9,'','U','','0',NULL,600,'',1,'','incoming','',72),(26,'cb1b8aa1ad45375a6394a13d5456f6af',0,0,9,'','U','','0',NULL,600,'',1,'','deletes','',71),(27,'c9c6b631656b31aa83c8da990abb1ed1',0,0,9,'','U','','0',NULL,600,'',1,'','alarms','',76),(28,'c464bb7170d36d627699da3937146c74',0,0,9,'','U','','0',NULL,600,'',1,'','removes','',73),(29,'d0181d4252e2770d878dff2d9e1e44a9',0,0,9,'','U','','0',NULL,600,'',1,'','xfers','',74),(30,'ffa3c635a9480a67cc248261280fee76',0,0,10,'','U','','0',NULL,600,'',1,'','syslogRuntime','',78),(31,'0943367dc4441a5d1fe3318c0286b85b',0,0,11,'','U','','0',NULL,600,'',1,'','alerts','',75),(32,'b5bb959cbecaf827e3cc1c788c5158f6',0,0,11,'','U','','0',NULL,600,'',1,'','reports','',77),(33,'575608ece0aadd85775b33b2659a5880',0,0,12,'','U','','0',NULL,600,'',1,'','tholdRuntime','',79),(34,'0f1e73889af22930db308bf0cc3cd0a0',0,0,13,'','U','','0','',600,'',1,'','boost_avg_size','',80),(35,'84bbf9ee3a2ae1eaf0db2a019231ea9a',0,0,14,'','U','','0','',600,'',1,'','boost_records','',81),(36,'8874c6f36a4fe415729464996550a931',0,0,15,'','U','','0','',600,'',1,'','boost_table','',82),(37,'96321182f0b87f173d1d28cb01e33f1f',0,0,16,'','U','','0','',600,'',1,'','rrd_delete','',88),(38,'b776ee1a06961f969a862cffcf2cd6a7',0,0,16,'','U','','0',NULL,600,'',1,'','rrd_get_records','',83),(39,'223a17c021a4a180c68250d3988080d5',0,0,16,'','U','','0',NULL,600,'',1,'','rrd_lastupdate','',86),(40,'9b58d296dcc55185d85b7c4e647f9340',0,0,16,'','U','','0',NULL,600,'',1,'','rrd_results_cycle','',84),(41,'39897bc24b0f2053d7a406541c69d651',0,0,16,'','U','','0',NULL,600,'',1,'','rrd_template','',85),(42,'f8dc4c21582804b2075b7f688d884991',0,0,16,'','U','','0',NULL,600,'',1,'','rrd_update','',87),(43,'71e1d3bb9ce51f3589b97944858d6d36',0,0,17,'','U','','0',NULL,600,'',1,'','pollerTime','',0),(44,'fa901e0b6b39b012148f3af848e17138',0,0,17,'','U','','0',NULL,600,'',1,'','maxTime','',0),(45,'5eb5afe7b887da336e91b40a1d9dfd35',0,0,17,'','U','','0',NULL,600,'',1,'','minTime','',0),(46,'7a9101b7416c095512bb386e066e9d26',0,0,17,'','U','','0',NULL,600,'',1,'','avgTime','',0),(47,'dccb84135c4398850648f660d0ba9b95',0,0,18,'','U','','0',NULL,600,'',1,'','getSNMP','',0),(48,'4b28fded5fc45449154b51372ab14702',0,0,18,'','U','','0',NULL,600,'',1,'','getScript','',0),(49,'72a92c1b6f319e1bb1446bf9ce03a56d',0,0,18,'','U','','0',NULL,600,'',1,'','getScriptServer','',0),(50,'2f24d087eda2fd6f0411e3bb3a0554a5',0,0,19,'','U','','0',NULL,600,'',1,'','threadCount','',0),(51,'19875e8c7320c733d070db08e1892fc3',0,0,19,'','U','','0',NULL,600,'',1,'','processCount','',0),(52,'f9a15e3fb9ea92d097ba6cdb6166b45f',0,0,20,'','U','','0','',600,'',1,'','recacheDevices','',0),(53,'df73b613c8415809ce4b0163abcfabf0',0,0,20,'','U','','0','',600,'',1,'','recacheTime','',0),(54,'72b0a00e93f7e0af991cb2391111fe9d',0,0,21,'','U','','0','',600,'',1,'','redirectTime','',0),(55,'e64ff1388b23b7513e7552a24554b3c6',0,0,21,'','U','','0','',600,'',1,'','totalTime','',57),(56,'2efcce5e14413e8af2becfe0c27f22ab',0,0,21,'','U','','0','',600,'',1,'','connectTime','',0),(57,'67e42a7791d6f999206e6cf326a57a6d',0,0,21,'','U','','0',NULL,600,'',1,'','lookupTime','',0),(58,'4d92996d3e8a84abf8810093b2d5ed42',0,0,22,'','U','','0','',600,'',1,'','downloadSize','',0),(59,'c23245987b9310cb4f538cf44dd99742',0,0,23,'','U','','0','',600,'',1,'','downloadSpeed','',0),(60,'941ad2fce8ea3fc7f77959b45b175f4a',0,0,24,'','U','','0','',600,'',1,'','checkStatus','',0),(61,'74c7ddbfab5db5cc22f6193bd06c6d39',0,0,25,'','U','','0',NULL,600,'',1,'','totalGraphs','',0),(62,'aca40cd58112e6c3c0b24d99c8f6a0b9',0,0,26,'','U','','0',NULL,600,'',1,'','lastRuntime','',0),(63,'3c0fd1a188b64a662dfbfa985648397b',0,0,27,'','100','','0','',600,'',1,'','5min_cpu','',0),(64,'d87746b98b16ec2380f2dfa878a11a87',0,0,28,'','U','','0',NULL,600,'',1,'','polling_time','',90),(65,'1330cb9379c39216c4c26b5457a3b1bd',0,0,29,'','U','','0',NULL,600,'',1,'','uptime','',92),(66,'2df25c57022b0c7e7d0be4c035ada1a0',0,0,30,'on','100000000000','','0','',600,'',2,'','traffic_in','',0),(67,'721c0794526d1ac1c359f27dc56faa49',0,0,30,'on','100000000000','','0','',600,'',2,'','traffic_out','',0),(68,'c802e2fd77f5b0a4c4298951bf65957c',0,0,31,'','10000000','','0','',600,'',2,'','errors_in','',0),(69,'4e2a72240955380dc8ffacfcc8c09874',0,0,31,'','10000000','','0','',600,'',2,'','discards_in','',0),(70,'13ebb33f9cbccfcba828db1075a8167c',0,0,31,'','10000000','','0','',600,'',2,'','discards_out','',0),(71,'31399c3725bee7e09ec04049e3d5cd17',0,0,31,'','10000000','','0','',600,'',2,'','errors_out','',0),(72,'636672962b5bb2f31d86985e2ab4bdfe',0,0,32,'','1000000000','','0','',600,'',2,'','unicast_in','',0),(73,'18ce92c125a236a190ee9dd948f56268',0,0,32,'','1000000000','','0','',600,'',2,'','unicast_out','',0),(74,'7be68cbc4ee0b2973eb9785f8c7a35c7',0,0,33,'','1000000000','','0','',600,'',2,'','nonunicast_out','',0),(75,'93e2b6f59b10b13f2ddf2da3ae98b89a',0,0,33,'','1000000000','','0','',600,'',2,'','nonunicast_in','',0),(76,'962fd1994fe9cae87fb36436bdb8a742',0,0,34,'','U','','0','',600,'',1,'','ping','',30),(77,'224b83ea73f55f8a861bcf4c9bea0472',0,0,35,'on','U','','0','',600,'on',1,'','snmp_oid','',0),(78,'f1ba3a5b17b95825021241398bb0f277',0,0,36,'','U','','0','',600,'',1,'','proc','',24),(79,'8175ca431c8fe50efff5a1d3ae51b55d',0,0,37,'','U','','0','',600,'',1,'','load_1min','',17),(80,'a2eeb8acd6ea01cd0e3ac852965c0eb6',0,0,37,'','U','','0','',600,'',1,'','load_5min','',18),(81,'9f951b7fb3b19285a411aebb5254a831',0,0,37,'','U','','0','',600,'',1,'','load_15min','',19),(82,'46a5afe8e6c0419172c76421dc9e304a',0,0,38,'','U','','0','',600,'',1,'','users','',21),(83,'a4df3de5238d3beabee1a2fe140d3d80',0,0,39,'','U','','0','',600,'',1,'','mem_buffers','',23),(84,'7fea6acc9b1a19484b4cb4cef2b6c5da',0,0,40,'','U','','0','',600,'',1,'','mem_swap','',23),(85,'4c82df790325d789d304e6ee5cd4ab7d',0,0,41,'','U','','0','',600,'',1,'','hdd_free','',0),(86,'07175541991def89bd02d28a215f6fcc',0,0,41,'','U','','0','',600,'',1,'','hdd_used','',0),(87,'ed44c2438ef7e46e2aeed2b6c580815c',0,0,42,'','U','','0','',600,'',1,'','load_1min','',0),(88,'9b3a00c9e3530d9e58895ac38271361e',0,0,43,'','U','','0','',600,'',1,'','load_5min','',0),(89,'6746c2ed836ecc68a71bbddf06b0e5d9',0,0,44,'','U','','0','',600,'',1,'','load_15min','',0),(90,'9835d9e1a8c78aa2475d752e8fa74812',0,0,45,'','U','','0','',600,'',1,'','mem_buffers','',0),(91,'9c78dc1981bcea841b8c827c6dc0d26c',0,0,46,'','U','','0','',600,'',1,'','mem_free','',0),(92,'7a6ca455bbeff99ca891371bc77d5cf9',0,0,47,'','U','','0','',600,'',1,'','mem_cache','',0),(93,'129128c4c4769a74adfccf3bfa2eac32',0,0,48,'','U','','0',NULL,600,'',1,'','mem_total','',0),(94,'9464c91bcff47f23085ae5adae6ab987',0,0,49,'','U','','0','',600,'',1,'','users','',0),(95,'50ccbe193c6c7fc29fb9f726cd6c48ee',0,0,50,'','U','','0','',600,'',1,'','proc','',0),(96,'f7fc3e802831391ccd92c05b680da27c',0,0,51,'','U','','0','',600,'',1,'','ssCpuSystem','',0),(97,'93d64a9d12a9929013cd9e970a5d333c',0,0,52,'','U','','0','',600,'',1,'','ssCpuUser','',0),(98,'3d13e790d0eedbeaa9601dcd8c49be31',0,0,53,'','U','','0','',600,'',1,'','ssCpuIdle','',0),(99,'6f3c1f1706df1e20976bd5d616f63d1d',0,0,54,'','U','','0','',600,'on',1,'','ssSysInterrupts','',0),(100,'4faab1acdeb03e2bad23d3b80cf9455f',0,0,55,'','U','','0','',600,'',1,'','ssSysContext','',0),(101,'9a925659fc657e446d8623fae0ee9bfa',0,0,56,'','U','','0','',600,'',1,'','reads','',94),(102,'67f8e5f269e7d77818cdb11a9639b561',0,0,56,'','U','','0','',600,'',1,'','writes','',95),(103,'1e2ceb5261d92b3b668b1b8b6c1c4d5f',0,0,57,'','U','','0','',600,'',1,'','bytesread','',97),(104,'dc830e6d271690a7d323199b00b09836',0,0,57,'','U','','0','',600,'',1,'','byteswritten','',98),(105,'2d53f9c76767a2ae8909f4152fd473a4',0,0,58,'','U','','0','',600,'',1,'','hdd_free','',0),(106,'93d91aa7a3cc5473e7b195d5d6e6e675',0,0,58,'','U','','0','',600,'',1,'','hdd_used','',0),(107,'0ee6bb54957f6795a5369a29f818d860',0,0,59,'','U','','0','',600,'',1,'','hdd_used','',0),(108,'165a0da5f461561c85d092dfe96b9551',0,0,59,'','U','','0','',600,'',1,'','hdd_total','',0),(109,'9825aaf7c0bdf1554c5b4b86680ac2c0',0,0,60,'','U','','0','',600,'',1,'','cpu','',0),(110,'bd02243964326257af313861ed5dbd68',0,0,61,'','0','','0','',600,'',2,'','Device_Reads','',0),(111,'0810b7d392b044e5947e324942a6c6dc',0,0,61,'','0','','0','',600,'',2,'','Bytes_Written','',0),(112,'5caf6f213e9e828efc9f8f9b2ed76d3d',0,0,61,'','0','','0','',600,'',2,'','Device_Writes','',0),(113,'15f554db4748ed584449fe6d3cddb38e',0,0,61,'','100','','0','',600,'',1,'','1Min_LoadAvg','',0),(114,'c7d3c107a9598f2a1209ed0fccd2527c',0,0,61,'','100','','0','',600,'',1,'','5Min_LoadAvg','',0),(115,'8aa93b5eb1db402622935784e9bce232',0,0,61,'','100','','0','',600,'',1,'','15Min_LoadAvg','',0),(116,'569d9564a56dfe030df1fec5b596a6eb',0,0,61,'','0','','0','',600,'',2,'','Bytes_Read','',0),(118,'',79,2,37,NULL,'U',NULL,'0',NULL,600,NULL,1,NULL,'load_1min',NULL,17),(119,'',80,2,37,NULL,'U',NULL,'0',NULL,600,NULL,1,NULL,'load_5min',NULL,18),(120,'',81,2,37,NULL,'U',NULL,'0',NULL,600,NULL,1,NULL,'load_15min',NULL,19),(121,'',82,3,38,NULL,'U',NULL,'0',NULL,600,NULL,1,NULL,'users',NULL,21),(122,'',83,4,39,NULL,'U',NULL,'0',NULL,600,NULL,1,NULL,'mem_buffers',NULL,23),(123,'',84,5,40,NULL,'U',NULL,'0',NULL,600,NULL,1,NULL,'mem_swap',NULL,23),(124,'2dd29c4913bc2960bf8f84b98bf10003',0,0,62,'','U','','U','',600,'',3,'','STAT_interrupts','',100),(125,'6df1cefce1530b5028434da187e79430',0,0,63,'','U','','U','',600,'',3,'','STAT_context_swtchs','',102),(126,'028ab1196db87e410040973386524762',0,0,64,'','U','','U','',600,'',3,'','STAT_forks','',104),(127,'8bd75442cd53ad4285cb365dac9078b4',0,0,65,'','U','','U','',600,'',3,'','STAT_CPU_nice','',106),(128,'e1b5f3a1d9f04a5402ece043b51ffba4',0,0,65,'','U','','U','',600,'',3,'','STAT_CPU_steal','',107),(129,'cf3b29ef2e026cf42e9fbe233995893b',0,0,65,'','U','','U','',600,'',3,'','STAT_CPU_idle','',108),(130,'a6515bdbae6ad1e720af0ab22e9fa575',0,0,65,'','U','','U','',600,'',3,'','STAT_CPU_irq','',109),(131,'e006b98c89dfd3fd4e3b860f070bdb3e',0,0,65,'','U','','U','',600,'',3,'','STAT_CPU_iowait','',110),(132,'494e621abd63fc3c6feea63f06a486b3',0,0,65,'','U','','U','',600,'',3,'','STAT_CPU_system','',111),(133,'a61f5b115c3313d8cfc99b653e561f6f',0,0,65,'','U','','U','',600,'',3,'','STAT_CPU_guest','',112),(134,'0b70540ace0a67c63fcab5b318dd5009',0,0,65,'','U','','U','',600,'',3,'','STAT_CPU_softirq','',113),(135,'f438d805c2afdd8e39218352fcc10af0',0,0,65,'','U','','U','',600,'',3,'','STAT_CPU_user','',114),(136,'b7000c48bee814620459f2bd4c018089',0,0,66,'','18446744073709551615','','0','',600,'',1,'','STAT_loadavg','',116),(137,'2b6e99f8e73175f0a47154b1e955fbb4',0,0,67,'','18446744073709551615','','0','',600,'',1,'','STAT_numusers','',118),(138,'90a390dbfb1cc0a93cf3eb849bc932dd',0,0,68,'','18446744073709551615','','0','',600,'',1,'','STAT_memused','',120),(139,'35b4c0758a12236f01628518c99679e5',0,0,68,'','18446744073709551615','','0','',600,'',1,'','STAT_membuffer','',121),(140,'b084d68bf791d2fb0d17701e99db172a',0,0,68,'','18446744073709551615','','0','',600,'',1,'','STAT_memcached','',122),(141,'2a9059ba836ede57d59bfcc72b26ebec',0,0,68,'','18446744073709551615','','0','',600,'',1,'','STAT_memfree','',123),(142,'b32081675b876fd1c9bb853f9e0ce8df',0,0,68,'','18446744073709551615','','0','',600,'',1,'','STAT_memshared','',124),(143,'37d0e538d67314de445cdcca724013ac',0,0,68,'','18446744073709551615','','0','',600,'',1,'','STAT_memtotal','',125),(144,'c0ec84a97f6da3adbb2b1e416670e422',0,0,69,'','U','','U','',600,'',3,'','DISK_writes_merged','',128),(145,'e1f460e983d32de15ddf3813523c14f6',0,0,69,'','U','','U','',600,'',3,'','DISK_reads','',142),(146,'1bb77d99c1f5d409e374cd650c503f30',0,0,69,'','U','','U','',600,'',3,'','DISK_writes','',145),(147,'8cc047e662a15804ca81a1391328ef17',0,0,69,'','U','','U','',600,'',3,'','DISK_reads_merged','',131),(148,'6f3cbe724c675232ccd7e75416b6c990',0,0,70,'','U','','U','',600,'',3,'','DISK_sectors_writtn','',134),(149,'74aa60de72fbd3eaaecc52ba101a18d5',0,0,70,'','U','','U','',600,'',3,'','DISK_sectors_read','',135),(150,'6cecaf8de198507dda3399947a2b2409',0,0,71,'','U','','U','',600,'',3,'','DISK_tme_spnt_wrtng','',143),(151,'aa6d9e66531b6f7d730f17a3bb9456af',0,0,71,'','U','','U','',600,'',3,'','DISK_time_spnt_rdng','',144),(152,'68bbeac570e30081dfaee6e4612e5900',0,0,72,'','U','','U','',600,'',3,'','DISK_reads','',142),(153,'57be6fc15756d666e2f0b5ce657d1016',0,0,72,'','U','','U','',600,'',3,'','DISK_tme_spnt_wrtng','',143),(154,'7cefdeb3074fd84caa503670b3e5ecac',0,0,72,'','U','','U','',600,'',3,'','DISK_time_spnt_rdng','',144),(155,'37705979aeb3d192a93825a81149caf0',0,0,72,'','U','','U','',600,'',3,'','DISK_writes','',145),(156,'3366566bc2431693e5b0b06e56acc07e',0,0,73,'','U','','U','',600,'',3,'','DISK_io_time_weghtd','',148),(157,'08c5f5acc8321558b8dc7cb1d0fd1b51',0,0,73,'','U','','U','',600,'',3,'','DISK_io_time','',149),(158,'637ed1adc7818d61cfda010d65830b21',0,0,74,'','U','','U','',600,'',3,'','DISK_io_ops','',152),(159,'0690d32ae0dd13d93ec74d2314ab4aff',0,0,75,'','18446744073709551615','','0','',600,'',1,'','DISKFREE_used','',155),(160,'bb2cdef779d3476ade36da2e51c6bb51',0,0,75,'','18446744073709551615','','0','',600,'',1,'','DISKFREE_available','',156),(161,'f951c9b8d06f9be3d79da7eb5d7fb165',0,0,76,'','U','','U','',600,'',3,'','NETDEV_outbound','',159),(162,'cc9fcdbb1ff53c20a2f20907f61d8a6f',0,0,76,'','U','','U','',600,'',3,'','NETDEV_inbound','',160),(163,'217ccf3ef35ba041f932a0cf0497797e',0,0,77,'','U','','U','',600,'',3,'','NETDEV_txcarrier','',163),(164,'bd1d24d4851846b12bc545a004c7ed8b',0,0,77,'','U','','U','',600,'',3,'','NETDEV_txerrs','',164),(165,'24b00f87425e1e1eca5412516a984b56',0,0,77,'','U','','U','',600,'',3,'','NETDEV_txcolls','',165),(166,'63ecd7095e5d328635c8c7d6be83bcad',0,0,77,'','U','','U','',600,'',3,'','NETDEV_txfifo','',166),(167,'e2ce2c23f352f36053fd11f9e0bed355',0,0,77,'','U','','U','',600,'',3,'','NETDEV_rxerrs','',167),(168,'bda4e5d5bb912be2dafa128a1c8d56a7',0,0,77,'','U','','U','',600,'',3,'','NETDEV_rxdrop','',168),(169,'98489fc44abd2f1d8ea3b02b1bbff6b6',0,0,77,'','U','','U','',600,'',3,'','NETDEV_rxframe','',169),(170,'c17df917788c32afaeec1b88d5865406',0,0,77,'','U','','U','',600,'',3,'','NETDEV_rxfifo','',170),(171,'20039ac02267a25c15f856547e27e026',0,0,77,'','U','','U','',600,'',3,'','NETDEV_txdrop','',171),(172,'50f4d5eaa2d4ccc8f6e46b2eff914664',0,0,78,'','18446744073709551615','','0','',600,'',1,'','NETSTAT_established','',173),(173,'e480fd65403ea2e11d1820d9d640cf84',0,0,78,'','18446744073709551615','','0','',600,'',1,'','NETSTAT_close','',174),(174,'9fa16a7aa774c00ef4693978d37ee4c3',0,0,78,'','18446744073709551615','','0','',600,'',1,'','NETSTAT_fin_wait2','',175),(175,'2d61eb7502acc05b3c416dbff7bb8ee9',0,0,78,'','18446744073709551615','','0','',600,'',1,'','NETSTAT_syn_sent','',176),(176,'0af8d9390742a9ca83642fcea1f59431',0,0,78,'','18446744073709551615','','0','',600,'',1,'','NETSTAT_listen','',177),(177,'7dcc99757e6a231cea4e9a5f77c30b01',0,0,78,'','18446744073709551615','','0','',600,'',1,'','NETSTAT_time_wait','',178),(178,'536fab6e6feb4d1bd1c78b6e96f3207a',0,0,78,'','18446744073709551615','','0','',600,'',1,'','NETSTAT_closing','',179),(179,'7ff066d340b98716767f79eed619be83',0,0,78,'','18446744073709551615','','0','',600,'',1,'','NETSTAT_syn_recv','',180),(180,'57c3836141f7b7df99bb421ea3dd7769',0,0,78,'','18446744073709551615','','0','',600,'',1,'','NETSTAT_last_ack','',181),(181,'45f4ed3055352eb75fa638002e11588a',0,0,78,'','18446744073709551615','','0','',600,'',1,'','NETSTAT_unknown','',182),(182,'80d7a2e020eca2b295029547fb62e239',0,0,78,'','18446744073709551615','','0','',600,'',1,'','NETSTAT_close_wait','',183),(183,'e95e04452086bfa8d593cfd1b891137d',0,0,78,'','18446744073709551615','','0','',600,'',1,'','NETSTAT_fin_wait1','',184),(184,'e2a7d14f8c3e0acbcc219d4edaaf1c6d',0,0,79,'','U','','U','',600,'',3,'','VMSTAT_pswpin','',186),(185,'ac267b14b39ebb35aa6a548e44de8b05',0,0,79,'','U','','U','',600,'',3,'','VMSTAT_pswpout','',187),(186,'4a03ef2973154a0e52ee0fc3f532983e',0,0,80,'','U','','U','',600,'',3,'','APACHE_Requests','',189),(187,'32435aaf4845cd6c251cbbc91f133851',0,0,81,'','U','','U','',600,'',3,'','APACHE_Bytes_sent','',191),(188,'2c0b5d3f5cd53363b94554b9e885e634',0,0,82,'','18446744073709551615','','0','',600,'',1,'','APACHE_CPU_Load','',193),(189,'fc7d9f93b5d5a7f892e05e7a77d3287f',0,0,83,'','18446744073709551615','','0','',600,'',1,'','APACHE_Idle_workers','',195),(190,'0e2969a383c373218823cc6434cdfda4',0,0,83,'','18446744073709551615','','0','',600,'',1,'','APACHE_Busy_workers','',196),(191,'45018a757444027d11c0ce0b641dc07c',0,0,84,'','18446744073709551615','','0','',600,'',1,'','APACHE_Starting_up','',198),(192,'e35d473f2419852bdce7576648c9821a',0,0,84,'','18446744073709551615','','0','',600,'',1,'','APACHE_Open_slot','',199),(193,'b704aa7f1ef090776d65ea7938af4a85',0,0,84,'','18446744073709551615','','0','',600,'',1,'','APACHE_Grcflyfnshng','',200),(194,'e180ea674149dfb1434afa01e50613c2',0,0,84,'','18446744073709551615','','0','',600,'',1,'','APACHE_Reading_rqst','',201),(195,'8b856a8766315516ea187ecb2fbaa2ee',0,0,84,'','18446744073709551615','','0','',600,'',1,'','APACHE_Clsng_cnnctn','',202),(196,'6b9a1ed422e5df89522039cf05bdd0b1',0,0,84,'','18446744073709551615','','0','',600,'',1,'','APACHE_Keepalive','',203),(197,'93e6fb4c447d6615e3cfcbf860540357',0,0,84,'','18446744073709551615','','0','',600,'',1,'','APACHE_Idle_cleanup','',204),(198,'15361d610403f0e73f24b7e9e7766a10',0,0,84,'','18446744073709551615','','0','',600,'',1,'','APACHE_Logging','',205),(199,'30766a565dca68e7780f77bbac07d0a9',0,0,84,'','18446744073709551615','','0','',600,'',1,'','APACHE_Sending_rply','',206),(200,'6b97bacebd3e8d530c397cd5bfa98aea',0,0,84,'','18446744073709551615','','0','',600,'',1,'','APACHE_Wtng_frcnctn','',207),(201,'bfeb1f5646138f8ea8b941ed79fdc003',0,0,84,'','18446744073709551615','','0','',600,'',1,'','APACHE_DNS_lookup','',208),(202,'53766c926ecef120788000e396454317',0,0,85,'','U','','U','',600,'',3,'','Key_reads','',214),(203,'f6bce0b23cdca99098537a39c338646a',0,0,85,'','U','','U','',600,'',3,'','Key_write_requests','',215),(204,'2ad63dc56ece95c5bbee1e717af5960a',0,0,85,'','U','','U','',600,'',3,'','Key_read_requests','',216),(205,'4826d560467cc077c1512122b3ada014',0,0,85,'','U','','U','',600,'',3,'','Key_writes','',217),(206,'c5e4184415b8963e9122da6cf5e324f1',0,0,86,'','18446744073709551615','','0','',600,'',1,'','Key_buf_byts_nflshd','',223),(207,'42a9eb2a6b1bb632a44c60fac641d4e4',0,0,86,'','18446744073709551615','','0','',600,'',1,'','key_buffer_size','',224),(208,'6498085e973fdd43ec0469f3c65028e2',0,0,86,'','18446744073709551615','','0','',600,'',1,'','Key_buf_bytes_used','',225),(209,'f6e245bc08604473ef0c235974d5da0b',0,0,87,'','18446744073709551615','','0','',600,'',1,'','free_pages','',231),(210,'d79cce8d2374634521c330517dc23a34',0,0,87,'','18446744073709551615','','0','',600,'',1,'','modified_pages','',232),(211,'4ed43808db7aa534a0ed23be12c013d2',0,0,87,'','18446744073709551615','','0','',600,'',1,'','database_pages','',233),(212,'b847b3a3cfcb72b0e882df8c9dcb8ed1',0,0,87,'','18446744073709551615','','0','',600,'',1,'','pool_size','',234),(213,'38a2f689e06016baf550b35f23cc316c',0,0,88,'','U','','U','',600,'',3,'','log_writes','',240),(214,'cccc859cac719d831991a9a703826076',0,0,88,'','U','','U','',600,'',3,'','file_reads','',241),(215,'b56356d96ece80ab3872e9c5a15c41ef',0,0,88,'','U','','U','',600,'',3,'','file_writes','',242),(216,'275dd7626468baa60b012e6b879b6ed4',0,0,88,'','U','','U','',600,'',3,'','file_fsyncs','',243),(217,'a5e3f79cfc8ae5957b2fbebde2665110',0,0,89,'','U','','U','',600,'',3,'','ibuf_merges','',249),(218,'577d9c3009fc77f597889a15739b2999',0,0,89,'','U','','U','',600,'',3,'','ibuf_inserts','',250),(219,'f363c541dc0c1716e45aacd1f555c9e3',0,0,89,'','U','','U','',600,'',3,'','ibuf_merged','',251),(220,'596d2092992f67a6293e2005ab6a9f41',0,0,90,'','18446744073709551615','','0','',600,'',1,'','ibuf_cell_count','',257),(221,'98ab189eca5cba404c4dc05dd0569c21',0,0,90,'','18446744073709551615','','0','',600,'',1,'','ibuf_used_cells','',258),(222,'504e1965e73d94a3bc8cc849f320641d',0,0,90,'','18446744073709551615','','0','',600,'',1,'','ibuf_free_cells','',259),(223,'7dc9041d7ef9ef794ce8874fbfc9c08a',0,0,91,'','U','','U','',600,'',3,'','os_waits','',265),(224,'2172d167df8925246f27f960162313d7',0,0,91,'','U','','U','',600,'',3,'','spin_waits','',266),(225,'233ccd265faa6418e1c90f0f978456ac',0,0,91,'','U','','U','',600,'',3,'','spin_rounds','',267),(226,'b86fd24442ce0593a5ca6b181fedddd0',0,0,92,'','U','','U','',600,'',3,'','rows_deleted','',273),(227,'f0bf9b3691a1919ed4a62e8b1fba5777',0,0,92,'','U','','U','',600,'',3,'','rows_inserted','',274),(228,'0c5b956f565fa9ab5c2e6b1572428bfb',0,0,92,'','U','','U','',600,'',3,'','rows_updated','',275),(229,'2565bc112ed47f8e5138a1384baed29d',0,0,92,'','U','','U','',600,'',3,'','rows_read','',276),(230,'a1ef49dfdfc2116106b2fb229d44bfb1',0,0,93,'','U','','U','',600,'',3,'','Table_locks_immedit','',282),(231,'3cf81ca2ac9b7bfa0d8330696a4b3fb9',0,0,93,'','U','','U','',600,'',3,'','Slow_queries','',283),(232,'99a4d25c080ea056d8c1c2eebd06e49c',0,0,93,'','U','','U','',600,'',3,'','Table_locks_waited','',284),(233,'38a883d9c3d533741bbfca8c4393e056',0,0,94,'','18446744073709551615','','0','',600,'',1,'','Threads_connected','',445),(234,'255b62433743f009d0ac8e8330f051d5',0,0,94,'','U','','U','',600,'',3,'','Connections','',291),(235,'1d089309d4426bc7d0c53089bc43d8e7',0,0,94,'','18446744073709551615','','0','',600,'',1,'','max_connections','',292),(236,'6fdf30b2782e1878b1e0e00981b1f91e',0,0,94,'','U','','U','',600,'',3,'','Aborted_clients','',293),(237,'4baff738891f9e5f6ab4299a0ae04a54',0,0,94,'','18446744073709551615','','0','',600,'',1,'','Max_used_connectins','',294),(238,'fb660214cd957e0e8c4eb2267074cb7f',0,0,94,'','U','','U','',600,'',3,'','Aborted_connects','',295),(239,'2480762e3fbd79ec7995d7828ad371c0',0,0,95,'','18446744073709551615','','0','',600,'',1,'','slave_running','',301),(240,'84cce18276e09ae45dc04b8999fdcd17',0,0,95,'','U','','U','',600,'',3,'','Slave_rtrd_trnsctns','',302),(241,'35491918bf231ef2140890b99658d2a4',0,0,95,'','18446744073709551615','','0','',600,'',1,'','slave_stopped','',303),(242,'2e9a827fb7906275e0f6d83e382caaff',0,0,95,'','18446744073709551615','','0','',600,'',1,'','Slave_open_tmp_tbls','',304),(243,'9acc439a8f475760be9490b5ba1a2609',0,0,95,'','18446744073709551615','','0','',600,'',1,'','slave_lag','',305),(244,'5f1180702e9b3b2e08b6bc8c27bd144f',0,0,96,'','U','','U','',600,'',3,'','Qcache_inserts','',311),(245,'174b858ddf67463a60e1c1f0ff029091',0,0,96,'','U','','U','',600,'',3,'','Qcache_lowmem_pruns','',312),(246,'d86860608fe1180dd260da81ac2abd4e',0,0,96,'','18446744073709551615','','0','',600,'',1,'','Qcache_queris_n_cch','',313),(247,'3c68e6e3e3748bb8ece90af4982f02a7',0,0,96,'','U','','U','',600,'',3,'','Qcache_not_cached','',314),(248,'bccc6314ae6c845139270068c82e4b6b',0,0,96,'','U','','U','',600,'',3,'','Qcache_hits','',315),(249,'42b55a5f1ef4d871bda37e988b0a437b',0,0,97,'','18446744073709551615','','0','',600,'',1,'','query_cache_size','',321),(250,'0437e9ad328360a81ed9e2ff8cb6a6a4',0,0,97,'','18446744073709551615','','0','',600,'',1,'','Qcache_free_blocks','',322),(251,'5cb92677cde12eaefb50d40c19be6ec3',0,0,97,'','18446744073709551615','','0','',600,'',1,'','Qcache_total_blocks','',323),(252,'286f230f8afc18b5e651a8825b3cd4ad',0,0,97,'','18446744073709551615','','0','',600,'',1,'','Qcache_free_memory','',324),(253,'cbf891f15deaf8a3b40a4a5b045426a5',0,0,98,'','U','','U','',600,'',3,'','Com_select','',330),(254,'5b1938835819de77fb18c712928bb95f',0,0,98,'','U','','U','',600,'',3,'','Com_delete_multi','',331),(255,'4ba460f1bfbd6157b792dc7757783180',0,0,98,'','U','','U','',600,'',3,'','Com_delete','',332),(256,'dcc9d9c525b2581c2c23764cdfa4781c',0,0,98,'','U','','U','',600,'',3,'','Com_insert','',333),(257,'ffe06d67239e004144206da491b5a2ce',0,0,98,'','U','','U','',600,'',3,'','Com_replace','',334),(258,'ea281f4242ce2ea7f888621627035bf3',0,0,98,'','U','','U','',600,'',3,'','Com_update_multi','',335),(259,'a125adf94216436826dd12de7409aabb',0,0,98,'','U','','U','',600,'',3,'','Com_replace_select','',336),(260,'b10367bfaa00559a38127a0f858be6a7',0,0,98,'','U','','U','',600,'',3,'','Com_update','',337),(261,'d7d547c211b3a70154b90f2b0b5f1a55',0,0,98,'','U','','U','',600,'',3,'','Com_insert_select','',338),(262,'1d0b142c88f7f2df482ed76d52336ff7',0,0,98,'','U','','U','',600,'',3,'','Questions','',339),(263,'979ef5acce17f8239f27baa35737876d',0,0,98,'','U','','U','',600,'',3,'','Com_load','',340),(264,'60d50c9828d208ae3baee21469e4f622',0,0,99,'','U','','U','',600,'',3,'','Select_range','',346),(265,'87d58602c7e6da00001e6c2818ccbc88',0,0,99,'','U','','U','',600,'',3,'','Select_full_join','',347),(266,'a76525a8959d8e1dbc721a4623ab1135',0,0,99,'','U','','U','',600,'',3,'','Select_scan','',348),(267,'60902fb5bff97c260ffe0a62df124792',0,0,99,'','U','','U','',600,'',3,'','Select_full_rnge_jn','',349),(268,'16ea2230bd0c808a40ed8790699a589c',0,0,99,'','U','','U','',600,'',3,'','Select_range_check','',350),(269,'db39ee0ee9191965c0269be1b00f5b2a',0,0,100,'','U','','U','',600,'',3,'','Sort_rows','',356),(270,'4069ef59e60869d0cdcb6c90daa074c3',0,0,100,'','U','','U','',600,'',3,'','Sort_merge_passes','',357),(271,'1527f34fa6fbe98c65ce07ecaab87475',0,0,100,'','U','','U','',600,'',3,'','Sort_scan','',358),(272,'3d195e34d54d1c3ce818642a8faa1062',0,0,100,'','U','','U','',600,'',3,'','Sort_range','',359),(273,'4c07222a44715e609ebe24d2cf41fa28',0,0,101,'','U','','U','',600,'',3,'','Created_tmp_tables','',365),(274,'3b238d3760a85cdb480edb21b5452845',0,0,101,'','U','','U','',600,'',3,'','Created_tmp_files','',366),(275,'b27fa767049cf641dc6e26abb321a9c1',0,0,101,'','U','','U','',600,'',3,'','Creatd_tmp_dsk_tbls','',367),(276,'465a226d126681262e2fd6a8ed8ce51d',0,0,102,'','U','','U','',600,'',3,'','Bytes_received','',373),(277,'1953484b0466fa323d70e79e3a4ee93a',0,0,102,'','U','','U','',600,'',3,'','Bytes_sent','',374),(278,'94d9a0f449cfb1d05ee1df9d51f5ae03',0,0,103,'','U','','U','',600,'',3,'','pages_written','',380),(279,'202e45fee8e86fab0d6ac411fddbe531',0,0,103,'','U','','U','',600,'',3,'','pages_read','',381),(280,'1632c89150754f4d2b2419b5822dd11f',0,0,103,'','U','','U','',600,'',3,'','pages_created','',382),(281,'70ba2629a4bfec1c310d3b19eb7f40b7',0,0,104,'','18446744073709551615','','0','',600,'',1,'','pending_ibuf_ao_rds','',388),(282,'a8890df815d6c156a337dca60ffcaaff',0,0,104,'','18446744073709551615','','0','',600,'',1,'','pending_aio_sync_is','',389),(283,'c66fa1a69da9b46dbc9801e53feeacbe',0,0,104,'','18446744073709551615','','0','',600,'',1,'','pending_chkp_writes','',390),(284,'e356afa13eed7fc0a5592ceedba47ab9',0,0,104,'','18446744073709551615','','0','',600,'',1,'','pending_norml_o_rds','',391),(285,'cfb857472703b9f8c60fd497cb332872',0,0,104,'','18446744073709551615','','0','',600,'',1,'','pending_bf_pl_flshs','',392),(286,'e802a176af00f7e8d583c8affc699f4e',0,0,104,'','18446744073709551615','','0','',600,'',1,'','pending_aio_log_ios','',393),(287,'5709fab92518d9d2d8368966690d4fdd',0,0,104,'','18446744073709551615','','0','',600,'',1,'','pending_log_writes','',394),(288,'e1dd220da71bceb6a6ef9a8f2fe76e8f',0,0,104,'','18446744073709551615','','0','',600,'',1,'','pending_nrml_o_wrts','',395),(289,'fea7be0cd5014f436fdad8993f7d300a',0,0,104,'','18446744073709551615','','0','',600,'',1,'','pending_log_flushes','',396),(290,'451c817191559726cfddd316198a2853',0,0,105,'','18446744073709551615','','0','',600,'',1,'','unflushed_log','',402),(291,'9b45c73fb9db0d5562b29af24794479d',0,0,105,'','U','','U','',600,'',3,'','log_bytes_written','',403),(292,'69a8f9b4a6361960338a5db09831addb',0,0,105,'','U','','U','',600,'',3,'','log_bytes_flushed','',404),(293,'c17991311d486b6e73aaefddc1495d7f',0,0,105,'','18446744073709551615','','0','',600,'',1,'','innodb_log_buffr_sz','',405),(294,'ca7f7ba37c2bd78263b1009dcf467eab',0,0,106,'','U','','U','',600,'',3,'','Binlog_cache_use','',411),(295,'b0353ac1fa0f77d2968aebc0166bbd9e',0,0,106,'','18446744073709551615','','0','',600,'',1,'','binary_log_space','',412),(296,'87b49f80e24ab4f6989119525dd26184',0,0,106,'','18446744073709551615','','0','',600,'',1,'','relay_log_space','',413),(297,'a41d3fa5e07c27bda6b3bef283a3f200',0,0,106,'','U','','U','',600,'',3,'','Binlog_cache_disk_s','',414),(298,'0e94a0712e8bca7fb0f0c76effaac4d2',0,0,107,'','U','','U','',600,'',3,'','innodb_transactions','',420),(299,'73142c0ad2c1bbcd94224d100b82bfaa',0,0,107,'','18446744073709551615','','0','',600,'',1,'','history_list','',421),(300,'e6cf96ff1fc7966fe442dd51cd2bdbcc',0,0,108,'','18446744073709551615','','0','',600,'',1,'','current_transactins','',427),(301,'0e40c07dfbdba49b81fdbae32d4edab4',0,0,108,'','18446744073709551615','','0','',600,'',1,'','locked_transactions','',428),(302,'616fd388be03c90b9978b51b70ed2fda',0,0,108,'','18446744073709551615','','0','',600,'',1,'','active_transactions','',429),(303,'5e92066e5f110ee444a94c705e7e7691',0,0,108,'','18446744073709551615','','0','',600,'',1,'','read_views','',430),(304,'1f85e70184e14ffa218204d5eff27ca8',0,0,109,'','U','','U','',600,'',3,'','Opened_tables','',436),(305,'5dc3b51fa3acac1b7e7aa55da0267d6d',0,0,109,'','18446744073709551615','','0','',600,'',1,'','Open_files','',437),(306,'833a86f771733356ce7b47c3ad6c4b23',0,0,109,'','18446744073709551615','','0','',600,'',1,'','Open_tables','',438),(307,'62dd5b27df7c0f9ee2c37daa2d60acf3',0,0,109,'','18446744073709551615','','0','',600,'',1,'','table_cache','',439),(308,'1b5429991445610d0381838eac293ca1',0,0,110,'','18446744073709551615','','0','',600,'',1,'','Threads_connected','',445),(309,'177f4b47fa4620e066ba0bcc9e9ca606',0,0,110,'','U','','U','',600,'',3,'','Threads_created','',446),(310,'168af32709e712ff11e736ff7a9db032',0,0,110,'','18446744073709551615','','0','',600,'',1,'','Threads_running','',447),(311,'925a0f68d2fc4e4ad8cec7b2ae830aa0',0,0,110,'','18446744073709551615','','0','',600,'',1,'','Threads_cached','',448),(312,'44655c9b3c600c912e7ac7245297bcd4',0,0,110,'','18446744073709551615','','0','',600,'',1,'','thread_cache_size','',449),(313,'24e7c9debb98e548d8891a247950a923',0,0,111,'','18446744073709551615','','0','',600,'',1,'','total_mem_alloc','',455),(314,'a274a1909518a7c3c8fb7d143f97e55e',0,0,111,'','18446744073709551615','','0','',600,'',1,'','additional_pool_llc','',456),(315,'af73d164be5aa60f8655a5d185230c9a',0,0,112,'','18446744073709551615','','0','',600,'',1,'','hash_index_clls_ttl','',462),(316,'7540de68bbb74c26559d55b797873fa4',0,0,112,'','18446744073709551615','','0','',600,'',1,'','hash_index_cells_sd','',463),(317,'9d6e44cd2e7c1fc4ff74a789c07ea5e8',0,0,113,'','18446744073709551615','','0','',600,'',1,'','lock_system_memory','',469),(318,'f418a322cd3f9c659063eec766957242',0,0,113,'','18446744073709551615','','0','',600,'',1,'','file_system_memory','',470),(319,'75070c34d0f662fed638fd9650e408ab',0,0,113,'','18446744073709551615','','0','',600,'',1,'','page_hash_memory','',471),(320,'c3a585488226ffc51dc41059909e474c',0,0,113,'','18446744073709551615','','0','',600,'',1,'','thread_hash_memory','',472),(321,'7a18fc1e7a9b1459f0049e70916c4d68',0,0,113,'','18446744073709551615','','0','',600,'',1,'','dictionry_cche_mmry','',473),(322,'ebef3ce05107e636e1ba7ef06aa89224',0,0,113,'','18446744073709551615','','0','',600,'',1,'','recovery_systm_mmry','',474),(323,'ce8f9b38caba7563257a268cc2df1e47',0,0,113,'','18446744073709551615','','0','',600,'',1,'','adaptive_hash_memry','',475),(324,'fcda4c9471d50e702ee7e613e9f5bbbc',0,0,114,'','18446744073709551615','','0','',600,'',1,'','innodb_locked_tabls','',481),(325,'9aef8ac73b931f2667d1ba21018b156e',0,0,114,'','18446744073709551615','','0','',600,'',1,'','innodb_tables_in_us','',482),(326,'f1744276d2e74b52830165c49b54618c',0,0,115,'','18446744073709551615','','0','',600,'',1,'','innodb_lock_wat_scs','',488),(327,'9a067f29dd948c909b3efa12cabd9ef8',0,0,116,'','18446744073709551615','','0','',600,'',1,'','innodb_lock_structs','',494),(328,'c1feb24905641e7888b5b22a3d503b03',0,0,117,'','18446744073709551615','','0','',600,'',1,'','uncheckpointed_byts','',500),(329,'70c91dbd06454075c08b72a025be7eb7',0,0,118,'','U','','U','',600,'',3,'','Innodb_row_lock_tim','',506),(330,'90641853bf96784e399a2aa38b51b4d4',0,0,119,'','U','','U','',600,'',3,'','Innodb_row_lock_wts','',512),(331,'4e9a355586f097462616eff0b3a14330',0,0,120,'','18446744073709551615','','0','',600,'',1,'','innodb_sem_waits','',518),(332,'d53164739f951807429f46be7ce989e5',0,0,121,'','18446744073709551615','','0','',600,'',1,'','innodb_sm_wt_tme_ms','',524),(333,'36a6a169a722caf64ddbd89a7323cec6',0,0,122,'','18446744073709551615','','0','',600,'',1,'','State_login','',530),(334,'2a03ebff50f9f379fe418135d7ee4fe5',0,0,122,'','18446744073709551615','','0','',600,'',1,'','State_closing_tabls','',531),(335,'e5d63d270bde739da892627ed427485b',0,0,122,'','18446744073709551615','','0','',600,'',1,'','State_sorting_reslt','',532),(336,'2eec45a8efac2a057fbe060a97a44a01',0,0,122,'','18446744073709551615','','0','',600,'',1,'','State_preparing','',533),(337,'eeb6dda26c93d500cc88adcbe7d5ae16',0,0,122,'','18446744073709551615','','0','',600,'',1,'','State_init','',534),(338,'a67422e4cb4ce0b31addb945234625c2',0,0,122,'','18446744073709551615','','0','',600,'',1,'','State_freeing_items','',535),(339,'ef1b0792047b7857ad7e9b98bb1d7e93',0,0,122,'','18446744073709551615','','0','',600,'',1,'','State_locked','',536),(340,'e6e6514631517407fb191a38ebb9a54d',0,0,122,'','18446744073709551615','','0','',600,'',1,'','State_writing_to_nt','',537),(341,'9873eaa4676fc7a1d10e049e641a1c9f',0,0,122,'','18446744073709551615','','0','',600,'',1,'','Ste_cpyng_to_tp_tbl','',538),(342,'fa80cf3275db897f4649f76d017e01cb',0,0,122,'','18446744073709551615','','0','',600,'',1,'','State_other','',539),(343,'555c9a1e0d7366c53050055c9193cdd0',0,0,122,'','18446744073709551615','','0','',600,'',1,'','State_end','',540),(344,'e98093b5df57b60f2c6fe8be6c64211a',0,0,122,'','18446744073709551615','','0','',600,'',1,'','State_none','',541),(345,'0791566476b1d40655a27b84964369a9',0,0,122,'','18446744073709551615','','0','',600,'',1,'','State_readng_frm_nt','',542),(346,'f20a8400d1384dc0fd3b57c8303e51e3',0,0,122,'','18446744073709551615','','0','',600,'',1,'','State_sending_data','',543),(347,'037f4b7176337e069ab17a9d4cf3ff3c',0,0,122,'','18446744073709551615','','0','',600,'',1,'','State_statistics','',544),(348,'1067242a70c101506211ea94f345a54c',0,0,122,'','18446744073709551615','','0','',600,'',1,'','State_updating','',545),(349,'e49aaeb2764f5e8e5ff15c5827984090',0,0,123,'','U','','U','',600,'',3,'','Handler_commit','',551),(350,'bd472a4caad3aaf17971489dd98d146e',0,0,123,'','U','','U','',600,'',3,'','Handler_savepoint','',552),(351,'0cb8145c779a473ff1c7f8afb44c1824',0,0,123,'','U','','U','',600,'',3,'','Handlr_svpnt_rllbck','',553),(352,'1c95b6ed0ee6fe5fe150865a9766a0a3',0,0,123,'','U','','U','',600,'',3,'','Handler_rollback','',554),(353,'92a1ddf3cdbe22322444119ae383254f',0,0,124,'','U','','U','',600,'',3,'','Handler_delete','',560),(354,'4571023a7f6135f89893e69b5273a10f',0,0,124,'','U','','U','',600,'',3,'','Handler_read_first','',561),(355,'e3140862ff56052529e34c9243233e0e',0,0,124,'','U','','U','',600,'',3,'','Handler_read_prev','',562),(356,'8ea5ff7095e8aa4af3560c76abe1e18c',0,0,124,'','U','','U','',600,'',3,'','Handler_read_key','',563),(357,'61e0a1e6b6f96458bc3f437308a50ef7',0,0,124,'','U','','U','',600,'',3,'','Handler_red_rnd_nxt','',564),(358,'0d3219d73d18af33e1dd9315143a02c2',0,0,124,'','U','','U','',600,'',3,'','Handler_write','',565),(359,'8d89f6bee2cc4873e3a29d0a69c8f2c9',0,0,124,'','U','','U','',600,'',3,'','Handler_read_rnd','',566),(360,'ec8391ec89a8e1f924d650f9fe9dd367',0,0,124,'','U','','U','',600,'',3,'','Handler_update','',567),(361,'8ebb94d74cde5bf8276c1fa6e7391a33',0,0,124,'','U','','U','',600,'',3,'','Handler_read_next','',568),(362,'cccb93798a6fad4da0acc5ea328b8216',0,0,125,'','U','','U','',600,'',3,'','Query_time_count_07','',574),(363,'6532695bb9e8e0e2e161c631a347077d',0,0,125,'','U','','U','',600,'',3,'','Query_time_count_12','',575),(364,'46d0d3177f106a93a5cc66bc77306d46',0,0,125,'','U','','U','',600,'',3,'','Query_time_count_13','',576),(365,'626d1f13de98a1f2b616b6917cc4fca0',0,0,125,'','U','','U','',600,'',3,'','Query_time_count_04','',577),(366,'087f91519e29263eb8aa57dbbc02dfd1',0,0,125,'','U','','U','',600,'',3,'','Query_time_count_09','',578),(367,'9ff891175f36e11b6ab03063e31b6f2f',0,0,125,'','U','','U','',600,'',3,'','Query_time_count_10','',579),(368,'60d6b22bf946eefe9e6319de951577a3',0,0,125,'','U','','U','',600,'',3,'','Query_time_count_08','',580),(369,'c3ac238e0e31908859ff27b1b35d38e8',0,0,125,'','U','','U','',600,'',3,'','Query_time_count_02','',581),(370,'07dc92c81602f3197c890d0472b5b2b4',0,0,125,'','U','','U','',600,'',3,'','Query_time_count_11','',582),(371,'ea81b2e2a1434593abd13f1cebabd9bb',0,0,125,'','U','','U','',600,'',3,'','Query_time_count_01','',583),(372,'d4e32d48dc7e497ffc774927ce57fd3e',0,0,125,'','U','','U','',600,'',3,'','Query_time_count_05','',584),(373,'5f1e743ecfe71fe4bcced2c49afb9f8f',0,0,125,'','U','','U','',600,'',3,'','Query_time_count_03','',585),(374,'df4b8a50ac45f442c5b6a7f0e549d301',0,0,125,'','U','','U','',600,'',3,'','Query_time_count_06','',586),(375,'2c6b74c45ca57e6fb1c2448c7a8e1e0e',0,0,125,'','U','','U','',600,'',3,'','Query_time_count_00','',587),(376,'01124222e61788878f0234a7358b470d',0,0,126,'','U','','U','',600,'',3,'','Query_time_total_04','',593),(377,'ef4a787140a7c2f0416bfc596ea204c7',0,0,126,'','U','','U','',600,'',3,'','Query_time_total_03','',594),(378,'885db284ece91f42d77353fcab7c72ab',0,0,126,'','U','','U','',600,'',3,'','Query_time_total_08','',595),(379,'1aae7dae1ad9ca9ee990b4003034843a',0,0,126,'','U','','U','',600,'',3,'','Query_time_total_06','',596),(380,'b4c13348952d8d8bec0d4ebdf9f0a01e',0,0,126,'','U','','U','',600,'',3,'','Query_time_total_01','',597),(381,'83a8d8aca375fd4e1ae391a79a0a87b2',0,0,126,'','U','','U','',600,'',3,'','Query_time_total_12','',598),(382,'2d2298fdf44b081f8e539af562708e40',0,0,126,'','U','','U','',600,'',3,'','Query_time_total_09','',599),(383,'fda6b59537a39179c485955560fdd2b8',0,0,126,'','U','','U','',600,'',3,'','Query_time_total_11','',600),(384,'4d93f0aefa6bc07f3912c83e0436a086',0,0,126,'','U','','U','',600,'',3,'','Query_time_total_00','',601),(385,'b4640cdc8506c3204fe220ac5f2e48b3',0,0,126,'','U','','U','',600,'',3,'','Query_time_total_13','',602),(386,'c3692126dcaffddb654b2a4dde65af13',0,0,126,'','U','','U','',600,'',3,'','Query_time_total_07','',603),(387,'6c87fae7265f7fcc73316d1a67bddf8b',0,0,126,'','U','','U','',600,'',3,'','Query_time_total_05','',604),(388,'4a4b901622c2d400667d467ff85beab2',0,0,126,'','U','','U','',600,'',3,'','Query_time_total_02','',605),(389,'b1218e8bb32068074943c359a034c76c',0,0,126,'','U','','U','',600,'',3,'','Query_time_total_10','',606),(390,'7697410ed5c61c07787d1f0a410b4066',0,0,127,'','U','','U','',600,'',3,'','pool_read_requests','',612),(391,'7acdf0f165f21668aa14530479d9fc79',0,0,127,'','U','','U','',600,'',3,'','pool_reads','',613),(476,'',126,31,64,NULL,'U',NULL,'U',NULL,600,NULL,3,NULL,'STAT_forks',NULL,104),(477,'',127,32,65,NULL,'U',NULL,'U',NULL,600,NULL,3,NULL,'STAT_CPU_nice',NULL,106),(478,'',128,32,65,NULL,'U',NULL,'U',NULL,600,NULL,3,NULL,'STAT_CPU_steal',NULL,107),(479,'',129,32,65,NULL,'U',NULL,'U',NULL,600,NULL,3,NULL,'STAT_CPU_idle',NULL,108),(480,'',130,32,65,NULL,'U',NULL,'U',NULL,600,NULL,3,NULL,'STAT_CPU_irq',NULL,109),(481,'',131,32,65,NULL,'U',NULL,'U',NULL,600,NULL,3,NULL,'STAT_CPU_iowait',NULL,110),(482,'',132,32,65,NULL,'U',NULL,'U',NULL,600,NULL,3,NULL,'STAT_CPU_system',NULL,111),(483,'',133,32,65,NULL,'U',NULL,'U',NULL,600,NULL,3,NULL,'STAT_CPU_guest',NULL,112),(484,'',134,32,65,NULL,'U',NULL,'U',NULL,600,NULL,3,NULL,'STAT_CPU_softirq',NULL,113),(485,'',135,32,65,NULL,'U',NULL,'U',NULL,600,NULL,3,NULL,'STAT_CPU_user',NULL,114),(486,'',136,33,66,NULL,'18446744073709551615',NULL,'0',NULL,600,NULL,1,NULL,'STAT_loadavg',NULL,116),(487,'',137,34,67,NULL,'18446744073709551615',NULL,'0',NULL,600,NULL,1,NULL,'STAT_numusers',NULL,118),(488,'',138,35,68,NULL,'18446744073709551615',NULL,'0',NULL,600,NULL,1,NULL,'STAT_memused',NULL,120),(489,'',139,35,68,NULL,'18446744073709551615',NULL,'0',NULL,600,NULL,1,NULL,'STAT_membuffer',NULL,121),(490,'',140,35,68,NULL,'18446744073709551615',NULL,'0',NULL,600,NULL,1,NULL,'STAT_memcached',NULL,122),(491,'',141,35,68,NULL,'18446744073709551615',NULL,'0',NULL,600,NULL,1,NULL,'STAT_memfree',NULL,123),(492,'',142,35,68,NULL,'18446744073709551615',NULL,'0',NULL,600,NULL,1,NULL,'STAT_memshared',NULL,124),(493,'',143,35,68,NULL,'18446744073709551615',NULL,'0',NULL,600,NULL,1,NULL,'STAT_memtotal',NULL,125),(494,'',172,36,78,NULL,'18446744073709551615',NULL,'0',NULL,600,NULL,1,NULL,'NETSTAT_established',NULL,173),(495,'',173,36,78,NULL,'18446744073709551615',NULL,'0',NULL,600,NULL,1,NULL,'NETSTAT_close',NULL,174),(496,'',174,36,78,NULL,'18446744073709551615',NULL,'0',NULL,600,NULL,1,NULL,'NETSTAT_fin_wait2',NULL,175),(497,'',175,36,78,NULL,'18446744073709551615',NULL,'0',NULL,600,NULL,1,NULL,'NETSTAT_syn_sent',NULL,176),(498,'',176,36,78,NULL,'18446744073709551615',NULL,'0',NULL,600,NULL,1,NULL,'NETSTAT_listen',NULL,177),(499,'',177,36,78,NULL,'18446744073709551615',NULL,'0',NULL,600,NULL,1,NULL,'NETSTAT_time_wait',NULL,178),(500,'',178,36,78,NULL,'18446744073709551615',NULL,'0',NULL,600,NULL,1,NULL,'NETSTAT_closing',NULL,179),(501,'',179,36,78,NULL,'18446744073709551615',NULL,'0',NULL,600,NULL,1,NULL,'NETSTAT_syn_recv',NULL,180),(502,'',180,36,78,NULL,'18446744073709551615',NULL,'0',NULL,600,NULL,1,NULL,'NETSTAT_last_ack',NULL,181),(503,'',181,36,78,NULL,'18446744073709551615',NULL,'0',NULL,600,NULL,1,NULL,'NETSTAT_unknown',NULL,182),(504,'',182,36,78,NULL,'18446744073709551615',NULL,'0',NULL,600,NULL,1,NULL,'NETSTAT_close_wait',NULL,183),(505,'',183,36,78,NULL,'18446744073709551615',NULL,'0',NULL,600,NULL,1,NULL,'NETSTAT_fin_wait1',NULL,184),(508,'',159,38,75,NULL,'18446744073709551615',NULL,'0',NULL,600,NULL,1,NULL,'DISKFREE_used',NULL,155),(509,'',160,38,75,NULL,'18446744073709551615',NULL,'0',NULL,600,NULL,1,NULL,'DISKFREE_available',NULL,156),(519,'',161,40,76,NULL,'U',NULL,'U',NULL,600,NULL,3,NULL,'NETDEV_outbound',NULL,159),(520,'',162,40,76,NULL,'U',NULL,'U',NULL,600,NULL,3,NULL,'NETDEV_inbound',NULL,160),(525,'',126,44,64,NULL,'U',NULL,'U',NULL,600,NULL,3,NULL,'STAT_forks',NULL,104),(526,'',127,45,65,NULL,'U',NULL,'U',NULL,600,NULL,3,NULL,'STAT_CPU_nice',NULL,106),(527,'',128,45,65,NULL,'U',NULL,'U',NULL,600,NULL,3,NULL,'STAT_CPU_steal',NULL,107),(528,'',129,45,65,NULL,'U',NULL,'U',NULL,600,NULL,3,NULL,'STAT_CPU_idle',NULL,108),(529,'',130,45,65,NULL,'U',NULL,'U',NULL,600,NULL,3,NULL,'STAT_CPU_irq',NULL,109),(530,'',131,45,65,NULL,'U',NULL,'U',NULL,600,NULL,3,NULL,'STAT_CPU_iowait',NULL,110),(531,'',132,45,65,NULL,'U',NULL,'U',NULL,600,NULL,3,NULL,'STAT_CPU_system',NULL,111),(532,'',133,45,65,NULL,'U',NULL,'U',NULL,600,NULL,3,NULL,'STAT_CPU_guest',NULL,112),(533,'',134,45,65,NULL,'U',NULL,'U',NULL,600,NULL,3,NULL,'STAT_CPU_softirq',NULL,113),(534,'',135,45,65,NULL,'U',NULL,'U',NULL,600,NULL,3,NULL,'STAT_CPU_user',NULL,114),(535,'',136,46,66,NULL,'18446744073709551615',NULL,'0',NULL,600,NULL,1,NULL,'STAT_loadavg',NULL,116),(536,'',137,47,67,NULL,'18446744073709551615',NULL,'0',NULL,600,NULL,1,NULL,'STAT_numusers',NULL,118),(537,'',138,48,68,NULL,'18446744073709551615',NULL,'0',NULL,600,NULL,1,NULL,'STAT_memused',NULL,120),(538,'',139,48,68,NULL,'18446744073709551615',NULL,'0',NULL,600,NULL,1,NULL,'STAT_membuffer',NULL,121),(539,'',140,48,68,NULL,'18446744073709551615',NULL,'0',NULL,600,NULL,1,NULL,'STAT_memcached',NULL,122),(540,'',141,48,68,NULL,'18446744073709551615',NULL,'0',NULL,600,NULL,1,NULL,'STAT_memfree',NULL,123),(541,'',142,48,68,NULL,'18446744073709551615',NULL,'0',NULL,600,NULL,1,NULL,'STAT_memshared',NULL,124),(542,'',143,48,68,NULL,'18446744073709551615',NULL,'0',NULL,600,NULL,1,NULL,'STAT_memtotal',NULL,125),(543,'',172,49,78,NULL,'18446744073709551615',NULL,'0',NULL,600,NULL,1,NULL,'NETSTAT_established',NULL,173),(544,'',173,49,78,NULL,'18446744073709551615',NULL,'0',NULL,600,NULL,1,NULL,'NETSTAT_close',NULL,174),(545,'',174,49,78,NULL,'18446744073709551615',NULL,'0',NULL,600,NULL,1,NULL,'NETSTAT_fin_wait2',NULL,175),(546,'',175,49,78,NULL,'18446744073709551615',NULL,'0',NULL,600,NULL,1,NULL,'NETSTAT_syn_sent',NULL,176),(547,'',176,49,78,NULL,'18446744073709551615',NULL,'0',NULL,600,NULL,1,NULL,'NETSTAT_listen',NULL,177),(548,'',177,49,78,NULL,'18446744073709551615',NULL,'0',NULL,600,NULL,1,NULL,'NETSTAT_time_wait',NULL,178),(549,'',178,49,78,NULL,'18446744073709551615',NULL,'0',NULL,600,NULL,1,NULL,'NETSTAT_closing',NULL,179),(550,'',179,49,78,NULL,'18446744073709551615',NULL,'0',NULL,600,NULL,1,NULL,'NETSTAT_syn_recv',NULL,180),(551,'',180,49,78,NULL,'18446744073709551615',NULL,'0',NULL,600,NULL,1,NULL,'NETSTAT_last_ack',NULL,181),(552,'',181,49,78,NULL,'18446744073709551615',NULL,'0',NULL,600,NULL,1,NULL,'NETSTAT_unknown',NULL,182),(553,'',182,49,78,NULL,'18446744073709551615',NULL,'0',NULL,600,NULL,1,NULL,'NETSTAT_close_wait',NULL,183),(554,'',183,49,78,NULL,'18446744073709551615',NULL,'0',NULL,600,NULL,1,NULL,'NETSTAT_fin_wait1',NULL,184),(557,'',159,51,75,NULL,'18446744073709551615',NULL,'0',NULL,600,NULL,1,NULL,'DISKFREE_used',NULL,155),(558,'',160,51,75,NULL,'18446744073709551615',NULL,'0',NULL,600,NULL,1,NULL,'DISKFREE_available',NULL,156),(559,'',161,52,76,NULL,'U',NULL,'U',NULL,600,NULL,3,NULL,'NETDEV_outbound',NULL,159),(560,'',162,52,76,NULL,'U',NULL,'U',NULL,600,NULL,3,NULL,'NETDEV_inbound',NULL,160),(563,'',126,55,64,NULL,'U',NULL,'U',NULL,600,NULL,3,NULL,'STAT_forks',NULL,104),(564,'',127,56,65,NULL,'U',NULL,'U',NULL,600,NULL,3,NULL,'STAT_CPU_nice',NULL,106),(565,'',128,56,65,NULL,'U',NULL,'U',NULL,600,NULL,3,NULL,'STAT_CPU_steal',NULL,107),(566,'',129,56,65,NULL,'U',NULL,'U',NULL,600,NULL,3,NULL,'STAT_CPU_idle',NULL,108),(567,'',130,56,65,NULL,'U',NULL,'U',NULL,600,NULL,3,NULL,'STAT_CPU_irq',NULL,109),(568,'',131,56,65,NULL,'U',NULL,'U',NULL,600,NULL,3,NULL,'STAT_CPU_iowait',NULL,110),(569,'',132,56,65,NULL,'U',NULL,'U',NULL,600,NULL,3,NULL,'STAT_CPU_system',NULL,111),(570,'',133,56,65,NULL,'U',NULL,'U',NULL,600,NULL,3,NULL,'STAT_CPU_guest',NULL,112),(571,'',134,56,65,NULL,'U',NULL,'U',NULL,600,NULL,3,NULL,'STAT_CPU_softirq',NULL,113),(572,'',135,56,65,NULL,'U',NULL,'U',NULL,600,NULL,3,NULL,'STAT_CPU_user',NULL,114),(573,'',136,57,66,NULL,'18446744073709551615',NULL,'0',NULL,600,NULL,1,NULL,'STAT_loadavg',NULL,116),(574,'',137,58,67,NULL,'18446744073709551615',NULL,'0',NULL,600,NULL,1,NULL,'STAT_numusers',NULL,118),(575,'',138,59,68,NULL,'18446744073709551615',NULL,'0',NULL,600,NULL,1,NULL,'STAT_memused',NULL,120),(576,'',139,59,68,NULL,'18446744073709551615',NULL,'0',NULL,600,NULL,1,NULL,'STAT_membuffer',NULL,121),(577,'',140,59,68,NULL,'18446744073709551615',NULL,'0',NULL,600,NULL,1,NULL,'STAT_memcached',NULL,122),(578,'',141,59,68,NULL,'18446744073709551615',NULL,'0',NULL,600,NULL,1,NULL,'STAT_memfree',NULL,123),(579,'',142,59,68,NULL,'18446744073709551615',NULL,'0',NULL,600,NULL,1,NULL,'STAT_memshared',NULL,124),(580,'',143,59,68,NULL,'18446744073709551615',NULL,'0',NULL,600,NULL,1,NULL,'STAT_memtotal',NULL,125),(581,'',172,60,78,NULL,'18446744073709551615',NULL,'0',NULL,600,NULL,1,NULL,'NETSTAT_established',NULL,173),(582,'',173,60,78,NULL,'18446744073709551615',NULL,'0',NULL,600,NULL,1,NULL,'NETSTAT_close',NULL,174),(583,'',174,60,78,NULL,'18446744073709551615',NULL,'0',NULL,600,NULL,1,NULL,'NETSTAT_fin_wait2',NULL,175),(584,'',175,60,78,NULL,'18446744073709551615',NULL,'0',NULL,600,NULL,1,NULL,'NETSTAT_syn_sent',NULL,176),(585,'',176,60,78,NULL,'18446744073709551615',NULL,'0',NULL,600,NULL,1,NULL,'NETSTAT_listen',NULL,177),(586,'',177,60,78,NULL,'18446744073709551615',NULL,'0',NULL,600,NULL,1,NULL,'NETSTAT_time_wait',NULL,178),(587,'',178,60,78,NULL,'18446744073709551615',NULL,'0',NULL,600,NULL,1,NULL,'NETSTAT_closing',NULL,179),(588,'',179,60,78,NULL,'18446744073709551615',NULL,'0',NULL,600,NULL,1,NULL,'NETSTAT_syn_recv',NULL,180),(589,'',180,60,78,NULL,'18446744073709551615',NULL,'0',NULL,600,NULL,1,NULL,'NETSTAT_last_ack',NULL,181),(590,'',181,60,78,NULL,'18446744073709551615',NULL,'0',NULL,600,NULL,1,NULL,'NETSTAT_unknown',NULL,182),(591,'',182,60,78,NULL,'18446744073709551615',NULL,'0',NULL,600,NULL,1,NULL,'NETSTAT_close_wait',NULL,183),(592,'',183,60,78,NULL,'18446744073709551615',NULL,'0',NULL,600,NULL,1,NULL,'NETSTAT_fin_wait1',NULL,184),(595,'',159,62,75,NULL,'18446744073709551615',NULL,'0',NULL,600,NULL,1,NULL,'DISKFREE_used',NULL,155),(596,'',160,62,75,NULL,'18446744073709551615',NULL,'0',NULL,600,NULL,1,NULL,'DISKFREE_available',NULL,156),(597,'',161,63,76,NULL,'U',NULL,'U',NULL,600,NULL,3,NULL,'NETDEV_outbound',NULL,159),(598,'',162,63,76,NULL,'U',NULL,'U',NULL,600,NULL,3,NULL,'NETDEV_inbound',NULL,160),(599,'',186,64,80,NULL,'U',NULL,'U',NULL,600,NULL,3,NULL,'APACHE_Requests',NULL,189),(600,'',187,65,81,NULL,'U',NULL,'U',NULL,600,NULL,3,NULL,'APACHE_Bytes_sent',NULL,191),(601,'',188,66,82,NULL,'18446744073709551615',NULL,'0',NULL,600,NULL,1,NULL,'APACHE_CPU_Load',NULL,193),(602,'',189,67,83,NULL,'18446744073709551615',NULL,'0',NULL,600,NULL,1,NULL,'APACHE_Idle_workers',NULL,195),(603,'',190,67,83,NULL,'18446744073709551615',NULL,'0',NULL,600,NULL,1,NULL,'APACHE_Busy_workers',NULL,196),(604,'',191,68,84,NULL,'18446744073709551615',NULL,'0',NULL,600,NULL,1,NULL,'APACHE_Starting_up',NULL,198),(605,'',192,68,84,NULL,'18446744073709551615',NULL,'0',NULL,600,NULL,1,NULL,'APACHE_Open_slot',NULL,199),(606,'',193,68,84,NULL,'18446744073709551615',NULL,'0',NULL,600,NULL,1,NULL,'APACHE_Grcflyfnshng',NULL,200),(607,'',194,68,84,NULL,'18446744073709551615',NULL,'0',NULL,600,NULL,1,NULL,'APACHE_Reading_rqst',NULL,201),(608,'',195,68,84,NULL,'18446744073709551615',NULL,'0',NULL,600,NULL,1,NULL,'APACHE_Clsng_cnnctn',NULL,202),(609,'',196,68,84,NULL,'18446744073709551615',NULL,'0',NULL,600,NULL,1,NULL,'APACHE_Keepalive',NULL,203),(610,'',197,68,84,NULL,'18446744073709551615',NULL,'0',NULL,600,NULL,1,NULL,'APACHE_Idle_cleanup',NULL,204),(611,'',198,68,84,NULL,'18446744073709551615',NULL,'0',NULL,600,NULL,1,NULL,'APACHE_Logging',NULL,205),(612,'',199,68,84,NULL,'18446744073709551615',NULL,'0',NULL,600,NULL,1,NULL,'APACHE_Sending_rply',NULL,206),(613,'',200,68,84,NULL,'18446744073709551615',NULL,'0',NULL,600,NULL,1,NULL,'APACHE_Wtng_frcnctn',NULL,207),(614,'',201,68,84,NULL,'18446744073709551615',NULL,'0',NULL,600,NULL,1,NULL,'APACHE_DNS_lookup',NULL,208),(617,'',126,71,64,NULL,'U',NULL,'U',NULL,600,NULL,3,NULL,'STAT_forks',NULL,104),(618,'',127,72,65,NULL,'U',NULL,'U',NULL,600,NULL,3,NULL,'STAT_CPU_nice',NULL,106),(619,'',128,72,65,NULL,'U',NULL,'U',NULL,600,NULL,3,NULL,'STAT_CPU_steal',NULL,107),(620,'',129,72,65,NULL,'U',NULL,'U',NULL,600,NULL,3,NULL,'STAT_CPU_idle',NULL,108),(621,'',130,72,65,NULL,'U',NULL,'U',NULL,600,NULL,3,NULL,'STAT_CPU_irq',NULL,109),(622,'',131,72,65,NULL,'U',NULL,'U',NULL,600,NULL,3,NULL,'STAT_CPU_iowait',NULL,110),(623,'',132,72,65,NULL,'U',NULL,'U',NULL,600,NULL,3,NULL,'STAT_CPU_system',NULL,111),(624,'',133,72,65,NULL,'U',NULL,'U',NULL,600,NULL,3,NULL,'STAT_CPU_guest',NULL,112),(625,'',134,72,65,NULL,'U',NULL,'U',NULL,600,NULL,3,NULL,'STAT_CPU_softirq',NULL,113),(626,'',135,72,65,NULL,'U',NULL,'U',NULL,600,NULL,3,NULL,'STAT_CPU_user',NULL,114),(627,'',136,73,66,NULL,'18446744073709551615',NULL,'0',NULL,600,NULL,1,NULL,'STAT_loadavg',NULL,116),(629,'',138,75,68,NULL,'18446744073709551615',NULL,'0',NULL,600,NULL,1,NULL,'STAT_memused',NULL,120),(630,'',139,75,68,NULL,'18446744073709551615',NULL,'0',NULL,600,NULL,1,NULL,'STAT_membuffer',NULL,121),(631,'',140,75,68,NULL,'18446744073709551615',NULL,'0',NULL,600,NULL,1,NULL,'STAT_memcached',NULL,122),(632,'',141,75,68,NULL,'18446744073709551615',NULL,'0',NULL,600,NULL,1,NULL,'STAT_memfree',NULL,123),(633,'',142,75,68,NULL,'18446744073709551615',NULL,'0',NULL,600,NULL,1,NULL,'STAT_memshared',NULL,124),(634,'',143,75,68,NULL,'18446744073709551615',NULL,'0',NULL,600,NULL,1,NULL,'STAT_memtotal',NULL,125),(635,'',172,76,78,NULL,'18446744073709551615',NULL,'0',NULL,600,NULL,1,NULL,'NETSTAT_established',NULL,173),(636,'',173,76,78,NULL,'18446744073709551615',NULL,'0',NULL,600,NULL,1,NULL,'NETSTAT_close',NULL,174),(637,'',174,76,78,NULL,'18446744073709551615',NULL,'0',NULL,600,NULL,1,NULL,'NETSTAT_fin_wait2',NULL,175),(638,'',175,76,78,NULL,'18446744073709551615',NULL,'0',NULL,600,NULL,1,NULL,'NETSTAT_syn_sent',NULL,176),(639,'',176,76,78,NULL,'18446744073709551615',NULL,'0',NULL,600,NULL,1,NULL,'NETSTAT_listen',NULL,177),(640,'',177,76,78,NULL,'18446744073709551615',NULL,'0',NULL,600,NULL,1,NULL,'NETSTAT_time_wait',NULL,178),(641,'',178,76,78,NULL,'18446744073709551615',NULL,'0',NULL,600,NULL,1,NULL,'NETSTAT_closing',NULL,179),(642,'',179,76,78,NULL,'18446744073709551615',NULL,'0',NULL,600,NULL,1,NULL,'NETSTAT_syn_recv',NULL,180),(643,'',180,76,78,NULL,'18446744073709551615',NULL,'0',NULL,600,NULL,1,NULL,'NETSTAT_last_ack',NULL,181),(644,'',181,76,78,NULL,'18446744073709551615',NULL,'0',NULL,600,NULL,1,NULL,'NETSTAT_unknown',NULL,182),(645,'',182,76,78,NULL,'18446744073709551615',NULL,'0',NULL,600,NULL,1,NULL,'NETSTAT_close_wait',NULL,183),(646,'',183,76,78,NULL,'18446744073709551615',NULL,'0',NULL,600,NULL,1,NULL,'NETSTAT_fin_wait1',NULL,184),(649,'',159,78,75,NULL,'18446744073709551615',NULL,'0',NULL,600,NULL,1,NULL,'DISKFREE_used',NULL,155),(650,'',160,78,75,NULL,'18446744073709551615',NULL,'0',NULL,600,NULL,1,NULL,'DISKFREE_available',NULL,156),(651,'',161,79,76,NULL,'U',NULL,'U',NULL,600,NULL,3,NULL,'NETDEV_outbound',NULL,159),(652,'',162,79,76,NULL,'U',NULL,'U',NULL,600,NULL,3,NULL,'NETDEV_inbound',NULL,160),(734,'',126,104,64,NULL,'U',NULL,'U',NULL,600,NULL,3,NULL,'STAT_forks',NULL,104),(735,'',127,105,65,NULL,'U',NULL,'U',NULL,600,NULL,3,NULL,'STAT_CPU_nice',NULL,106),(736,'',128,105,65,NULL,'U',NULL,'U',NULL,600,NULL,3,NULL,'STAT_CPU_steal',NULL,107),(737,'',129,105,65,NULL,'U',NULL,'U',NULL,600,NULL,3,NULL,'STAT_CPU_idle',NULL,108),(738,'',130,105,65,NULL,'U',NULL,'U',NULL,600,NULL,3,NULL,'STAT_CPU_irq',NULL,109),(739,'',131,105,65,NULL,'U',NULL,'U',NULL,600,NULL,3,NULL,'STAT_CPU_iowait',NULL,110),(740,'',132,105,65,NULL,'U',NULL,'U',NULL,600,NULL,3,NULL,'STAT_CPU_system',NULL,111),(741,'',133,105,65,NULL,'U',NULL,'U',NULL,600,NULL,3,NULL,'STAT_CPU_guest',NULL,112),(742,'',134,105,65,NULL,'U',NULL,'U',NULL,600,NULL,3,NULL,'STAT_CPU_softirq',NULL,113),(743,'',135,105,65,NULL,'U',NULL,'U',NULL,600,NULL,3,NULL,'STAT_CPU_user',NULL,114),(744,'',136,106,66,NULL,'18446744073709551615',NULL,'0',NULL,600,NULL,1,NULL,'STAT_loadavg',NULL,116),(745,'',137,107,67,NULL,'18446744073709551615',NULL,'0',NULL,600,NULL,1,NULL,'STAT_numusers',NULL,118),(746,'',138,108,68,NULL,'18446744073709551615',NULL,'0',NULL,600,NULL,1,NULL,'STAT_memused',NULL,120),(747,'',139,108,68,NULL,'18446744073709551615',NULL,'0',NULL,600,NULL,1,NULL,'STAT_membuffer',NULL,121),(748,'',140,108,68,NULL,'18446744073709551615',NULL,'0',NULL,600,NULL,1,NULL,'STAT_memcached',NULL,122),(749,'',141,108,68,NULL,'18446744073709551615',NULL,'0',NULL,600,NULL,1,NULL,'STAT_memfree',NULL,123),(750,'',142,108,68,NULL,'18446744073709551615',NULL,'0',NULL,600,NULL,1,NULL,'STAT_memshared',NULL,124),(751,'',143,108,68,NULL,'18446744073709551615',NULL,'0',NULL,600,NULL,1,NULL,'STAT_memtotal',NULL,125),(752,'',172,109,78,NULL,'18446744073709551615',NULL,'0',NULL,600,NULL,1,NULL,'NETSTAT_established',NULL,173),(753,'',173,109,78,NULL,'18446744073709551615',NULL,'0',NULL,600,NULL,1,NULL,'NETSTAT_close',NULL,174),(754,'',174,109,78,NULL,'18446744073709551615',NULL,'0',NULL,600,NULL,1,NULL,'NETSTAT_fin_wait2',NULL,175),(755,'',175,109,78,NULL,'18446744073709551615',NULL,'0',NULL,600,NULL,1,NULL,'NETSTAT_syn_sent',NULL,176),(756,'',176,109,78,NULL,'18446744073709551615',NULL,'0',NULL,600,NULL,1,NULL,'NETSTAT_listen',NULL,177),(757,'',177,109,78,NULL,'18446744073709551615',NULL,'0',NULL,600,NULL,1,NULL,'NETSTAT_time_wait',NULL,178),(758,'',178,109,78,NULL,'18446744073709551615',NULL,'0',NULL,600,NULL,1,NULL,'NETSTAT_closing',NULL,179),(759,'',179,109,78,NULL,'18446744073709551615',NULL,'0',NULL,600,NULL,1,NULL,'NETSTAT_syn_recv',NULL,180),(760,'',180,109,78,NULL,'18446744073709551615',NULL,'0',NULL,600,NULL,1,NULL,'NETSTAT_last_ack',NULL,181),(761,'',181,109,78,NULL,'18446744073709551615',NULL,'0',NULL,600,NULL,1,NULL,'NETSTAT_unknown',NULL,182),(762,'',182,109,78,NULL,'18446744073709551615',NULL,'0',NULL,600,NULL,1,NULL,'NETSTAT_close_wait',NULL,183),(763,'',183,109,78,NULL,'18446744073709551615',NULL,'0',NULL,600,NULL,1,NULL,'NETSTAT_fin_wait1',NULL,184),(766,'',159,111,75,NULL,'18446744073709551615',NULL,'0',NULL,600,NULL,1,NULL,'DISKFREE_used',NULL,155),(767,'',160,111,75,NULL,'18446744073709551615',NULL,'0',NULL,600,NULL,1,NULL,'DISKFREE_available',NULL,156),(768,'',161,112,76,NULL,'U',NULL,'U',NULL,600,NULL,3,NULL,'NETDEV_outbound',NULL,159),(769,'',162,112,76,NULL,'U',NULL,'U',NULL,600,NULL,3,NULL,'NETDEV_inbound',NULL,160),(772,'',126,115,64,NULL,'U',NULL,'U',NULL,600,NULL,3,NULL,'STAT_forks',NULL,104),(773,'',127,116,65,NULL,'U',NULL,'U',NULL,600,NULL,3,NULL,'STAT_CPU_nice',NULL,106),(774,'',128,116,65,NULL,'U',NULL,'U',NULL,600,NULL,3,NULL,'STAT_CPU_steal',NULL,107),(775,'',129,116,65,NULL,'U',NULL,'U',NULL,600,NULL,3,NULL,'STAT_CPU_idle',NULL,108),(776,'',130,116,65,NULL,'U',NULL,'U',NULL,600,NULL,3,NULL,'STAT_CPU_irq',NULL,109),(777,'',131,116,65,NULL,'U',NULL,'U',NULL,600,NULL,3,NULL,'STAT_CPU_iowait',NULL,110),(778,'',132,116,65,NULL,'U',NULL,'U',NULL,600,NULL,3,NULL,'STAT_CPU_system',NULL,111),(779,'',133,116,65,NULL,'U',NULL,'U',NULL,600,NULL,3,NULL,'STAT_CPU_guest',NULL,112),(780,'',134,116,65,NULL,'U',NULL,'U',NULL,600,NULL,3,NULL,'STAT_CPU_softirq',NULL,113),(781,'',135,116,65,NULL,'U',NULL,'U',NULL,600,NULL,3,NULL,'STAT_CPU_user',NULL,114),(782,'',136,117,66,NULL,'18446744073709551615',NULL,'0',NULL,600,NULL,1,NULL,'STAT_loadavg',NULL,116),(783,'',137,118,67,NULL,'18446744073709551615',NULL,'0',NULL,600,NULL,1,NULL,'STAT_numusers',NULL,118),(784,'',138,119,68,NULL,'18446744073709551615',NULL,'0',NULL,600,NULL,1,NULL,'STAT_memused',NULL,120),(785,'',139,119,68,NULL,'18446744073709551615',NULL,'0',NULL,600,NULL,1,NULL,'STAT_membuffer',NULL,121),(786,'',140,119,68,NULL,'18446744073709551615',NULL,'0',NULL,600,NULL,1,NULL,'STAT_memcached',NULL,122),(787,'',141,119,68,NULL,'18446744073709551615',NULL,'0',NULL,600,NULL,1,NULL,'STAT_memfree',NULL,123),(788,'',142,119,68,NULL,'18446744073709551615',NULL,'0',NULL,600,NULL,1,NULL,'STAT_memshared',NULL,124),(789,'',143,119,68,NULL,'18446744073709551615',NULL,'0',NULL,600,NULL,1,NULL,'STAT_memtotal',NULL,125),(790,'',172,120,78,NULL,'18446744073709551615',NULL,'0',NULL,600,NULL,1,NULL,'NETSTAT_established',NULL,173),(791,'',173,120,78,NULL,'18446744073709551615',NULL,'0',NULL,600,NULL,1,NULL,'NETSTAT_close',NULL,174),(792,'',174,120,78,NULL,'18446744073709551615',NULL,'0',NULL,600,NULL,1,NULL,'NETSTAT_fin_wait2',NULL,175),(793,'',175,120,78,NULL,'18446744073709551615',NULL,'0',NULL,600,NULL,1,NULL,'NETSTAT_syn_sent',NULL,176),(794,'',176,120,78,NULL,'18446744073709551615',NULL,'0',NULL,600,NULL,1,NULL,'NETSTAT_listen',NULL,177),(795,'',177,120,78,NULL,'18446744073709551615',NULL,'0',NULL,600,NULL,1,NULL,'NETSTAT_time_wait',NULL,178),(796,'',178,120,78,NULL,'18446744073709551615',NULL,'0',NULL,600,NULL,1,NULL,'NETSTAT_closing',NULL,179),(797,'',179,120,78,NULL,'18446744073709551615',NULL,'0',NULL,600,NULL,1,NULL,'NETSTAT_syn_recv',NULL,180),(798,'',180,120,78,NULL,'18446744073709551615',NULL,'0',NULL,600,NULL,1,NULL,'NETSTAT_last_ack',NULL,181),(799,'',181,120,78,NULL,'18446744073709551615',NULL,'0',NULL,600,NULL,1,NULL,'NETSTAT_unknown',NULL,182),(800,'',182,120,78,NULL,'18446744073709551615',NULL,'0',NULL,600,NULL,1,NULL,'NETSTAT_close_wait',NULL,183),(801,'',183,120,78,NULL,'18446744073709551615',NULL,'0',NULL,600,NULL,1,NULL,'NETSTAT_fin_wait1',NULL,184),(806,'',159,123,75,NULL,'18446744073709551615',NULL,'0',NULL,600,NULL,1,NULL,'DISKFREE_used',NULL,155),(807,'',160,123,75,NULL,'18446744073709551615',NULL,'0',NULL,600,NULL,1,NULL,'DISKFREE_available',NULL,156),(808,'',161,124,76,NULL,'U',NULL,'U',NULL,600,NULL,3,NULL,'NETDEV_outbound',NULL,159),(809,'',162,124,76,NULL,'U',NULL,'U',NULL,600,NULL,3,NULL,'NETDEV_inbound',NULL,160),(812,'',126,127,64,NULL,'U',NULL,'U',NULL,600,NULL,3,NULL,'STAT_forks',NULL,104),(813,'',127,128,65,NULL,'U',NULL,'U',NULL,600,NULL,3,NULL,'STAT_CPU_nice',NULL,106),(814,'',128,128,65,NULL,'U',NULL,'U',NULL,600,NULL,3,NULL,'STAT_CPU_steal',NULL,107),(815,'',129,128,65,NULL,'U',NULL,'U',NULL,600,NULL,3,NULL,'STAT_CPU_idle',NULL,108),(816,'',130,128,65,NULL,'U',NULL,'U',NULL,600,NULL,3,NULL,'STAT_CPU_irq',NULL,109),(817,'',131,128,65,NULL,'U',NULL,'U',NULL,600,NULL,3,NULL,'STAT_CPU_iowait',NULL,110),(818,'',132,128,65,NULL,'U',NULL,'U',NULL,600,NULL,3,NULL,'STAT_CPU_system',NULL,111),(819,'',133,128,65,NULL,'U',NULL,'U',NULL,600,NULL,3,NULL,'STAT_CPU_guest',NULL,112),(820,'',134,128,65,NULL,'U',NULL,'U',NULL,600,NULL,3,NULL,'STAT_CPU_softirq',NULL,113),(821,'',135,128,65,NULL,'U',NULL,'U',NULL,600,NULL,3,NULL,'STAT_CPU_user',NULL,114),(822,'',136,129,66,NULL,'18446744073709551615',NULL,'0',NULL,600,NULL,1,NULL,'STAT_loadavg',NULL,116),(823,'',137,130,67,NULL,'18446744073709551615',NULL,'0',NULL,600,NULL,1,NULL,'STAT_numusers',NULL,118),(824,'',138,131,68,NULL,'18446744073709551615',NULL,'0',NULL,600,NULL,1,NULL,'STAT_memused',NULL,120),(825,'',139,131,68,NULL,'18446744073709551615',NULL,'0',NULL,600,NULL,1,NULL,'STAT_membuffer',NULL,121),(826,'',140,131,68,NULL,'18446744073709551615',NULL,'0',NULL,600,NULL,1,NULL,'STAT_memcached',NULL,122),(827,'',141,131,68,NULL,'18446744073709551615',NULL,'0',NULL,600,NULL,1,NULL,'STAT_memfree',NULL,123),(828,'',142,131,68,NULL,'18446744073709551615',NULL,'0',NULL,600,NULL,1,NULL,'STAT_memshared',NULL,124),(829,'',143,131,68,NULL,'18446744073709551615',NULL,'0',NULL,600,NULL,1,NULL,'STAT_memtotal',NULL,125),(830,'',172,132,78,NULL,'18446744073709551615',NULL,'0',NULL,600,NULL,1,NULL,'NETSTAT_established',NULL,173),(831,'',173,132,78,NULL,'18446744073709551615',NULL,'0',NULL,600,NULL,1,NULL,'NETSTAT_close',NULL,174),(832,'',174,132,78,NULL,'18446744073709551615',NULL,'0',NULL,600,NULL,1,NULL,'NETSTAT_fin_wait2',NULL,175),(833,'',175,132,78,NULL,'18446744073709551615',NULL,'0',NULL,600,NULL,1,NULL,'NETSTAT_syn_sent',NULL,176),(834,'',176,132,78,NULL,'18446744073709551615',NULL,'0',NULL,600,NULL,1,NULL,'NETSTAT_listen',NULL,177),(835,'',177,132,78,NULL,'18446744073709551615',NULL,'0',NULL,600,NULL,1,NULL,'NETSTAT_time_wait',NULL,178),(836,'',178,132,78,NULL,'18446744073709551615',NULL,'0',NULL,600,NULL,1,NULL,'NETSTAT_closing',NULL,179),(837,'',179,132,78,NULL,'18446744073709551615',NULL,'0',NULL,600,NULL,1,NULL,'NETSTAT_syn_recv',NULL,180),(838,'',180,132,78,NULL,'18446744073709551615',NULL,'0',NULL,600,NULL,1,NULL,'NETSTAT_last_ack',NULL,181),(839,'',181,132,78,NULL,'18446744073709551615',NULL,'0',NULL,600,NULL,1,NULL,'NETSTAT_unknown',NULL,182),(840,'',182,132,78,NULL,'18446744073709551615',NULL,'0',NULL,600,NULL,1,NULL,'NETSTAT_close_wait',NULL,183),(841,'',183,132,78,NULL,'18446744073709551615',NULL,'0',NULL,600,NULL,1,NULL,'NETSTAT_fin_wait1',NULL,184),(844,'',159,134,75,NULL,'18446744073709551615',NULL,'0',NULL,600,NULL,1,NULL,'DISKFREE_used',NULL,155),(845,'',160,134,75,NULL,'18446744073709551615',NULL,'0',NULL,600,NULL,1,NULL,'DISKFREE_available',NULL,156),(846,'',161,135,76,NULL,'U',NULL,'U',NULL,600,NULL,3,NULL,'NETDEV_outbound',NULL,159),(847,'',162,135,76,NULL,'U',NULL,'U',NULL,600,NULL,3,NULL,'NETDEV_inbound',NULL,160),(850,'',126,138,64,NULL,'U',NULL,'U',NULL,600,NULL,3,NULL,'STAT_forks',NULL,104),(851,'',127,139,65,NULL,'U',NULL,'U',NULL,600,NULL,3,NULL,'STAT_CPU_nice',NULL,106),(852,'',128,139,65,NULL,'U',NULL,'U',NULL,600,NULL,3,NULL,'STAT_CPU_steal',NULL,107),(853,'',129,139,65,NULL,'U',NULL,'U',NULL,600,NULL,3,NULL,'STAT_CPU_idle',NULL,108),(854,'',130,139,65,NULL,'U',NULL,'U',NULL,600,NULL,3,NULL,'STAT_CPU_irq',NULL,109),(855,'',131,139,65,NULL,'U',NULL,'U',NULL,600,NULL,3,NULL,'STAT_CPU_iowait',NULL,110),(856,'',132,139,65,NULL,'U',NULL,'U',NULL,600,NULL,3,NULL,'STAT_CPU_system',NULL,111),(857,'',133,139,65,NULL,'U',NULL,'U',NULL,600,NULL,3,NULL,'STAT_CPU_guest',NULL,112),(858,'',134,139,65,NULL,'U',NULL,'U',NULL,600,NULL,3,NULL,'STAT_CPU_softirq',NULL,113),(859,'',135,139,65,NULL,'U',NULL,'U',NULL,600,NULL,3,NULL,'STAT_CPU_user',NULL,114),(860,'',136,140,66,NULL,'18446744073709551615',NULL,'0',NULL,600,NULL,1,NULL,'STAT_loadavg',NULL,116),(861,'',137,141,67,NULL,'18446744073709551615',NULL,'0',NULL,600,NULL,1,NULL,'STAT_numusers',NULL,118),(862,'',138,142,68,NULL,'18446744073709551615',NULL,'0',NULL,600,NULL,1,NULL,'STAT_memused',NULL,120),(863,'',139,142,68,NULL,'18446744073709551615',NULL,'0',NULL,600,NULL,1,NULL,'STAT_membuffer',NULL,121),(864,'',140,142,68,NULL,'18446744073709551615',NULL,'0',NULL,600,NULL,1,NULL,'STAT_memcached',NULL,122),(865,'',141,142,68,NULL,'18446744073709551615',NULL,'0',NULL,600,NULL,1,NULL,'STAT_memfree',NULL,123),(866,'',142,142,68,NULL,'18446744073709551615',NULL,'0',NULL,600,NULL,1,NULL,'STAT_memshared',NULL,124),(867,'',143,142,68,NULL,'18446744073709551615',NULL,'0',NULL,600,NULL,1,NULL,'STAT_memtotal',NULL,125),(868,'',172,143,78,NULL,'18446744073709551615',NULL,'0',NULL,600,NULL,1,NULL,'NETSTAT_established',NULL,173),(869,'',173,143,78,NULL,'18446744073709551615',NULL,'0',NULL,600,NULL,1,NULL,'NETSTAT_close',NULL,174),(870,'',174,143,78,NULL,'18446744073709551615',NULL,'0',NULL,600,NULL,1,NULL,'NETSTAT_fin_wait2',NULL,175),(871,'',175,143,78,NULL,'18446744073709551615',NULL,'0',NULL,600,NULL,1,NULL,'NETSTAT_syn_sent',NULL,176),(872,'',176,143,78,NULL,'18446744073709551615',NULL,'0',NULL,600,NULL,1,NULL,'NETSTAT_listen',NULL,177),(873,'',177,143,78,NULL,'18446744073709551615',NULL,'0',NULL,600,NULL,1,NULL,'NETSTAT_time_wait',NULL,178),(874,'',178,143,78,NULL,'18446744073709551615',NULL,'0',NULL,600,NULL,1,NULL,'NETSTAT_closing',NULL,179),(875,'',179,143,78,NULL,'18446744073709551615',NULL,'0',NULL,600,NULL,1,NULL,'NETSTAT_syn_recv',NULL,180),(876,'',180,143,78,NULL,'18446744073709551615',NULL,'0',NULL,600,NULL,1,NULL,'NETSTAT_last_ack',NULL,181),(877,'',181,143,78,NULL,'18446744073709551615',NULL,'0',NULL,600,NULL,1,NULL,'NETSTAT_unknown',NULL,182),(878,'',182,143,78,NULL,'18446744073709551615',NULL,'0',NULL,600,NULL,1,NULL,'NETSTAT_close_wait',NULL,183),(879,'',183,143,78,NULL,'18446744073709551615',NULL,'0',NULL,600,NULL,1,NULL,'NETSTAT_fin_wait1',NULL,184),(882,'',159,145,75,NULL,'18446744073709551615',NULL,'0',NULL,600,NULL,1,NULL,'DISKFREE_used',NULL,155),(883,'',160,145,75,NULL,'18446744073709551615',NULL,'0',NULL,600,NULL,1,NULL,'DISKFREE_available',NULL,156),(884,'',161,146,76,NULL,'U',NULL,'U',NULL,600,NULL,3,NULL,'NETDEV_outbound',NULL,159),(885,'',162,146,76,NULL,'U',NULL,'U',NULL,600,NULL,3,NULL,'NETDEV_inbound',NULL,160),(888,'',126,149,64,NULL,'U',NULL,'U',NULL,600,NULL,3,NULL,'STAT_forks',NULL,104),(889,'',127,150,65,NULL,'U',NULL,'U',NULL,600,NULL,3,NULL,'STAT_CPU_nice',NULL,106),(890,'',128,150,65,NULL,'U',NULL,'U',NULL,600,NULL,3,NULL,'STAT_CPU_steal',NULL,107),(891,'',129,150,65,NULL,'U',NULL,'U',NULL,600,NULL,3,NULL,'STAT_CPU_idle',NULL,108),(892,'',130,150,65,NULL,'U',NULL,'U',NULL,600,NULL,3,NULL,'STAT_CPU_irq',NULL,109),(893,'',131,150,65,NULL,'U',NULL,'U',NULL,600,NULL,3,NULL,'STAT_CPU_iowait',NULL,110),(894,'',132,150,65,NULL,'U',NULL,'U',NULL,600,NULL,3,NULL,'STAT_CPU_system',NULL,111),(895,'',133,150,65,NULL,'U',NULL,'U',NULL,600,NULL,3,NULL,'STAT_CPU_guest',NULL,112),(896,'',134,150,65,NULL,'U',NULL,'U',NULL,600,NULL,3,NULL,'STAT_CPU_softirq',NULL,113),(897,'',135,150,65,NULL,'U',NULL,'U',NULL,600,NULL,3,NULL,'STAT_CPU_user',NULL,114),(898,'',136,151,66,NULL,'18446744073709551615',NULL,'0',NULL,600,NULL,1,NULL,'STAT_loadavg',NULL,116),(899,'',137,152,67,NULL,'18446744073709551615',NULL,'0',NULL,600,NULL,1,NULL,'STAT_numusers',NULL,118),(900,'',138,153,68,NULL,'18446744073709551615',NULL,'0',NULL,600,NULL,1,NULL,'STAT_memused',NULL,120),(901,'',139,153,68,NULL,'18446744073709551615',NULL,'0',NULL,600,NULL,1,NULL,'STAT_membuffer',NULL,121),(902,'',140,153,68,NULL,'18446744073709551615',NULL,'0',NULL,600,NULL,1,NULL,'STAT_memcached',NULL,122),(903,'',141,153,68,NULL,'18446744073709551615',NULL,'0',NULL,600,NULL,1,NULL,'STAT_memfree',NULL,123),(904,'',142,153,68,NULL,'18446744073709551615',NULL,'0',NULL,600,NULL,1,NULL,'STAT_memshared',NULL,124),(905,'',143,153,68,NULL,'18446744073709551615',NULL,'0',NULL,600,NULL,1,NULL,'STAT_memtotal',NULL,125),(906,'',172,154,78,NULL,'18446744073709551615',NULL,'0',NULL,600,NULL,1,NULL,'NETSTAT_established',NULL,173),(907,'',173,154,78,NULL,'18446744073709551615',NULL,'0',NULL,600,NULL,1,NULL,'NETSTAT_close',NULL,174),(908,'',174,154,78,NULL,'18446744073709551615',NULL,'0',NULL,600,NULL,1,NULL,'NETSTAT_fin_wait2',NULL,175),(909,'',175,154,78,NULL,'18446744073709551615',NULL,'0',NULL,600,NULL,1,NULL,'NETSTAT_syn_sent',NULL,176),(910,'',176,154,78,NULL,'18446744073709551615',NULL,'0',NULL,600,NULL,1,NULL,'NETSTAT_listen',NULL,177),(911,'',177,154,78,NULL,'18446744073709551615',NULL,'0',NULL,600,NULL,1,NULL,'NETSTAT_time_wait',NULL,178),(912,'',178,154,78,NULL,'18446744073709551615',NULL,'0',NULL,600,NULL,1,NULL,'NETSTAT_closing',NULL,179),(913,'',179,154,78,NULL,'18446744073709551615',NULL,'0',NULL,600,NULL,1,NULL,'NETSTAT_syn_recv',NULL,180),(914,'',180,154,78,NULL,'18446744073709551615',NULL,'0',NULL,600,NULL,1,NULL,'NETSTAT_last_ack',NULL,181),(915,'',181,154,78,NULL,'18446744073709551615',NULL,'0',NULL,600,NULL,1,NULL,'NETSTAT_unknown',NULL,182),(916,'',182,154,78,NULL,'18446744073709551615',NULL,'0',NULL,600,NULL,1,NULL,'NETSTAT_close_wait',NULL,183),(917,'',183,154,78,NULL,'18446744073709551615',NULL,'0',NULL,600,NULL,1,NULL,'NETSTAT_fin_wait1',NULL,184),(920,'',159,156,75,NULL,'18446744073709551615',NULL,'0',NULL,600,NULL,1,NULL,'DISKFREE_used',NULL,155),(921,'',160,156,75,NULL,'18446744073709551615',NULL,'0',NULL,600,NULL,1,NULL,'DISKFREE_available',NULL,156),(922,'',161,157,76,NULL,'U',NULL,'U',NULL,600,NULL,3,NULL,'NETDEV_outbound',NULL,159),(923,'',162,157,76,NULL,'U',NULL,'U',NULL,600,NULL,3,NULL,'NETDEV_inbound',NULL,160),(926,'',126,160,64,NULL,'U',NULL,'U',NULL,600,NULL,3,NULL,'STAT_forks',NULL,104),(927,'',127,161,65,NULL,'U',NULL,'U',NULL,600,NULL,3,NULL,'STAT_CPU_nice',NULL,106),(928,'',128,161,65,NULL,'U',NULL,'U',NULL,600,NULL,3,NULL,'STAT_CPU_steal',NULL,107),(929,'',129,161,65,NULL,'U',NULL,'U',NULL,600,NULL,3,NULL,'STAT_CPU_idle',NULL,108),(930,'',130,161,65,NULL,'U',NULL,'U',NULL,600,NULL,3,NULL,'STAT_CPU_irq',NULL,109),(931,'',131,161,65,NULL,'U',NULL,'U',NULL,600,NULL,3,NULL,'STAT_CPU_iowait',NULL,110),(932,'',132,161,65,NULL,'U',NULL,'U',NULL,600,NULL,3,NULL,'STAT_CPU_system',NULL,111),(933,'',133,161,65,NULL,'U',NULL,'U',NULL,600,NULL,3,NULL,'STAT_CPU_guest',NULL,112),(934,'',134,161,65,NULL,'U',NULL,'U',NULL,600,NULL,3,NULL,'STAT_CPU_softirq',NULL,113),(935,'',135,161,65,NULL,'U',NULL,'U',NULL,600,NULL,3,NULL,'STAT_CPU_user',NULL,114),(936,'',136,162,66,NULL,'18446744073709551615',NULL,'0',NULL,600,NULL,1,NULL,'STAT_loadavg',NULL,116),(937,'',137,163,67,NULL,'18446744073709551615',NULL,'0',NULL,600,NULL,1,NULL,'STAT_numusers',NULL,118),(938,'',138,164,68,NULL,'18446744073709551615',NULL,'0',NULL,600,NULL,1,NULL,'STAT_memused',NULL,120),(939,'',139,164,68,NULL,'18446744073709551615',NULL,'0',NULL,600,NULL,1,NULL,'STAT_membuffer',NULL,121),(940,'',140,164,68,NULL,'18446744073709551615',NULL,'0',NULL,600,NULL,1,NULL,'STAT_memcached',NULL,122),(941,'',141,164,68,NULL,'18446744073709551615',NULL,'0',NULL,600,NULL,1,NULL,'STAT_memfree',NULL,123),(942,'',142,164,68,NULL,'18446744073709551615',NULL,'0',NULL,600,NULL,1,NULL,'STAT_memshared',NULL,124),(943,'',143,164,68,NULL,'18446744073709551615',NULL,'0',NULL,600,NULL,1,NULL,'STAT_memtotal',NULL,125),(944,'',172,165,78,NULL,'18446744073709551615',NULL,'0',NULL,600,NULL,1,NULL,'NETSTAT_established',NULL,173),(945,'',173,165,78,NULL,'18446744073709551615',NULL,'0',NULL,600,NULL,1,NULL,'NETSTAT_close',NULL,174),(946,'',174,165,78,NULL,'18446744073709551615',NULL,'0',NULL,600,NULL,1,NULL,'NETSTAT_fin_wait2',NULL,175),(947,'',175,165,78,NULL,'18446744073709551615',NULL,'0',NULL,600,NULL,1,NULL,'NETSTAT_syn_sent',NULL,176),(948,'',176,165,78,NULL,'18446744073709551615',NULL,'0',NULL,600,NULL,1,NULL,'NETSTAT_listen',NULL,177),(949,'',177,165,78,NULL,'18446744073709551615',NULL,'0',NULL,600,NULL,1,NULL,'NETSTAT_time_wait',NULL,178),(950,'',178,165,78,NULL,'18446744073709551615',NULL,'0',NULL,600,NULL,1,NULL,'NETSTAT_closing',NULL,179),(951,'',179,165,78,NULL,'18446744073709551615',NULL,'0',NULL,600,NULL,1,NULL,'NETSTAT_syn_recv',NULL,180),(952,'',180,165,78,NULL,'18446744073709551615',NULL,'0',NULL,600,NULL,1,NULL,'NETSTAT_last_ack',NULL,181),(953,'',181,165,78,NULL,'18446744073709551615',NULL,'0',NULL,600,NULL,1,NULL,'NETSTAT_unknown',NULL,182),(954,'',182,165,78,NULL,'18446744073709551615',NULL,'0',NULL,600,NULL,1,NULL,'NETSTAT_close_wait',NULL,183),(955,'',183,165,78,NULL,'18446744073709551615',NULL,'0',NULL,600,NULL,1,NULL,'NETSTAT_fin_wait1',NULL,184),(958,'',159,167,75,NULL,'18446744073709551615',NULL,'0',NULL,600,NULL,1,NULL,'DISKFREE_used',NULL,155),(959,'',160,167,75,NULL,'18446744073709551615',NULL,'0',NULL,600,NULL,1,NULL,'DISKFREE_available',NULL,156),(960,'',161,168,76,NULL,'U',NULL,'U',NULL,600,NULL,3,NULL,'NETDEV_outbound',NULL,159),(961,'',162,168,76,NULL,'U',NULL,'U',NULL,600,NULL,3,NULL,'NETDEV_inbound',NULL,160),(964,'',126,171,64,NULL,'U',NULL,'U',NULL,600,NULL,3,NULL,'STAT_forks',NULL,104),(965,'',127,172,65,NULL,'U',NULL,'U',NULL,600,NULL,3,NULL,'STAT_CPU_nice',NULL,106),(966,'',128,172,65,NULL,'U',NULL,'U',NULL,600,NULL,3,NULL,'STAT_CPU_steal',NULL,107),(967,'',129,172,65,NULL,'U',NULL,'U',NULL,600,NULL,3,NULL,'STAT_CPU_idle',NULL,108),(968,'',130,172,65,NULL,'U',NULL,'U',NULL,600,NULL,3,NULL,'STAT_CPU_irq',NULL,109),(969,'',131,172,65,NULL,'U',NULL,'U',NULL,600,NULL,3,NULL,'STAT_CPU_iowait',NULL,110),(970,'',132,172,65,NULL,'U',NULL,'U',NULL,600,NULL,3,NULL,'STAT_CPU_system',NULL,111),(971,'',133,172,65,NULL,'U',NULL,'U',NULL,600,NULL,3,NULL,'STAT_CPU_guest',NULL,112),(972,'',134,172,65,NULL,'U',NULL,'U',NULL,600,NULL,3,NULL,'STAT_CPU_softirq',NULL,113),(973,'',135,172,65,NULL,'U',NULL,'U',NULL,600,NULL,3,NULL,'STAT_CPU_user',NULL,114),(974,'',136,173,66,NULL,'18446744073709551615',NULL,'0',NULL,600,NULL,1,NULL,'STAT_loadavg',NULL,116),(975,'',137,174,67,NULL,'18446744073709551615',NULL,'0',NULL,600,NULL,1,NULL,'STAT_numusers',NULL,118),(976,'',138,175,68,NULL,'18446744073709551615',NULL,'0',NULL,600,NULL,1,NULL,'STAT_memused',NULL,120),(977,'',139,175,68,NULL,'18446744073709551615',NULL,'0',NULL,600,NULL,1,NULL,'STAT_membuffer',NULL,121),(978,'',140,175,68,NULL,'18446744073709551615',NULL,'0',NULL,600,NULL,1,NULL,'STAT_memcached',NULL,122),(979,'',141,175,68,NULL,'18446744073709551615',NULL,'0',NULL,600,NULL,1,NULL,'STAT_memfree',NULL,123),(980,'',142,175,68,NULL,'18446744073709551615',NULL,'0',NULL,600,NULL,1,NULL,'STAT_memshared',NULL,124),(981,'',143,175,68,NULL,'18446744073709551615',NULL,'0',NULL,600,NULL,1,NULL,'STAT_memtotal',NULL,125),(982,'',172,176,78,NULL,'18446744073709551615',NULL,'0',NULL,600,NULL,1,NULL,'NETSTAT_established',NULL,173),(983,'',173,176,78,NULL,'18446744073709551615',NULL,'0',NULL,600,NULL,1,NULL,'NETSTAT_close',NULL,174),(984,'',174,176,78,NULL,'18446744073709551615',NULL,'0',NULL,600,NULL,1,NULL,'NETSTAT_fin_wait2',NULL,175),(985,'',175,176,78,NULL,'18446744073709551615',NULL,'0',NULL,600,NULL,1,NULL,'NETSTAT_syn_sent',NULL,176),(986,'',176,176,78,NULL,'18446744073709551615',NULL,'0',NULL,600,NULL,1,NULL,'NETSTAT_listen',NULL,177),(987,'',177,176,78,NULL,'18446744073709551615',NULL,'0',NULL,600,NULL,1,NULL,'NETSTAT_time_wait',NULL,178),(988,'',178,176,78,NULL,'18446744073709551615',NULL,'0',NULL,600,NULL,1,NULL,'NETSTAT_closing',NULL,179),(989,'',179,176,78,NULL,'18446744073709551615',NULL,'0',NULL,600,NULL,1,NULL,'NETSTAT_syn_recv',NULL,180),(990,'',180,176,78,NULL,'18446744073709551615',NULL,'0',NULL,600,NULL,1,NULL,'NETSTAT_last_ack',NULL,181),(991,'',181,176,78,NULL,'18446744073709551615',NULL,'0',NULL,600,NULL,1,NULL,'NETSTAT_unknown',NULL,182),(992,'',182,176,78,NULL,'18446744073709551615',NULL,'0',NULL,600,NULL,1,NULL,'NETSTAT_close_wait',NULL,183),(993,'',183,176,78,NULL,'18446744073709551615',NULL,'0',NULL,600,NULL,1,NULL,'NETSTAT_fin_wait1',NULL,184),(996,'',159,178,75,NULL,'18446744073709551615',NULL,'0',NULL,600,NULL,1,NULL,'DISKFREE_used',NULL,155),(997,'',160,178,75,NULL,'18446744073709551615',NULL,'0',NULL,600,NULL,1,NULL,'DISKFREE_available',NULL,156),(998,'',161,179,76,NULL,'U',NULL,'U',NULL,600,NULL,3,NULL,'NETDEV_outbound',NULL,159),(999,'',162,179,76,NULL,'U',NULL,'U',NULL,600,NULL,3,NULL,'NETDEV_inbound',NULL,160),(1002,'',126,182,64,NULL,'U',NULL,'U',NULL,600,NULL,3,NULL,'STAT_forks',NULL,104),(1003,'',127,183,65,NULL,'U',NULL,'U',NULL,600,NULL,3,NULL,'STAT_CPU_nice',NULL,106),(1004,'',128,183,65,NULL,'U',NULL,'U',NULL,600,NULL,3,NULL,'STAT_CPU_steal',NULL,107),(1005,'',129,183,65,NULL,'U',NULL,'U',NULL,600,NULL,3,NULL,'STAT_CPU_idle',NULL,108),(1006,'',130,183,65,NULL,'U',NULL,'U',NULL,600,NULL,3,NULL,'STAT_CPU_irq',NULL,109),(1007,'',131,183,65,NULL,'U',NULL,'U',NULL,600,NULL,3,NULL,'STAT_CPU_iowait',NULL,110),(1008,'',132,183,65,NULL,'U',NULL,'U',NULL,600,NULL,3,NULL,'STAT_CPU_system',NULL,111),(1009,'',133,183,65,NULL,'U',NULL,'U',NULL,600,NULL,3,NULL,'STAT_CPU_guest',NULL,112),(1010,'',134,183,65,NULL,'U',NULL,'U',NULL,600,NULL,3,NULL,'STAT_CPU_softirq',NULL,113),(1011,'',135,183,65,NULL,'U',NULL,'U',NULL,600,NULL,3,NULL,'STAT_CPU_user',NULL,114),(1012,'',136,184,66,NULL,'18446744073709551615',NULL,'0',NULL,600,NULL,1,NULL,'STAT_loadavg',NULL,116),(1013,'',137,185,67,NULL,'18446744073709551615',NULL,'0',NULL,600,NULL,1,NULL,'STAT_numusers',NULL,118),(1014,'',138,186,68,NULL,'18446744073709551615',NULL,'0',NULL,600,NULL,1,NULL,'STAT_memused',NULL,120),(1015,'',139,186,68,NULL,'18446744073709551615',NULL,'0',NULL,600,NULL,1,NULL,'STAT_membuffer',NULL,121),(1016,'',140,186,68,NULL,'18446744073709551615',NULL,'0',NULL,600,NULL,1,NULL,'STAT_memcached',NULL,122),(1017,'',141,186,68,NULL,'18446744073709551615',NULL,'0',NULL,600,NULL,1,NULL,'STAT_memfree',NULL,123),(1018,'',142,186,68,NULL,'18446744073709551615',NULL,'0',NULL,600,NULL,1,NULL,'STAT_memshared',NULL,124),(1019,'',143,186,68,NULL,'18446744073709551615',NULL,'0',NULL,600,NULL,1,NULL,'STAT_memtotal',NULL,125),(1020,'',172,187,78,NULL,'18446744073709551615',NULL,'0',NULL,600,NULL,1,NULL,'NETSTAT_established',NULL,173),(1021,'',173,187,78,NULL,'18446744073709551615',NULL,'0',NULL,600,NULL,1,NULL,'NETSTAT_close',NULL,174),(1022,'',174,187,78,NULL,'18446744073709551615',NULL,'0',NULL,600,NULL,1,NULL,'NETSTAT_fin_wait2',NULL,175),(1023,'',175,187,78,NULL,'18446744073709551615',NULL,'0',NULL,600,NULL,1,NULL,'NETSTAT_syn_sent',NULL,176),(1024,'',176,187,78,NULL,'18446744073709551615',NULL,'0',NULL,600,NULL,1,NULL,'NETSTAT_listen',NULL,177),(1025,'',177,187,78,NULL,'18446744073709551615',NULL,'0',NULL,600,NULL,1,NULL,'NETSTAT_time_wait',NULL,178),(1026,'',178,187,78,NULL,'18446744073709551615',NULL,'0',NULL,600,NULL,1,NULL,'NETSTAT_closing',NULL,179),(1027,'',179,187,78,NULL,'18446744073709551615',NULL,'0',NULL,600,NULL,1,NULL,'NETSTAT_syn_recv',NULL,180),(1028,'',180,187,78,NULL,'18446744073709551615',NULL,'0',NULL,600,NULL,1,NULL,'NETSTAT_last_ack',NULL,181),(1029,'',181,187,78,NULL,'18446744073709551615',NULL,'0',NULL,600,NULL,1,NULL,'NETSTAT_unknown',NULL,182),(1030,'',182,187,78,NULL,'18446744073709551615',NULL,'0',NULL,600,NULL,1,NULL,'NETSTAT_close_wait',NULL,183),(1031,'',183,187,78,NULL,'18446744073709551615',NULL,'0',NULL,600,NULL,1,NULL,'NETSTAT_fin_wait1',NULL,184),(1034,'',159,189,75,NULL,'18446744073709551615',NULL,'0',NULL,600,NULL,1,NULL,'DISKFREE_used',NULL,155),(1035,'',160,189,75,NULL,'18446744073709551615',NULL,'0',NULL,600,NULL,1,NULL,'DISKFREE_available',NULL,156),(1036,'',161,190,76,NULL,'U',NULL,'U',NULL,600,NULL,3,NULL,'NETDEV_outbound',NULL,159),(1037,'',162,190,76,NULL,'U',NULL,'U',NULL,600,NULL,3,NULL,'NETDEV_inbound',NULL,160),(1040,'',126,193,64,NULL,'U',NULL,'U',NULL,600,NULL,3,NULL,'STAT_forks',NULL,104),(1041,'',127,194,65,NULL,'U',NULL,'U',NULL,600,NULL,3,NULL,'STAT_CPU_nice',NULL,106),(1042,'',128,194,65,NULL,'U',NULL,'U',NULL,600,NULL,3,NULL,'STAT_CPU_steal',NULL,107),(1043,'',129,194,65,NULL,'U',NULL,'U',NULL,600,NULL,3,NULL,'STAT_CPU_idle',NULL,108),(1044,'',130,194,65,NULL,'U',NULL,'U',NULL,600,NULL,3,NULL,'STAT_CPU_irq',NULL,109),(1045,'',131,194,65,NULL,'U',NULL,'U',NULL,600,NULL,3,NULL,'STAT_CPU_iowait',NULL,110),(1046,'',132,194,65,NULL,'U',NULL,'U',NULL,600,NULL,3,NULL,'STAT_CPU_system',NULL,111),(1047,'',133,194,65,NULL,'U',NULL,'U',NULL,600,NULL,3,NULL,'STAT_CPU_guest',NULL,112),(1048,'',134,194,65,NULL,'U',NULL,'U',NULL,600,NULL,3,NULL,'STAT_CPU_softirq',NULL,113),(1049,'',135,194,65,NULL,'U',NULL,'U',NULL,600,NULL,3,NULL,'STAT_CPU_user',NULL,114),(1050,'',136,195,66,NULL,'18446744073709551615',NULL,'0',NULL,600,NULL,1,NULL,'STAT_loadavg',NULL,116),(1051,'',137,196,67,NULL,'18446744073709551615',NULL,'0',NULL,600,NULL,1,NULL,'STAT_numusers',NULL,118),(1052,'',138,197,68,NULL,'18446744073709551615',NULL,'0',NULL,600,NULL,1,NULL,'STAT_memused',NULL,120),(1053,'',139,197,68,NULL,'18446744073709551615',NULL,'0',NULL,600,NULL,1,NULL,'STAT_membuffer',NULL,121),(1054,'',140,197,68,NULL,'18446744073709551615',NULL,'0',NULL,600,NULL,1,NULL,'STAT_memcached',NULL,122),(1055,'',141,197,68,NULL,'18446744073709551615',NULL,'0',NULL,600,NULL,1,NULL,'STAT_memfree',NULL,123),(1056,'',142,197,68,NULL,'18446744073709551615',NULL,'0',NULL,600,NULL,1,NULL,'STAT_memshared',NULL,124),(1057,'',143,197,68,NULL,'18446744073709551615',NULL,'0',NULL,600,NULL,1,NULL,'STAT_memtotal',NULL,125),(1058,'',172,198,78,NULL,'18446744073709551615',NULL,'0',NULL,600,NULL,1,NULL,'NETSTAT_established',NULL,173),(1059,'',173,198,78,NULL,'18446744073709551615',NULL,'0',NULL,600,NULL,1,NULL,'NETSTAT_close',NULL,174),(1060,'',174,198,78,NULL,'18446744073709551615',NULL,'0',NULL,600,NULL,1,NULL,'NETSTAT_fin_wait2',NULL,175),(1061,'',175,198,78,NULL,'18446744073709551615',NULL,'0',NULL,600,NULL,1,NULL,'NETSTAT_syn_sent',NULL,176),(1062,'',176,198,78,NULL,'18446744073709551615',NULL,'0',NULL,600,NULL,1,NULL,'NETSTAT_listen',NULL,177),(1063,'',177,198,78,NULL,'18446744073709551615',NULL,'0',NULL,600,NULL,1,NULL,'NETSTAT_time_wait',NULL,178),(1064,'',178,198,78,NULL,'18446744073709551615',NULL,'0',NULL,600,NULL,1,NULL,'NETSTAT_closing',NULL,179),(1065,'',179,198,78,NULL,'18446744073709551615',NULL,'0',NULL,600,NULL,1,NULL,'NETSTAT_syn_recv',NULL,180),(1066,'',180,198,78,NULL,'18446744073709551615',NULL,'0',NULL,600,NULL,1,NULL,'NETSTAT_last_ack',NULL,181),(1067,'',181,198,78,NULL,'18446744073709551615',NULL,'0',NULL,600,NULL,1,NULL,'NETSTAT_unknown',NULL,182),(1068,'',182,198,78,NULL,'18446744073709551615',NULL,'0',NULL,600,NULL,1,NULL,'NETSTAT_close_wait',NULL,183),(1069,'',183,198,78,NULL,'18446744073709551615',NULL,'0',NULL,600,NULL,1,NULL,'NETSTAT_fin_wait1',NULL,184),(1072,'',159,200,75,NULL,'18446744073709551615',NULL,'0',NULL,600,NULL,1,NULL,'DISKFREE_used',NULL,155),(1073,'',160,200,75,NULL,'18446744073709551615',NULL,'0',NULL,600,NULL,1,NULL,'DISKFREE_available',NULL,156),(1074,'',161,201,76,NULL,'U',NULL,'U',NULL,600,NULL,3,NULL,'NETDEV_outbound',NULL,159),(1075,'',162,201,76,NULL,'U',NULL,'U',NULL,600,NULL,3,NULL,'NETDEV_inbound',NULL,160),(1078,'',126,204,64,NULL,'U',NULL,'U',NULL,600,NULL,3,NULL,'STAT_forks',NULL,104),(1079,'',127,205,65,NULL,'U',NULL,'U',NULL,600,NULL,3,NULL,'STAT_CPU_nice',NULL,106),(1080,'',128,205,65,NULL,'U',NULL,'U',NULL,600,NULL,3,NULL,'STAT_CPU_steal',NULL,107),(1081,'',129,205,65,NULL,'U',NULL,'U',NULL,600,NULL,3,NULL,'STAT_CPU_idle',NULL,108),(1082,'',130,205,65,NULL,'U',NULL,'U',NULL,600,NULL,3,NULL,'STAT_CPU_irq',NULL,109),(1083,'',131,205,65,NULL,'U',NULL,'U',NULL,600,NULL,3,NULL,'STAT_CPU_iowait',NULL,110),(1084,'',132,205,65,NULL,'U',NULL,'U',NULL,600,NULL,3,NULL,'STAT_CPU_system',NULL,111),(1085,'',133,205,65,NULL,'U',NULL,'U',NULL,600,NULL,3,NULL,'STAT_CPU_guest',NULL,112),(1086,'',134,205,65,NULL,'U',NULL,'U',NULL,600,NULL,3,NULL,'STAT_CPU_softirq',NULL,113),(1087,'',135,205,65,NULL,'U',NULL,'U',NULL,600,NULL,3,NULL,'STAT_CPU_user',NULL,114),(1088,'',136,206,66,NULL,'18446744073709551615',NULL,'0',NULL,600,NULL,1,NULL,'STAT_loadavg',NULL,116),(1089,'',137,207,67,NULL,'18446744073709551615',NULL,'0',NULL,600,NULL,1,NULL,'STAT_numusers',NULL,118),(1090,'',138,208,68,NULL,'18446744073709551615',NULL,'0',NULL,600,NULL,1,NULL,'STAT_memused',NULL,120),(1091,'',139,208,68,NULL,'18446744073709551615',NULL,'0',NULL,600,NULL,1,NULL,'STAT_membuffer',NULL,121),(1092,'',140,208,68,NULL,'18446744073709551615',NULL,'0',NULL,600,NULL,1,NULL,'STAT_memcached',NULL,122),(1093,'',141,208,68,NULL,'18446744073709551615',NULL,'0',NULL,600,NULL,1,NULL,'STAT_memfree',NULL,123),(1094,'',142,208,68,NULL,'18446744073709551615',NULL,'0',NULL,600,NULL,1,NULL,'STAT_memshared',NULL,124),(1095,'',143,208,68,NULL,'18446744073709551615',NULL,'0',NULL,600,NULL,1,NULL,'STAT_memtotal',NULL,125),(1096,'',172,209,78,NULL,'18446744073709551615',NULL,'0',NULL,600,NULL,1,NULL,'NETSTAT_established',NULL,173),(1097,'',173,209,78,NULL,'18446744073709551615',NULL,'0',NULL,600,NULL,1,NULL,'NETSTAT_close',NULL,174),(1098,'',174,209,78,NULL,'18446744073709551615',NULL,'0',NULL,600,NULL,1,NULL,'NETSTAT_fin_wait2',NULL,175),(1099,'',175,209,78,NULL,'18446744073709551615',NULL,'0',NULL,600,NULL,1,NULL,'NETSTAT_syn_sent',NULL,176),(1100,'',176,209,78,NULL,'18446744073709551615',NULL,'0',NULL,600,NULL,1,NULL,'NETSTAT_listen',NULL,177),(1101,'',177,209,78,NULL,'18446744073709551615',NULL,'0',NULL,600,NULL,1,NULL,'NETSTAT_time_wait',NULL,178),(1102,'',178,209,78,NULL,'18446744073709551615',NULL,'0',NULL,600,NULL,1,NULL,'NETSTAT_closing',NULL,179),(1103,'',179,209,78,NULL,'18446744073709551615',NULL,'0',NULL,600,NULL,1,NULL,'NETSTAT_syn_recv',NULL,180),(1104,'',180,209,78,NULL,'18446744073709551615',NULL,'0',NULL,600,NULL,1,NULL,'NETSTAT_last_ack',NULL,181),(1105,'',181,209,78,NULL,'18446744073709551615',NULL,'0',NULL,600,NULL,1,NULL,'NETSTAT_unknown',NULL,182),(1106,'',182,209,78,NULL,'18446744073709551615',NULL,'0',NULL,600,NULL,1,NULL,'NETSTAT_close_wait',NULL,183),(1107,'',183,209,78,NULL,'18446744073709551615',NULL,'0',NULL,600,NULL,1,NULL,'NETSTAT_fin_wait1',NULL,184),(1110,'',159,211,75,NULL,'18446744073709551615',NULL,'0',NULL,600,NULL,1,NULL,'DISKFREE_used',NULL,155),(1111,'',160,211,75,NULL,'18446744073709551615',NULL,'0',NULL,600,NULL,1,NULL,'DISKFREE_available',NULL,156),(1112,'',161,212,76,NULL,'U',NULL,'U',NULL,600,NULL,3,NULL,'NETDEV_outbound',NULL,159),(1113,'',162,212,76,NULL,'U',NULL,'U',NULL,600,NULL,3,NULL,'NETDEV_inbound',NULL,160),(1116,'',126,215,64,NULL,'U',NULL,'U',NULL,600,NULL,3,NULL,'STAT_forks',NULL,104),(1117,'',127,216,65,NULL,'U',NULL,'U',NULL,600,NULL,3,NULL,'STAT_CPU_nice',NULL,106),(1118,'',128,216,65,NULL,'U',NULL,'U',NULL,600,NULL,3,NULL,'STAT_CPU_steal',NULL,107),(1119,'',129,216,65,NULL,'U',NULL,'U',NULL,600,NULL,3,NULL,'STAT_CPU_idle',NULL,108),(1120,'',130,216,65,NULL,'U',NULL,'U',NULL,600,NULL,3,NULL,'STAT_CPU_irq',NULL,109),(1121,'',131,216,65,NULL,'U',NULL,'U',NULL,600,NULL,3,NULL,'STAT_CPU_iowait',NULL,110),(1122,'',132,216,65,NULL,'U',NULL,'U',NULL,600,NULL,3,NULL,'STAT_CPU_system',NULL,111),(1123,'',133,216,65,NULL,'U',NULL,'U',NULL,600,NULL,3,NULL,'STAT_CPU_guest',NULL,112),(1124,'',134,216,65,NULL,'U',NULL,'U',NULL,600,NULL,3,NULL,'STAT_CPU_softirq',NULL,113),(1125,'',135,216,65,NULL,'U',NULL,'U',NULL,600,NULL,3,NULL,'STAT_CPU_user',NULL,114),(1126,'',136,217,66,NULL,'18446744073709551615',NULL,'0',NULL,600,NULL,1,NULL,'STAT_loadavg',NULL,116),(1127,'',137,218,67,NULL,'18446744073709551615',NULL,'0',NULL,600,NULL,1,NULL,'STAT_numusers',NULL,118),(1128,'',138,219,68,NULL,'18446744073709551615',NULL,'0',NULL,600,NULL,1,NULL,'STAT_memused',NULL,120),(1129,'',139,219,68,NULL,'18446744073709551615',NULL,'0',NULL,600,NULL,1,NULL,'STAT_membuffer',NULL,121),(1130,'',140,219,68,NULL,'18446744073709551615',NULL,'0',NULL,600,NULL,1,NULL,'STAT_memcached',NULL,122),(1131,'',141,219,68,NULL,'18446744073709551615',NULL,'0',NULL,600,NULL,1,NULL,'STAT_memfree',NULL,123),(1132,'',142,219,68,NULL,'18446744073709551615',NULL,'0',NULL,600,NULL,1,NULL,'STAT_memshared',NULL,124),(1133,'',143,219,68,NULL,'18446744073709551615',NULL,'0',NULL,600,NULL,1,NULL,'STAT_memtotal',NULL,125),(1134,'',172,220,78,NULL,'18446744073709551615',NULL,'0',NULL,600,NULL,1,NULL,'NETSTAT_established',NULL,173),(1135,'',173,220,78,NULL,'18446744073709551615',NULL,'0',NULL,600,NULL,1,NULL,'NETSTAT_close',NULL,174),(1136,'',174,220,78,NULL,'18446744073709551615',NULL,'0',NULL,600,NULL,1,NULL,'NETSTAT_fin_wait2',NULL,175),(1137,'',175,220,78,NULL,'18446744073709551615',NULL,'0',NULL,600,NULL,1,NULL,'NETSTAT_syn_sent',NULL,176),(1138,'',176,220,78,NULL,'18446744073709551615',NULL,'0',NULL,600,NULL,1,NULL,'NETSTAT_listen',NULL,177),(1139,'',177,220,78,NULL,'18446744073709551615',NULL,'0',NULL,600,NULL,1,NULL,'NETSTAT_time_wait',NULL,178),(1140,'',178,220,78,NULL,'18446744073709551615',NULL,'0',NULL,600,NULL,1,NULL,'NETSTAT_closing',NULL,179),(1141,'',179,220,78,NULL,'18446744073709551615',NULL,'0',NULL,600,NULL,1,NULL,'NETSTAT_syn_recv',NULL,180),(1142,'',180,220,78,NULL,'18446744073709551615',NULL,'0',NULL,600,NULL,1,NULL,'NETSTAT_last_ack',NULL,181),(1143,'',181,220,78,NULL,'18446744073709551615',NULL,'0',NULL,600,NULL,1,NULL,'NETSTAT_unknown',NULL,182),(1144,'',182,220,78,NULL,'18446744073709551615',NULL,'0',NULL,600,NULL,1,NULL,'NETSTAT_close_wait',NULL,183),(1145,'',183,220,78,NULL,'18446744073709551615',NULL,'0',NULL,600,NULL,1,NULL,'NETSTAT_fin_wait1',NULL,184),(1148,'',159,222,75,NULL,'18446744073709551615',NULL,'0',NULL,600,NULL,1,NULL,'DISKFREE_used',NULL,155),(1149,'',160,222,75,NULL,'18446744073709551615',NULL,'0',NULL,600,NULL,1,NULL,'DISKFREE_available',NULL,156),(1150,'',161,223,76,NULL,'U',NULL,'U',NULL,600,NULL,3,NULL,'NETDEV_outbound',NULL,159),(1151,'',162,223,76,NULL,'U',NULL,'U',NULL,600,NULL,3,NULL,'NETDEV_inbound',NULL,160);
/*!40000 ALTER TABLE `data_template_rrd` ENABLE KEYS */;
UNLOCK TABLES;

--
-- Table structure for table `external_links`
--

DROP TABLE IF EXISTS `external_links`;
/*!40101 SET @saved_cs_client     = @@character_set_client */;
/*!40101 SET character_set_client = utf8 */;
CREATE TABLE `external_links` (
  `id` int(11) NOT NULL AUTO_INCREMENT,
  `sortorder` int(11) NOT NULL DEFAULT '0',
  `enabled` char(2) COLLATE utf8mb4_unicode_ci DEFAULT 'on',
  `contentfile` varchar(255) COLLATE utf8mb4_unicode_ci NOT NULL DEFAULT '',
  `title` varchar(20) COLLATE utf8mb4_unicode_ci NOT NULL DEFAULT '',
  `style` varchar(10) COLLATE utf8mb4_unicode_ci NOT NULL DEFAULT '',
  `extendedstyle` varchar(50) COLLATE utf8mb4_unicode_ci NOT NULL DEFAULT '',
  `refresh` int(10) unsigned DEFAULT NULL,
  PRIMARY KEY (`id`)
) ENGINE=InnoDB DEFAULT CHARSET=utf8mb4 COLLATE=utf8mb4_unicode_ci COMMENT='Contains external links that are embedded into Cacti';
/*!40101 SET character_set_client = @saved_cs_client */;

--
-- Dumping data for table `external_links`
--

LOCK TABLES `external_links` WRITE;
/*!40000 ALTER TABLE `external_links` DISABLE KEYS */;
/*!40000 ALTER TABLE `external_links` ENABLE KEYS */;
UNLOCK TABLES;

--
-- Table structure for table `graph_local`
--

DROP TABLE IF EXISTS `graph_local`;
/*!40101 SET @saved_cs_client     = @@character_set_client */;
/*!40101 SET character_set_client = utf8 */;
CREATE TABLE `graph_local` (
  `id` mediumint(8) unsigned NOT NULL AUTO_INCREMENT,
  `graph_template_id` mediumint(8) unsigned NOT NULL DEFAULT '0',
  `host_id` mediumint(8) unsigned NOT NULL DEFAULT '0',
  `snmp_query_id` mediumint(8) NOT NULL DEFAULT '0',
  `snmp_query_graph_id` mediumint(8) NOT NULL DEFAULT '0',
  `snmp_index` varchar(255) COLLATE utf8mb4_unicode_ci NOT NULL DEFAULT '',
  PRIMARY KEY (`id`),
  KEY `host_id` (`host_id`),
  KEY `graph_template_id` (`graph_template_id`),
  KEY `snmp_query_id` (`snmp_query_id`),
  KEY `snmp_query_graph_id` (`snmp_query_graph_id`),
  KEY `snmp_index` (`snmp_index`(191))
) ENGINE=InnoDB AUTO_INCREMENT=241 DEFAULT CHARSET=utf8mb4 COLLATE=utf8mb4_unicode_ci COMMENT='Creates a relationship for each item in a custom graph.';
/*!40101 SET character_set_client = @saved_cs_client */;

--
-- Dumping data for table `graph_local`
--

LOCK TABLES `graph_local` WRITE;
/*!40000 ALTER TABLE `graph_local` DISABLE KEYS */;
INSERT INTO `graph_local` VALUES (2,49,1,0,0,''),(3,50,1,0,0,''),(4,51,1,0,0,''),(30,70,3,0,0,''),(31,71,3,0,0,''),(32,72,3,0,0,''),(33,73,3,0,0,''),(34,74,3,0,0,''),(35,84,3,0,0,''),(37,81,3,0,0,''),(39,82,3,0,0,''),(43,70,4,0,0,''),(44,71,4,0,0,''),(45,72,4,0,0,''),(46,73,4,0,0,''),(47,74,4,0,0,''),(48,84,4,0,0,''),(50,81,4,0,0,''),(51,82,4,0,0,''),(54,70,5,0,0,''),(55,71,5,0,0,''),(56,72,5,0,0,''),(57,73,5,0,0,''),(58,74,5,0,0,''),(59,84,5,0,0,''),(61,81,5,0,0,''),(62,82,5,0,0,''),(63,86,1,0,0,''),(64,87,1,0,0,''),(65,88,1,0,0,''),(66,89,1,0,0,''),(67,90,1,0,0,''),(70,70,1,0,0,''),(71,71,1,0,0,''),(72,72,1,0,0,''),(74,74,1,0,0,''),(75,84,1,0,0,''),(77,81,1,0,0,''),(78,82,1,0,0,''),(103,70,6,0,0,''),(104,71,6,0,0,''),(105,72,6,0,0,''),(106,73,6,0,0,''),(107,74,6,0,0,''),(108,84,6,0,0,''),(110,81,6,0,0,''),(111,82,6,0,0,''),(114,70,7,0,0,''),(115,71,7,0,0,''),(116,72,7,0,0,''),(117,73,7,0,0,''),(118,74,7,0,0,''),(119,84,7,0,0,''),(122,81,7,0,0,''),(123,82,7,0,0,''),(126,70,8,0,0,''),(127,71,8,0,0,''),(128,72,8,0,0,''),(129,73,8,0,0,''),(130,74,8,0,0,''),(131,84,8,0,0,''),(133,81,8,0,0,''),(134,82,8,0,0,''),(137,70,9,0,0,''),(138,71,9,0,0,''),(139,72,9,0,0,''),(140,73,9,0,0,''),(141,74,9,0,0,''),(142,84,9,0,0,''),(144,81,9,0,0,''),(145,82,9,0,0,''),(148,70,10,0,0,''),(149,71,10,0,0,''),(150,72,10,0,0,''),(151,73,10,0,0,''),(152,74,10,0,0,''),(153,84,10,0,0,''),(155,81,10,0,0,''),(156,82,10,0,0,''),(159,70,11,0,0,''),(160,71,11,0,0,''),(161,72,11,0,0,''),(162,73,11,0,0,''),(163,74,11,0,0,''),(164,84,11,0,0,''),(166,81,11,0,0,''),(167,82,11,0,0,''),(170,70,12,0,0,''),(171,71,12,0,0,''),(172,72,12,0,0,''),(173,73,12,0,0,''),(174,74,12,0,0,''),(175,84,12,0,0,''),(177,81,12,0,0,''),(178,82,12,0,0,''),(181,70,13,0,0,''),(182,71,13,0,0,''),(183,72,13,0,0,''),(184,73,13,0,0,''),(185,74,13,0,0,''),(186,84,13,0,0,''),(188,81,13,0,0,''),(189,82,13,0,0,''),(192,70,14,0,0,''),(193,71,14,0,0,''),(194,72,14,0,0,''),(195,73,14,0,0,''),(196,74,14,0,0,''),(197,84,14,0,0,''),(199,81,14,0,0,''),(200,82,14,0,0,''),(203,70,15,0,0,''),(204,71,15,0,0,''),(205,72,15,0,0,''),(206,73,15,0,0,''),(207,74,15,0,0,''),(208,84,15,0,0,''),(210,81,15,0,0,''),(211,82,15,0,0,''),(214,70,16,0,0,''),(215,71,16,0,0,''),(216,72,16,0,0,''),(217,73,16,0,0,''),(218,74,16,0,0,''),(219,84,16,0,0,''),(221,81,16,0,0,''),(222,82,16,0,0,'');
/*!40000 ALTER TABLE `graph_local` ENABLE KEYS */;
UNLOCK TABLES;

--
-- Table structure for table `graph_template_input`
--

DROP TABLE IF EXISTS `graph_template_input`;
/*!40101 SET @saved_cs_client     = @@character_set_client */;
/*!40101 SET character_set_client = utf8 */;
CREATE TABLE `graph_template_input` (
  `id` mediumint(8) unsigned NOT NULL AUTO_INCREMENT,
  `hash` varchar(32) COLLATE utf8mb4_unicode_ci NOT NULL DEFAULT '',
  `graph_template_id` mediumint(8) unsigned NOT NULL DEFAULT '0',
  `name` varchar(255) COLLATE utf8mb4_unicode_ci NOT NULL DEFAULT '',
  `description` mediumtext COLLATE utf8mb4_unicode_ci,
  `column_name` varchar(50) COLLATE utf8mb4_unicode_ci NOT NULL DEFAULT '',
  PRIMARY KEY (`id`)
) ENGINE=InnoDB AUTO_INCREMENT=410 DEFAULT CHARSET=utf8mb4 COLLATE=utf8mb4_unicode_ci COMMENT='Stores the names for graph item input groups.';
/*!40101 SET character_set_client = @saved_cs_client */;

--
-- Dumping data for table `graph_template_input`
--

LOCK TABLES `graph_template_input` WRITE;
/*!40000 ALTER TABLE `graph_template_input` DISABLE KEYS */;
INSERT INTO `graph_template_input` VALUES (1,'2600aa2b55802194593075079b3ff217',1,'Data Source [Hosts]','','task_item_id'),(2,'6dab3c8fa41460ad4391286f9bd57396',1,'Data Source [HostsPerProcess]','','task_item_id'),(3,'e5505ad802ea90cf5e360a9fb1e857dc',2,'Data Source [DataSources]','','task_item_id'),(4,'8b36c373383efff32244eed552e9b742',2,'Data Source [RRDsProcessed]','','task_item_id'),(5,'3ed026d0c63841377b1de73e7be58202',3,'Data Source [rrdupdates]','','task_item_id'),(6,'81e327aec9e80992517e3f3a5020ce15',4,'Data Source [snmp]','','task_item_id'),(7,'dc9c886f6822c6244c5ae0f219e5f0d2',4,'Data Source [script]','','task_item_id'),(8,'740743098b09bcd7f7d3dbc7a29b1e9e',4,'Data Source [script_server]','','task_item_id'),(9,'39824d646b1d533011c21ead3c4c58fe',5,'Data Source [time]','','task_item_id'),(10,'2c4fbc040922b3d831918eef776e506b',5,'Data Source [hosts]','','task_item_id'),(11,'79efb0416dd656a19afeacbbae491397',6,'Data Source [Processes]','','task_item_id'),(12,'5106a9bdddc0fa459a7da4867ecb9e3e',6,'Data Source [Threads]','','task_item_id'),(13,'7761849322e2853790244cbd6e809d9b',7,'Data Source [boost_peak_memory]','','task_item_id'),(14,'854fdd276a19bde66c1fd85b01c84323',8,'Data Source [invalid]','','task_item_id'),(15,'4e946ab824fbadaa732911d419ef9b20',8,'Data Source [valid]','','task_item_id'),(16,'8748658cfc138fbe6db24b21e95951e6',9,'Data Source [garbage]','','task_item_id'),(17,'5302271ef7a19838fa72acd584fe7dc7',9,'Data Source [sleeping]','','task_item_id'),(18,'32367c069ff7f49ef35bdb8037544d47',9,'Data Source [active]','','task_item_id'),(19,'86d6401df83db577fac647a0828e0e35',10,'Data Source [usleeping]','','task_item_id'),(20,'c2207d5a553d76905f374937d65ab755',10,'Data Source [uactive]','','task_item_id'),(21,'2f15a574e7ebc348c61f2dda32db45ee',11,'Data Source [time]','','task_item_id'),(22,'965860ed14a227515be0fc6d1c0ffbf9',12,'Data Source [Time]','','task_item_id'),(23,'c48d08c1aea006d6c25c4a8593ec5104',12,'Data Source [pollerTime]','','task_item_id'),(24,'d9cea8c76eabdbd125a8c01933df6056',13,'Data Source [ExportGraphs]','','task_item_id'),(25,'fe137efd47408e88f099487e2493ba56',14,'Data Source [ExportDuration]','','task_item_id'),(26,'e5d4b06cdb71b588a7cf95eb07b57a99',15,'Data Source [alarms]','','task_item_id'),(27,'ef8b29e436e2ec81458bea086ff739dc',15,'Data Source [incoming]','','task_item_id'),(28,'d4605ed35fc87f88bb65540d45c76519',15,'Data Source [removes]','','task_item_id'),(29,'22faaae45c2c5967c6277b3790116731',15,'Data Source [xfers]','','task_item_id'),(30,'e812b10e7a9ec9f3b11c9b11d6f42ca5',15,'Data Source [deletes]','','task_item_id'),(31,'bf21684c0d3609c771e2fc86e9f93472',16,'Data Source [syslogRuntime]','','task_item_id'),(32,'c04af440cdf9d6cccd385add2bec14e0',17,'Data Source [alerts]','','task_item_id'),(33,'f4995efecb1f9ecf4ff2c3944a5185c1',17,'Data Source [reports]','','task_item_id'),(34,'ae88364059011d4c1ff2be83a1294456',18,'Data Source [tholdRuntime]','','task_item_id'),(35,'1d9276759ac13c7476f1d27655a68b5e',19,'Data Source [boost_avg_size]','','task_item_id'),(36,'9c58ab860bec932b046c1b7a4806942f',20,'Data Source [boost_records]','','task_item_id'),(37,'b86dec65127151fb63705cb4d5d0ace2',21,'Data Source [boost_table]','','task_item_id'),(38,'8c0796ae670469aa76d5b985d1218cc1',22,'Data Source [rrd_get_records]','','task_item_id'),(39,'e6ebd40acb1795585eea87f7c4932796',22,'Data Source [rrd_results_cycle]','','task_item_id'),(40,'8711f9fc6934936c1c5cf823e69d4187',22,'Data Source [rrd_lastupdate]','','task_item_id'),(41,'6675e0bc0c1455f6b318db7214aa4ba7',22,'Data Source [rrd_template]','','task_item_id'),(42,'9de40413fc40b0f4dd0771f8116c596d',22,'Data Source [rrd_update]','','task_item_id'),(43,'47582dd0798e137f1ffa790ea21dded5',22,'Data Source [rrd_delete]','','task_item_id'),(44,'44dea45d4aac3a4902e9f98d5548696d',23,'Data Source [pollerTime]','','task_item_id'),(45,'7c598e4533481afe36785dceb21580a7',23,'Data Source [maxTime]','','task_item_id'),(46,'fae46036ee42c83d52592737f9051a83',23,'Data Source [avgTime]','','task_item_id'),(47,'dffc76407c8bf9fd148c6058722c8a53',23,'Data Source [minTime]','','task_item_id'),(48,'ff1185972e156e03a60d607d9b3bf1f0',24,'Data Source [getSNMP]','','task_item_id'),(49,'f3b217e50a15f128abf9fd2e9dac72e4',24,'Data Source [getScriptServer]','','task_item_id'),(50,'8967e9dd060a56d3e9369258013a242f',24,'Data Source [getScript]','','task_item_id'),(51,'c88a471d1bc7cc3324252f47ae121d4a',25,'Data Source [processCount]','','task_item_id'),(52,'c81a934e61492aef9cb3645c6699e391',25,'Data Source [threadCount]','','task_item_id'),(53,'1f88e009e145214fd47e9bc1c9ff834e',26,'Data Source [recacheTime]','','task_item_id'),(54,'10f516697a767f23e9917712784382be',26,'Data Source [recacheDevices]','','task_item_id'),(55,'46e937ea754fc49ebe5596706784d2e0',27,'Data Source [totalTime]','','task_item_id'),(56,'1144662dc503a5445f792a47f2d2bdbd',27,'Data Source [connectTime]','','task_item_id'),(57,'57ff3b8de76deaacb180d066dca5e58a',27,'Data Source [lookupTime]','','task_item_id'),(58,'df85592e25bd094f6aa388d567c55be0',27,'Data Source [redirectTime]','','task_item_id'),(59,'728a6922fc0e8a2c87c816300269db50',28,'Data Source [downloadSize]','','task_item_id'),(60,'18e3b58fef13fd44972a44adc1d90a45',29,'Data Source [downloadSpeed]','','task_item_id'),(61,'ffe65c3ab96a96b48e743054c79108ea',30,'Data Source [checkStatus]','','task_item_id'),(62,'ff060f916f471dd16e0949a6a98fca50',31,'Data Source [totalGraphs]','','task_item_id'),(63,'1ef8aa80d1ce46714aa23f21cc340317',32,'Data Source [lastRuntime]','','task_item_id'),(64,'bb9d83a02261583bc1f92d9e66ea705d',33,'CPU Usage Data Source','','task_item_id'),(65,'51196222ed37b44236d9958116028980',33,'Legend Color','','color_id'),(66,'b12d40fbd3144b503e3b3a877a14e126',34,'Data Source [polling_time]','','task_item_id'),(67,'4565c0c95673d49c176a7601f24587f7',35,'Data Source [uptime]','','task_item_id'),(68,'e9d4191277fdfd7d54171f153da57fb0',36,'Inbound Data Source','','task_item_id'),(69,'7b361722a11a03238ee8ab7ce44a1037',36,'Outbound Data Source','','task_item_id'),(70,'fa83cd3a3b4271b644cb6459ea8c35dc',37,'Discards In Data Source','','task_item_id'),(71,'7946e8ee1e38a65462b85e31a15e35e5',37,'Errors In Data Source','','task_item_id'),(72,'e5acdd5368137c408d56ecf55b0e077c',37,'Discards Out Data Source','','task_item_id'),(73,'a028e586e5fae667127c655fe0ac67f0',37,'Errors Out Data Source','','task_item_id'),(74,'00ae916640272f5aca54d73ae34c326b',38,'Unicast Packets Out Data Source','','task_item_id'),(75,'1bc1652f82488ebfb7242c65d2ffa9c7',38,'Unicast Packets In Data Source','','task_item_id'),(76,'e3177d0e56278de320db203f32fb803d',39,'Non-Unicast Packets In Data Source','','task_item_id'),(77,'4f20fba2839764707f1c3373648c5fef',39,'Non-Unicast Packets Out Data Source','','task_item_id'),(78,'2764a4f142ba9fd95872106a1b43541e',40,'Inbound Data Source','','task_item_id'),(79,'f73f7ddc1f4349356908122093dbfca2',40,'Outbound Data Source','','task_item_id'),(80,'562726cccdb67d5c6941e9e826ef4ef5',41,'Inbound Data Source','','task_item_id'),(81,'82426afec226f8189c8928e7f083f80f',41,'Outbound Data Source','','task_item_id'),(82,'69a23877302e7d142f254b208c58b596',42,'Inbound Data Source','','task_item_id'),(83,'f28013abf8e5813870df0f4111a5e695',42,'Outbound Data Source','','task_item_id'),(84,'8644b933b6a09dde6c32ff24655eeb9a',43,'Outbound Data Source','','task_item_id'),(85,'49c4b4800f3e638a6f6bb681919aea80',43,'Inbound Data Source','','task_item_id'),(86,'a29d473b1bbc98a1c032237622ea0837',44,'Multicast Packets Out Data Source','','task_item_id'),(87,'cc896ba8b616aa6a66a1ba1ce802e68e',44,'Multicast Packets In Data Source','','task_item_id'),(88,'a5c3743e175afaa77f6fa1f452f72c32',45,'Non-Unicast Packets In Data Source','','task_item_id'),(89,'30e4a03de4ed9d772a0bbe93830b8b73',45,'Non-Unicast Packets Out Data Source','','task_item_id'),(90,'433f328369f9569446ddc59555a63eb8',46,'Ping Host Data Source','','task_item_id'),(91,'a1a91c1514c65152d8cb73522ea9d4e6',46,'Legend Color','','color_id'),(92,'2fb4deb1448379b27ddc64e30e70dc42',46,'Legend Text','','text_format'),(93,'2dca37011521501b9c2b705d080db750',47,'Data Source [snmp_oid]','','task_item_id'),(94,'b8d8ade5f5f3dd7b12f8cc56bbb4083e',47,'Legend Color','','color_id'),(95,'ac2355b4895c37e14df827f969f31c12',47,'Legend Text','','text_format'),(96,'592cedd465877bc61ab549df688b0b2a',48,'Processes Data Source','','task_item_id'),(97,'1d51dbabb200fcea5c4b157129a75410',48,'Legend Color','','color_id'),(98,'8cb8ed3378abec21a1819ea52dfee6a3',49,'1 Minute Data Source','','task_item_id'),(99,'5dfcaf9fd771deb8c5430bce1562e371',49,'5 Minute Data Source','','task_item_id'),(100,'6f3cc610315ee58bc8e0b1f272466324',49,'15 Minute Data Source','','task_item_id'),(101,'b457a982bf46c6760e6ef5f5d06d41fb',50,'Logged in Users Data Source','','task_item_id'),(102,'bd4a57adf93c884815b25a8036b67f98',50,'Legend Color','','color_id'),(103,'6273c71cdb7ed4ac525cdbcf6180918c',51,'Free Data Source','','task_item_id'),(104,'5e62dbea1db699f1bda04c5863e7864d',51,'Swap Data Source','','task_item_id'),(105,'940beb0f0344e37f4c6cdfc17d2060bc',52,'Available Disk Space Data Source','','task_item_id'),(106,'7b0674dd447a9badf0d11bec688028a8',52,'Used Disk Space Data Source','','task_item_id'),(107,'d7cdb63500c576e0f9f354de42c6cf3a',53,'1 Minute Data Source','','task_item_id'),(108,'a23152f5ec02e7762ca27608c0d89f6c',53,'5 Minute Data Source','','task_item_id'),(109,'2cc5d1818da577fba15115aa18f64d85',53,'15 Minute Data Source','','task_item_id'),(110,'f45def7cad112b450667aa67262258cb',54,'Memory Free Data Source','','task_item_id'),(111,'f8c361a8c8b7ad80e8be03ba7ea5d0d6',54,'Memory Buffers Data Source','','task_item_id'),(112,'e0b395be8db4f7b938d16df7ae70065f',54,'Cache Memory Data Source','','task_item_id'),(113,'eb76da0d29135bac17f898c44ec279cb',54,'Data Source [mem_total]','','task_item_id'),(114,'37d09fb7ce88ecec914728bdb20027f3',55,'Logged in Users Data Source','','task_item_id'),(115,'699bd7eff7ba0c3520db3692103a053d',55,'Legend Color','','color_id'),(116,'df905e159d13a5abed8a8a7710468831',56,'Processes Data Source','','task_item_id'),(117,'8ca9e3c65c080dbf74a59338d64b0c14',56,'Legend Color','','color_id'),(118,'41f360e2e5c7038bd6502495fc42064e',57,'Data Source [ssCpuIdle]','','task_item_id'),(119,'059853124cd1649493af05c24594bc8d',57,'Data Source [ssCpuUser]','','task_item_id'),(120,'e280d373dd8d0aecd1b26781ed7a5977',57,'Data Source [ssCpuSystem]','','task_item_id'),(121,'e147ef9f5bc72229fe46508904d1e820',58,'Data Source [ssSysInterrupts]','','task_item_id'),(122,'d57f74ec1b11fc2037d197417c7f187d',59,'Data Source [ssSysContext]','','task_item_id'),(123,'a9ac261a6344d2ce06373174f2fb91ec',60,'Data Source [reads]','','task_item_id'),(124,'90cecf239de8d0c8dbff22529dbb03ae',60,'Data Source [writes]','','task_item_id'),(125,'50955e0bcf20cbeb8fcde95c1ad26522',61,'Data Source [bytesread]','','task_item_id'),(126,'4ce2aaa9d1550ac38072302ed101655d',61,'Data Source [byteswritten]','','task_item_id'),(127,'b33eb27833614056e06ee5952c3e0724',62,'Available Disk Space Data Source','','task_item_id'),(128,'ef8799e63ee00e8904bcc4228015784a',62,'Used Disk Space Data Source','','task_item_id'),(129,'86bd8819d830a81d64267761e1fd8ec4',63,'Total Disk Space Data Source','','task_item_id'),(130,'6c8967850102202de166951e4411d426',63,'Used Disk Space Data Source','','task_item_id'),(131,'bdad718851a52b82eca0a310b0238450',64,'CPU Utilization Data Source','','task_item_id'),(132,'e7b578e12eb8a82627557b955fd6ebd4',64,'Legend Color','','color_id'),(133,'65126c24617c23b64079ba555751da3f',65,'Data Source [Bytes_Read]','','task_item_id'),(134,'7ea0ac64ce0aba0c2b392cc6d7034515',65,'Data Source [Bytes_Written]','','task_item_id'),(135,'30d6aa3a34630bec2a143ac063a76907',66,'Data Source [15Min_LoadAvg]','','task_item_id'),(136,'456e79bda9a2e0f370f7b077d0ce9ad4',66,'Data Source [1Min_LoadAvg]','','task_item_id'),(137,'f930429ea76fd8a8ea9af5461f738357',66,'Data Source [5Min_LoadAvg]','','task_item_id'),(138,'e0ab1b0794eb8ad54e549c363b3b9409',67,'Data Source [Device_Writes]','','task_item_id'),(139,'3e0edbee4c2f152e69f0912e379d303f',67,'Data Source [Device_Reads]','','task_item_id'),(140,'0f515322027cb97af22b5c00afd7637e',68,'Data Source [STAT_interrupts]','','task_item_id'),(141,'cd9435ddf604264e522efd92827cd2fe',69,'Data Source [STAT_context_swtchs]','','task_item_id'),(142,'5a169cee517d1f1af7b88a17a183722f',70,'Data Source [STAT_forks]','','task_item_id'),(143,'b98b46dd433b53e9725f6668c879a2e2',71,'Data Source [STAT_CPU_user]','','task_item_id'),(144,'f4a0194ecdd767ba41b36e601ba85a87',71,'Data Source [STAT_CPU_nice]','','task_item_id'),(145,'2cac3000304b452d80c9ec27d2af7df5',71,'Data Source [STAT_CPU_system]','','task_item_id'),(146,'bac60a69dd6ea6583d10f5a156a9f420',71,'Data Source [STAT_CPU_idle]','','task_item_id'),(147,'bd765a8549fe1c7c468ccd728f115679',71,'Data Source [STAT_CPU_iowait]','','task_item_id'),(148,'a05593abe13b0fd637c2d84bc21fbd12',71,'Data Source [STAT_CPU_irq]','','task_item_id'),(149,'7ebb82a91b545eaab484552b8148e11c',71,'Data Source [STAT_CPU_softirq]','','task_item_id'),(150,'3bce5e9dc8d767db1aab089190424cdf',71,'Data Source [STAT_CPU_steal]','','task_item_id'),(151,'e6e80e40d93ebc2a4d681e4a1add2cb1',71,'Data Source [STAT_CPU_guest]','','task_item_id'),(152,'d957a13afef6f9d316f01f8e5266cccf',72,'Data Source [STAT_loadavg]','','task_item_id'),(153,'1a0aafd640ab1adb819df04644832978',73,'Data Source [STAT_numusers]','','task_item_id'),(154,'b539bfba36696ea8cbb0956133651313',74,'Data Source [STAT_memused]','','task_item_id'),(155,'2912a0730e5b7dcd3c1355c09b88e1bd',74,'Data Source [STAT_memcached]','','task_item_id'),(156,'ede9066a407d9b7db686bf7b5e823db4',74,'Data Source [STAT_membuffer]','','task_item_id'),(157,'b4d51241727c232c8cc9253b0531c66e',74,'Data Source [STAT_memshared]','','task_item_id'),(158,'2e973bfc749c51e98d05a29eb7f1d173',74,'Data Source [STAT_memfree]','','task_item_id'),(159,'f21eff0c8b205329bf6b81a384022e6a',75,'Data Source [DISK_reads]','','task_item_id'),(160,'142c23f124f20c810b488a4968ae276e',75,'Data Source [DISK_reads_merged]','','task_item_id'),(161,'4e4244ec9dafe2aabb57f929b407e473',75,'Data Source [DISK_writes]','','task_item_id'),(162,'e3cdd0ff3c7cefdb4056026d9fb00b10',75,'Data Source [DISK_writes_merged]','','task_item_id'),(163,'44ee1f317af557b52b456c6a10836521',76,'Data Source [DISK_sectors_read]','','task_item_id'),(164,'67287e7a98b36055f19d08462f69f4b0',76,'Data Source [DISK_sectors_writtn]','','task_item_id'),(165,'7c9262142373d942d8a3393697374313',77,'Data Source [DISK_time_spnt_rdng]','','task_item_id'),(166,'b869228cacb3d0b3522c4949191ec7b0',77,'Data Source [DISK_tme_spnt_wrtng]','','task_item_id'),(167,'70374fe31dc1dec19eb1946046e0a11d',78,'Data Source [DISK_reads]','','task_item_id'),(168,'431a281a4c92bdd8685cd1c1afb05f61',78,'Data Source [DISK_writes]','','task_item_id'),(169,'58d62fabcd6b2e20fcb3d081b259d79b',78,'Data Source [DISK_time_spnt_rdng]','','task_item_id'),(170,'cccb8143e62ad8e50925fc2e8572e469',78,'Data Source [DISK_tme_spnt_wrtng]','','task_item_id'),(171,'84ecc5ee76afb09863c1f9edbc55b69c',79,'Data Source [DISK_io_time]','','task_item_id'),(172,'87e0c721aca915fe4d53f9aac6dd403c',79,'Data Source [DISK_io_time_weghtd]','','task_item_id'),(173,'b6dca8e17e7d8a14b917d373dae9753d',80,'Data Source [DISK_io_ops]','','task_item_id'),(174,'0ad2b0870f44cecee4fda91ba14fdc76',81,'Data Source [DISKFREE_used]','','task_item_id'),(175,'fba00ed6c841136f97d14ef56db97131',81,'Data Source [DISKFREE_available]','','task_item_id'),(176,'bdf8d8cb4adefa8e2e7672292e759497',82,'Data Source [NETDEV_inbound]','','task_item_id'),(177,'dc830071c31578228797d2681b985c2b',82,'Data Source [NETDEV_outbound]','','task_item_id'),(178,'13a84f2181abf2a9c3af9daab5005e60',83,'Data Source [NETDEV_rxerrs]','','task_item_id'),(179,'a9cb9934b172facfdbc2ed7e8c7fb975',83,'Data Source [NETDEV_rxdrop]','','task_item_id'),(180,'a64a67b35b66b77f24ff1803788ceeb6',83,'Data Source [NETDEV_rxfifo]','','task_item_id'),(181,'84949b42d64b30eaf3e3e85830702a7a',83,'Data Source [NETDEV_rxframe]','','task_item_id'),(182,'653a2c0376400051371a841bb46cc10b',83,'Data Source [NETDEV_txerrs]','','task_item_id'),(183,'f09e8e45843280864d729d6e6182d336',83,'Data Source [NETDEV_txdrop]','','task_item_id'),(184,'7b7a49d35f529be271368833b5c77b16',83,'Data Source [NETDEV_txfifo]','','task_item_id'),(185,'4c1be6ab921ddba4f1caf98fc1d55203',83,'Data Source [NETDEV_txcolls]','','task_item_id'),(186,'e2d566e919ad8e13d27d2954bf4c94e9',83,'Data Source [NETDEV_txcarrier]','','task_item_id'),(187,'2fcde303010a976e481d1a51768b59e6',84,'Data Source [NETSTAT_established]','','task_item_id'),(188,'0194e926af3c8acf4619ec8106ef7419',84,'Data Source [NETSTAT_syn_sent]','','task_item_id'),(189,'5591a27a060f438dc6c1d2c53bfe2f31',84,'Data Source [NETSTAT_syn_recv]','','task_item_id'),(190,'0e0d8ed7d0ba2c8593b615455c76a49a',84,'Data Source [NETSTAT_fin_wait1]','','task_item_id'),(191,'1aef6539bda31fd7ffb2082357056ace',84,'Data Source [NETSTAT_fin_wait2]','','task_item_id'),(192,'89439e8f739977246cfb6f7f7c848a7b',84,'Data Source [NETSTAT_time_wait]','','task_item_id'),(193,'deabc014d90c891294a40dcd736b788c',84,'Data Source [NETSTAT_close]','','task_item_id'),(194,'707c68047349d37c9fcafea756e61e09',84,'Data Source [NETSTAT_close_wait]','','task_item_id'),(195,'cc77f1868954f5fb9a24666598e5781f',84,'Data Source [NETSTAT_last_ack]','','task_item_id'),(196,'71edaf831764db17771224276c51747f',84,'Data Source [NETSTAT_listen]','','task_item_id'),(197,'b62bfab6a8ac8d5ab317f223ec275853',84,'Data Source [NETSTAT_closing]','','task_item_id'),(198,'9d939464ad27b38956628c902be68ea8',84,'Data Source [NETSTAT_unknown]','','task_item_id'),(199,'577e1764ceec6e22e51a8bbb97d9cf8e',85,'Data Source [VMSTAT_pswpin]','','task_item_id'),(200,'1118e0e04554cc29dbf9f8eaf703bf24',85,'Data Source [VMSTAT_pswpout]','','task_item_id'),(201,'f5f45137eea74d8a9d64a78769ef9471',86,'Data Source [APACHE_Requests]','','task_item_id'),(202,'02587d6029c37748001f962bf4763f7e',87,'Data Source [APACHE_Bytes_sent]','','task_item_id'),(203,'dcbbbfeedba772ea1a4f22e84bd3ff6c',88,'Data Source [APACHE_CPU_Load]','','task_item_id'),(204,'a0d3e200ca7ad97a5c1534cebaf346aa',88,'Data Source [APACHE_CPU_Load]','','task_item_id'),(205,'6448c8be4dc370ea714ebb68914336df',89,'Data Source [APACHE_Idle_workers]','','task_item_id'),(206,'af51aadda6ad8afa465049af3197d86d',89,'Data Source [APACHE_Busy_workers]','','task_item_id'),(207,'f5cb9a27bc339cb5cbfd264bcea16ead',90,'Data Source [APACHE_Wtng_frcnctn]','','task_item_id'),(208,'43b520c92bc1a2559787d10f9b721e6b',90,'Data Source [APACHE_Starting_up]','','task_item_id'),(209,'4f83ba37f71ab054d0195bfa1b98e5c6',90,'Data Source [APACHE_Reading_rqst]','','task_item_id'),(210,'23adcee9cab3ca4f14765fe3c7253242',90,'Data Source [APACHE_Sending_rply]','','task_item_id'),(211,'927222ed371558df199e36cb291e07c3',90,'Data Source [APACHE_Keepalive]','','task_item_id'),(212,'7964389e04e201754bce92a1ab9b0f45',90,'Data Source [APACHE_DNS_lookup]','','task_item_id'),(213,'83abaaf1c1869fd008892bbd263f9ba8',90,'Data Source [APACHE_Clsng_cnnctn]','','task_item_id'),(214,'f9b56cdac7d6bde2baed1354251463a1',90,'Data Source [APACHE_Logging]','','task_item_id'),(215,'08428235371b20af7ef6c397d66c706f',90,'Data Source [APACHE_Grcflyfnshng]','','task_item_id'),(216,'44cf9ae38e5273c0d55b30de0d32ead1',90,'Data Source [APACHE_Idle_cleanup]','','task_item_id'),(217,'d2fb4326379df5e08ca2e0ea269291ef',90,'Data Source [APACHE_Open_slot]','','task_item_id'),(218,'f484b257047b3ab261580da8ddcaf8fd',91,'Data Source [Key_read_requests]','','task_item_id'),(219,'2cfc324a82b8c918e1fd67612774bab6',91,'Data Source [Key_reads]','','task_item_id'),(220,'2019cf675a9165f434d82cbc32ecacba',91,'Data Source [Key_write_requests]','','task_item_id'),(221,'53c3d65940830e321c55810fc85169b3',91,'Data Source [Key_writes]','','task_item_id'),(222,'c3c2cd1be90160a7fb27cd2e1504bd2c',92,'Data Source [key_buffer_size]','','task_item_id'),(223,'e7e8e7a409927662ab71e8293f4e22cf',92,'Data Source [Key_buf_bytes_used]','','task_item_id'),(224,'fc4be251a316ed41cf238cc28e39c4ea',92,'Data Source [Key_buf_byts_nflshd]','','task_item_id'),(225,'f906f3d68b49e589e081fb085e83089d',93,'Data Source [pool_size]','','task_item_id'),(226,'be85ea3950fbbe126c3aeacaa2a5a4d8',93,'Data Source [database_pages]','','task_item_id'),(227,'c9e44501db4a48a64aa7f9f57f19e6c2',93,'Data Source [free_pages]','','task_item_id'),(228,'e03c043984260b32f3a7b268f708f3bb',93,'Data Source [modified_pages]','','task_item_id'),(229,'e2f484fd5cbee38917422684c9ca0442',94,'Data Source [file_reads]','','task_item_id'),(230,'5f41257968f9e61929e172bb1f194b87',94,'Data Source [file_writes]','','task_item_id'),(231,'7d0623bc0cad011afa1e214bd6e87afa',94,'Data Source [log_writes]','','task_item_id'),(232,'3584bf8381d2e4973fddeb22b3097118',94,'Data Source [file_fsyncs]','','task_item_id'),(233,'7278955f512cc96c589fd18bc99575b6',95,'Data Source [ibuf_inserts]','','task_item_id'),(234,'a311fa6813a472c14c5d0a9d828d5e8d',95,'Data Source [ibuf_merged]','','task_item_id'),(235,'6f1a86c5aede4a876fd1e0894ccd2128',95,'Data Source [ibuf_merges]','','task_item_id'),(236,'7e66211a2cd75c7f439416471bee8223',96,'Data Source [ibuf_cell_count]','','task_item_id'),(237,'04323ea594d7a01d927fd3dd1d4248af',96,'Data Source [ibuf_used_cells]','','task_item_id'),(238,'26c4c495bf57b0a252db73dc2c6f5d69',96,'Data Source [ibuf_free_cells]','','task_item_id'),(239,'7edef579a44e13e7d8d9d0c64dc017e9',97,'Data Source [spin_rounds]','','task_item_id'),(240,'aea1087ceb7cfcfe0d740963cfa0d665',97,'Data Source [spin_waits]','','task_item_id'),(241,'af25fd1eccacd2424d04fa05a0af3860',97,'Data Source [os_waits]','','task_item_id'),(242,'7150e8b80b83294b0c1cb4ea46547f5d',98,'Data Source [rows_read]','','task_item_id'),(243,'194a1e647ad1121127045452016ff5b6',98,'Data Source [rows_deleted]','','task_item_id'),(244,'d628d573cbd54ef6fd5b82e8b5c108a9',98,'Data Source [rows_updated]','','task_item_id'),(245,'8e7f17e23e138b5e7e72953427125d31',98,'Data Source [rows_inserted]','','task_item_id'),(246,'24a0286b9701b096d8e9bce7349415fe',99,'Data Source [Table_locks_immedit]','','task_item_id'),(247,'6ecafa71d88f2bc55e538de70d4acb0d',99,'Data Source [Table_locks_immedit]','','task_item_id'),(248,'7c91fa1049359d97a4712ee9bd8bb77b',99,'Data Source [Table_locks_waited]','','task_item_id'),(249,'e7d0baf302666d74ddd60e5b9c948f2d',99,'Data Source [Slow_queries]','','task_item_id'),(250,'50589e7471a62f3bda9cbad35c924911',100,'Data Source [max_connections]','','task_item_id'),(251,'2611c283ed660a2e322f2d65c680c17d',100,'Data Source [Max_used_connectins]','','task_item_id'),(252,'338f230b1dd367367edcfe4d1f531b97',100,'Data Source [Aborted_clients]','','task_item_id'),(253,'df04c04decc0d980c4a89b82c03b137b',100,'Data Source [Aborted_connects]','','task_item_id'),(254,'8df1cf31d465732c00a6bea23bebba59',100,'Data Source [Threads_connected]','','task_item_id'),(255,'7741c194222128f0500731b647c16649',100,'Data Source [Connections]','','task_item_id'),(256,'a5f308d8a2aabc496827e6e6a00ee506',101,'Data Source [slave_running]','','task_item_id'),(257,'6fc67062ef86f3d85a47718e61f6fd44',101,'Data Source [slave_stopped]','','task_item_id'),(258,'181079bd634a83dc2e3c990566b7f6f4',101,'Data Source [slave_lag]','','task_item_id'),(259,'f57b1923f09d96674373acea6a5d9077',101,'Data Source [Slave_open_tmp_tbls]','','task_item_id'),(260,'b647396138eb073b819e0aa3440c4051',101,'Data Source [Slave_rtrd_trnsctns]','','task_item_id'),(261,'7aceba22cf349da0d82e5ea077c8b9fd',102,'Data Source [Qcache_queris_n_cch]','','task_item_id'),(262,'d8237fa1ec411d3b42697848c387c6f9',102,'Data Source [Qcache_hits]','','task_item_id'),(263,'a9448f5e64503d20c160c24b8228c383',102,'Data Source [Qcache_inserts]','','task_item_id'),(264,'a3de5c8b0fcc27dfcbda713c876ebb5f',102,'Data Source [Qcache_not_cached]','','task_item_id'),(265,'770dded6a3b71a7d37e3c844823e4025',102,'Data Source [Qcache_lowmem_pruns]','','task_item_id'),(266,'91823d0529e0b2f9846986ebc2860ab1',103,'Data Source [query_cache_size]','','task_item_id'),(267,'43a1cef6421624b531dffc0b3a2da522',103,'Data Source [Qcache_free_memory]','','task_item_id'),(268,'6104587506c44bd63d64624b5b803fa5',103,'Data Source [Qcache_total_blocks]','','task_item_id'),(269,'889e70a8f05046d9fa0a9eca58bd4748',103,'Data Source [Qcache_free_blocks]','','task_item_id'),(270,'be889f8b879844da506c52d9f39daea1',104,'Data Source [Questions]','','task_item_id'),(271,'cd6a0dc641793402ed3f207460650055',104,'Data Source [Com_select]','','task_item_id'),(272,'d0a2a221567b305bba373419792b09ae',104,'Data Source [Com_delete]','','task_item_id'),(273,'fae604e384e38ebf0ab722abfc9561ad',104,'Data Source [Com_insert]','','task_item_id'),(274,'2bd124023b6b9955d715639df7f7aed9',104,'Data Source [Com_update]','','task_item_id'),(275,'6858890ada867464dc888d1970811d7b',104,'Data Source [Com_replace]','','task_item_id'),(276,'a322127279c5bc6417128c8dcc066165',104,'Data Source [Com_load]','','task_item_id'),(277,'db6ff8e6d69dfdbafe3ad2c7f280fb30',104,'Data Source [Com_delete_multi]','','task_item_id'),(278,'9323443afa8cfd251f1572649224eb01',104,'Data Source [Com_insert_select]','','task_item_id'),(279,'2ca0cda8eaa8b7caae5137f6189b952c',104,'Data Source [Com_update_multi]','','task_item_id'),(280,'8e8a0b70dbc38a49d1da9a9ee388f0e0',104,'Data Source [Com_replace_select]','','task_item_id'),(281,'3184877202177ddf1520a3dd940ebfee',105,'Data Source [Select_full_join]','','task_item_id'),(282,'4dee3586ccfc06f6bf79151dc16194bb',105,'Data Source [Select_full_rnge_jn]','','task_item_id'),(283,'188625bca767113e15ac8dfe23168c8b',105,'Data Source [Select_range]','','task_item_id'),(284,'1cbd9ef9edbb133faac45d3569bec43d',105,'Data Source [Select_range_check]','','task_item_id'),(285,'4022ff8b06445f87b390aee8a4b40f8f',105,'Data Source [Select_scan]','','task_item_id'),(286,'72497b7d5be76fce56f822772b8e805d',106,'Data Source [Sort_rows]','','task_item_id'),(287,'f2b2217507185f947ea6c602c9b21f62',106,'Data Source [Sort_range]','','task_item_id'),(288,'4c62753dbd0d3316a68e8767736eeafb',106,'Data Source [Sort_merge_passes]','','task_item_id'),(289,'b2880639594f7369f799d929c88075d3',106,'Data Source [Sort_scan]','','task_item_id'),(290,'2945647fa55b9bdf8cc1e5609def2e9d',107,'Data Source [Created_tmp_tables]','','task_item_id'),(291,'7483f01bfb45e25d5e54fe62453868c5',107,'Data Source [Created_tmp_tables]','','task_item_id'),(292,'180f6e2087960c02c28c76d1a5ac9e62',107,'Data Source [Creatd_tmp_dsk_tbls]','','task_item_id'),(293,'72e7be19411f56a842ff6f6750d869b9',107,'Data Source [Created_tmp_files]','','task_item_id'),(294,'8ed92b8475d41190916698bd2d1b7ee8',108,'Data Source [Bytes_sent]','','task_item_id'),(295,'c9f94e412128b87e087ed71acae6e8bf',108,'Data Source [Bytes_received]','','task_item_id'),(296,'b08541be08d8e4146687258bc7ff8b46',109,'Data Source [pages_created]','','task_item_id'),(297,'209b3c52d1bf4a9761763d50106ad18f',109,'Data Source [pages_read]','','task_item_id'),(298,'7cf26da81167d0e134656db4c99eb5c5',109,'Data Source [pages_written]','','task_item_id'),(299,'7493f6d8f76a153776a88f5a6f666a13',110,'Data Source [pending_aio_log_ios]','','task_item_id'),(300,'e955f91fd53a930265dba9f8a914e175',110,'Data Source [pending_aio_sync_is]','','task_item_id'),(301,'8e5357a55cff955f9c8db282c34cf2e8',110,'Data Source [pending_bf_pl_flshs]','','task_item_id'),(302,'cfa5c2f2a1f32768cc33a7f25eb4cf4a',110,'Data Source [pending_chkp_writes]','','task_item_id'),(303,'5a1674a64952edebf879f1f2fe2aba34',110,'Data Source [pending_ibuf_ao_rds]','','task_item_id'),(304,'4c5423739f98cf85840453df9b0519b2',110,'Data Source [pending_log_flushes]','','task_item_id'),(305,'2cd0b5b4b922ec7b2cb99dbf5e0911c3',110,'Data Source [pending_log_writes]','','task_item_id'),(306,'8b51ea18d0cc77ab651bfd48232cddd8',110,'Data Source [pending_norml_o_rds]','','task_item_id'),(307,'986515db8bb6608b4b0f2f355338745e',110,'Data Source [pending_nrml_o_wrts]','','task_item_id'),(308,'ec517d1a0d799256d51ed86a5f120cbd',111,'Data Source [innodb_log_buffr_sz]','','task_item_id'),(309,'53ce75974570c9813f54b084a7bf6a39',111,'Data Source [log_bytes_written]','','task_item_id'),(310,'190d0a214749165d2a62eb85f777193a',111,'Data Source [log_bytes_flushed]','','task_item_id'),(311,'f2096cbd131d5266428948955148d048',111,'Data Source [unflushed_log]','','task_item_id'),(312,'02afd2d630540b961ffe2632b16b03e3',112,'Data Source [Binlog_cache_use]','','task_item_id'),(313,'0f8e0c480652891104e4953236ec09ca',112,'Data Source [Binlog_cache_disk_s]','','task_item_id'),(314,'90c7c6b6e6021590e34f17fc8ccb9ae5',112,'Data Source [binary_log_space]','','task_item_id'),(315,'4dab3bd0d207740456cc634264a10389',112,'Data Source [relay_log_space]','','task_item_id'),(316,'069cf29a97e3f7d77f8b2e68e46ee6b9',113,'Data Source [innodb_transactions]','','task_item_id'),(317,'2e01f14ad096f43d2f6d5a6252a3a93d',113,'Data Source [history_list]','','task_item_id'),(318,'63340f5c2e8c6aacbb60b76f9c31f7dd',114,'Data Source [active_transactions]','','task_item_id'),(319,'bd80b16ce5ba5fcb43148d72c00fb033',114,'Data Source [locked_transactions]','','task_item_id'),(320,'e70327f4f272557d3e9312d31120f5bd',114,'Data Source [current_transactins]','','task_item_id'),(321,'6929089137f1c043c56a7031c9fb2f3c',114,'Data Source [read_views]','','task_item_id'),(322,'596a9024d617e8147db1b35eb81d788e',115,'Data Source [table_cache]','','task_item_id'),(323,'9fb0ec10218ffb8b2af05b34b11f3b60',115,'Data Source [Open_tables]','','task_item_id'),(324,'af228524aa3afe1ad25583c3ad5b5de6',115,'Data Source [Open_files]','','task_item_id'),(325,'6528d45ff1964bc03ecd95d50e4b9ecf',115,'Data Source [Opened_tables]','','task_item_id'),(326,'9a0cd2d2c00a75f2c670ad865886b49a',116,'Data Source [thread_cache_size]','','task_item_id'),(327,'40370e70a9191e3393a230087e32c465',116,'Data Source [Threads_connected]','','task_item_id'),(328,'d5f789f7d6ac0921b2d5d2466186da10',116,'Data Source [Threads_running]','','task_item_id'),(329,'d16f2abaed115fcdbf5a95bb281519d2',116,'Data Source [Threads_created]','','task_item_id'),(330,'9b3689607465e658bd4471aa8ad523be',116,'Data Source [Threads_cached]','','task_item_id'),(331,'28e22b5f2795ade2ebaded0d6b440f92',117,'Data Source [total_mem_alloc]','','task_item_id'),(332,'2feae819090aa43c2fe341470e2a1c65',117,'Data Source [additional_pool_llc]','','task_item_id'),(333,'c6eceb78aa9dcf4bdc74760fe88bb032',118,'Data Source [hash_index_clls_ttl]','','task_item_id'),(334,'396c61c1e39e7593b3a285f6f57bc3c2',118,'Data Source [hash_index_cells_sd]','','task_item_id'),(335,'cf2c60f46ab8da891254cf883003be1a',119,'Data Source [adaptive_hash_memry]','','task_item_id'),(336,'7eb1d7bdc01e8c50f2a19a18dd10ea49',119,'Data Source [page_hash_memory]','','task_item_id'),(337,'e37d6ba5b1f81ce6970acb0be95f5ffd',119,'Data Source [dictionry_cche_mmry]','','task_item_id'),(338,'037249cb07c97a5324bf5d48b2c88b6a',119,'Data Source [file_system_memory]','','task_item_id'),(339,'f248f1fd906cca291996246bddbfcaa9',119,'Data Source [lock_system_memory]','','task_item_id'),(340,'2f5aee8b0b382b972511bc22441f8173',119,'Data Source [recovery_systm_mmry]','','task_item_id'),(341,'4b78eed30d7034117ea5cfde55be7b28',119,'Data Source [thread_hash_memory]','','task_item_id'),(342,'468122292be1cfd0fc26307953b2ac57',120,'Data Source [innodb_tables_in_us]','','task_item_id'),(343,'73b5c9071009f7a8466beb2829257b7e',120,'Data Source [innodb_locked_tabls]','','task_item_id'),(344,'96c96847d6061283484aa28da332256e',121,'Data Source [innodb_lock_wat_scs]','','task_item_id'),(345,'0c2fa57d68c3fbe855e98baaabee642d',122,'Data Source [innodb_lock_structs]','','task_item_id'),(346,'e5e6512d8f8f1f810719f7ad298be14f',123,'Data Source [uncheckpointed_byts]','','task_item_id'),(347,'b3a1710a00fb372febf2c26e56510dcd',124,'Data Source [Innodb_row_lock_tim]','','task_item_id'),(348,'be4570e97a05172280ed8034f0cd3e8b',125,'Data Source [Innodb_row_lock_wts]','','task_item_id'),(349,'07dcdb59507ab32a6fd117565417a5fa',126,'Data Source [innodb_sem_waits]','','task_item_id'),(350,'c6119f5afc4d2ca926985bbd11a57070',127,'Data Source [innodb_sm_wt_tme_ms]','','task_item_id'),(351,'2593d88dd37699174f0cd379534e7505',128,'Data Source [State_closing_tabls]','','task_item_id'),(352,'8c8c2061826cb28dd5500980db52e3be',128,'Data Source [Ste_cpyng_to_tp_tbl]','','task_item_id'),(353,'4f4f681922cd6433ee98d16b27c21d91',128,'Data Source [State_end]','','task_item_id'),(354,'4a60b132ee85330ec38183861dc07b9b',128,'Data Source [State_freeing_items]','','task_item_id'),(355,'6d8013762a2ebf0eccd6f9531606d3c3',128,'Data Source [State_init]','','task_item_id'),(356,'ee33dbad8ead21395624017d45d266b2',128,'Data Source [State_locked]','','task_item_id'),(357,'5f3c642de0b3b57c9a79e41d9b8b23a3',128,'Data Source [State_login]','','task_item_id'),(358,'7e75a83939219e73454424ff7aa6c8a9',128,'Data Source [State_preparing]','','task_item_id'),(359,'bb98cff358b7e1953b86f94a37fb14a2',128,'Data Source [State_readng_frm_nt]','','task_item_id'),(360,'160af8a5e0137bac65f8690794ccb77a',128,'Data Source [State_sending_data]','','task_item_id'),(361,'9091f4f27efa7bab803e372aa016a1d7',128,'Data Source [State_sorting_reslt]','','task_item_id'),(362,'57a9fb98d75005322d1d1f7804a2159f',128,'Data Source [State_statistics]','','task_item_id'),(363,'ef3388f1ab2690748a415e42ee6ad61c',128,'Data Source [State_updating]','','task_item_id'),(364,'44c093e23d682f4ef2e0558cb2a16d7f',128,'Data Source [State_writing_to_nt]','','task_item_id'),(365,'d9072b703a748f0ac39265d6570536e4',128,'Data Source [State_none]','','task_item_id'),(366,'bc4b35c1f300fbb2319303a394da2608',128,'Data Source [State_other]','','task_item_id'),(367,'6f563616f5aaead73e6a15cdefe9f337',129,'Data Source [Handler_commit]','','task_item_id'),(368,'995825c835aa757f00cfab801086c6a8',129,'Data Source [Handler_rollback]','','task_item_id'),(369,'ce7bb4f77fbb7e61f5356236b341e47e',129,'Data Source [Handler_savepoint]','','task_item_id'),(370,'06287c10de71eca5b83d58afcb3ce91d',129,'Data Source [Handlr_svpnt_rllbck]','','task_item_id'),(371,'c77eb9494dd806f737474340b8537a5f',130,'Data Source [Handler_write]','','task_item_id'),(372,'6920f18a96825890cf8a4bc2d54fb41e',130,'Data Source [Handler_update]','','task_item_id'),(373,'552439252e667bb86e141dc15a6d4086',130,'Data Source [Handler_delete]','','task_item_id'),(374,'e6cdd3211372b3a9663a178435e5567a',130,'Data Source [Handler_read_first]','','task_item_id'),(375,'8907324707af53aef274db82bf4b9d3d',130,'Data Source [Handler_read_key]','','task_item_id'),(376,'dded9e8d00f4bdb6435ea5f994a1881d',130,'Data Source [Handler_read_next]','','task_item_id'),(377,'fa43e5839105807fb6ceedb09f5fff2a',130,'Data Source [Handler_read_prev]','','task_item_id'),(378,'5ae0d9ae4d9ef991f8e8fdde8ed3ca78',130,'Data Source [Handler_read_rnd]','','task_item_id'),(379,'dd9000583e15a2ca9680401a1184ac68',130,'Data Source [Handler_red_rnd_nxt]','','task_item_id'),(380,'ef2e486e602e10ab8f45ea7c0ae3e140',131,'Data Source [Query_time_count_00]','','task_item_id'),(381,'66d850a77bf2ed407ec8924138ac6cdc',131,'Data Source [Query_time_count_01]','','task_item_id'),(382,'049684f4e2f53323c6c9e1a00336a023',131,'Data Source [Query_time_count_02]','','task_item_id'),(383,'6045fa65ad84b40c528bdb9a2e1294b4',131,'Data Source [Query_time_count_03]','','task_item_id'),(384,'f8b0b7d51f51a5157f6f024b13c0b231',131,'Data Source [Query_time_count_04]','','task_item_id'),(385,'661d2fffdcdb28ac8b644049ba6aae93',131,'Data Source [Query_time_count_05]','','task_item_id'),(386,'f64439f6e71817759567278a4ba40a98',131,'Data Source [Query_time_count_06]','','task_item_id'),(387,'089b5798264efd31afa9f400bd1ae1d6',131,'Data Source [Query_time_count_07]','','task_item_id'),(388,'373ca98db6fcb659aab63393bdc8e961',131,'Data Source [Query_time_count_08]','','task_item_id'),(389,'e465397db63a8600e8aadbe69c8cae6b',131,'Data Source [Query_time_count_09]','','task_item_id'),(390,'b821b3c930e5f473e64bfd25e2916aae',131,'Data Source [Query_time_count_10]','','task_item_id'),(391,'df219db2e32afb8c07c7fe85d2bd072b',131,'Data Source [Query_time_count_11]','','task_item_id'),(392,'ebd17bdec743effb94aaded4c85c060d',131,'Data Source [Query_time_count_12]','','task_item_id'),(393,'51cc45d3cdfaea3fe029df3f390065de',131,'Data Source [Query_time_count_13]','','task_item_id'),(394,'99aa486f91709bc20cf1c1050018db48',132,'Data Source [Query_time_total_00]','','task_item_id'),(395,'4be2a3660afc95af68d8a1c83d9e1cc5',132,'Data Source [Query_time_total_01]','','task_item_id'),(396,'9a0644da9d8b728abd7227ded91d1d45',132,'Data Source [Query_time_total_02]','','task_item_id'),(397,'1fc535b0b5038a548255ac78a8161a26',132,'Data Source [Query_time_total_03]','','task_item_id'),(398,'cc56da9fc3c7064621b6af10f00f8cef',132,'Data Source [Query_time_total_04]','','task_item_id'),(399,'71cd5f97e18438773169bddb96009af1',132,'Data Source [Query_time_total_05]','','task_item_id'),(400,'722d00fac05125272144bfe6667b7d37',132,'Data Source [Query_time_total_06]','','task_item_id'),(401,'7d046c351673cb06b08c77e564ae17ec',132,'Data Source [Query_time_total_07]','','task_item_id'),(402,'53ff368c219b4a7247e946d039d8ffd8',132,'Data Source [Query_time_total_08]','','task_item_id'),(403,'7bf8545736c41717fcb98bd788612807',132,'Data Source [Query_time_total_09]','','task_item_id'),(404,'44e7a4a802976e81180e7668b8b88533',132,'Data Source [Query_time_total_10]','','task_item_id'),(405,'2219c7a4b8af339e561444131fc0f072',132,'Data Source [Query_time_total_11]','','task_item_id'),(406,'53eb5638f75fac7e0c7db3dd8f301ff2',132,'Data Source [Query_time_total_12]','','task_item_id'),(407,'d423a5a09d88e35096518e480e16f055',132,'Data Source [Query_time_total_13]','','task_item_id'),(408,'97a6ba20380c2661ebfb32a5b0975ee2',133,'Data Source [pool_read_requests]','','task_item_id'),(409,'655c03f0a4fddacac153607dfd51a238',133,'Data Source [pool_reads]','','task_item_id');
/*!40000 ALTER TABLE `graph_template_input` ENABLE KEYS */;
UNLOCK TABLES;

--
-- Table structure for table `graph_template_input_defs`
--

DROP TABLE IF EXISTS `graph_template_input_defs`;
/*!40101 SET @saved_cs_client     = @@character_set_client */;
/*!40101 SET character_set_client = utf8 */;
CREATE TABLE `graph_template_input_defs` (
  `graph_template_input_id` mediumint(8) unsigned NOT NULL DEFAULT '0',
  `graph_template_item_id` int(12) unsigned NOT NULL DEFAULT '0',
  PRIMARY KEY (`graph_template_input_id`,`graph_template_item_id`),
  KEY `graph_template_input_id` (`graph_template_input_id`)
) ENGINE=InnoDB DEFAULT CHARSET=utf8mb4 COLLATE=utf8mb4_unicode_ci COMMENT='Stores the relationship for what graph items are associated';
/*!40101 SET character_set_client = @saved_cs_client */;

--
-- Dumping data for table `graph_template_input_defs`
--

LOCK TABLES `graph_template_input_defs` WRITE;
/*!40000 ALTER TABLE `graph_template_input_defs` DISABLE KEYS */;
INSERT INTO `graph_template_input_defs` VALUES (1,1),(1,2),(1,3),(1,4),(1,5),(2,6),(2,7),(2,8),(2,9),(2,10),(3,11),(3,12),(3,13),(3,14),(3,15),(3,16),(4,17),(4,18),(4,19),(4,20),(4,21),(4,22),(5,23),(5,24),(5,25),(5,26),(5,27),(5,28),(6,29),(6,30),(6,31),(6,32),(6,33),(7,34),(7,35),(7,36),(7,37),(7,38),(8,39),(8,40),(8,41),(8,42),(8,43),(9,44),(9,45),(9,46),(9,47),(9,48),(10,49),(10,50),(10,51),(10,52),(10,53),(11,54),(11,55),(11,56),(11,57),(11,58),(12,59),(12,60),(12,61),(12,62),(12,63),(13,64),(13,65),(13,66),(13,67),(13,68),(13,69),(14,70),(14,71),(14,72),(14,73),(15,74),(15,75),(15,76),(15,77),(16,86),(16,87),(16,88),(16,89),(16,90),(16,91),(17,78),(17,79),(17,80),(17,81),(18,82),(18,83),(18,84),(18,85),(19,92),(19,93),(19,94),(19,95),(20,96),(20,97),(20,98),(20,99),(21,100),(21,101),(21,102),(21,103),(21,104),(21,105),(22,106),(22,107),(22,108),(22,109),(22,110),(22,111),(24,112),(24,113),(24,114),(24,115),(24,116),(24,117),(25,118),(25,119),(25,120),(25,121),(25,122),(25,123),(26,124),(26,125),(26,126),(26,127),(27,128),(27,129),(27,130),(27,131),(28,132),(28,133),(28,134),(28,135),(29,136),(29,137),(29,138),(29,139),(30,140),(30,141),(30,142),(30,143),(31,144),(31,145),(31,146),(31,147),(31,148),(32,149),(32,150),(32,151),(32,152),(33,153),(33,154),(33,155),(33,156),(34,157),(34,158),(34,159),(34,160),(34,161),(35,162),(35,163),(35,164),(35,165),(35,166),(36,167),(36,168),(36,169),(36,170),(36,171),(37,172),(37,173),(37,174),(37,175),(37,176),(38,177),(38,178),(38,179),(38,180),(39,181),(39,182),(39,183),(39,184),(40,185),(40,186),(40,187),(40,188),(41,189),(41,190),(41,191),(41,192),(42,193),(42,194),(42,195),(42,196),(43,197),(43,198),(43,199),(43,200),(44,205),(44,206),(44,207),(44,208),(44,221),(45,209),(45,210),(45,211),(45,212),(46,213),(46,214),(46,215),(46,216),(47,217),(47,218),(47,219),(47,220),(48,222),(48,223),(48,224),(48,225),(49,226),(49,227),(49,228),(49,229),(50,230),(50,231),(50,232),(50,233),(51,234),(51,235),(51,236),(51,237),(52,238),(52,239),(52,240),(52,241),(53,242),(53,243),(53,244),(53,245),(53,246),(54,247),(54,248),(54,249),(54,250),(54,251),(55,252),(55,253),(55,254),(55,255),(56,256),(56,257),(56,258),(56,259),(57,260),(57,261),(57,262),(57,263),(58,264),(58,265),(58,266),(58,267),(59,268),(59,269),(59,270),(59,271),(60,272),(60,273),(60,274),(60,275),(61,276),(61,277),(61,278),(61,279),(62,280),(62,281),(62,282),(62,283),(62,284),(63,285),(63,286),(63,287),(63,288),(63,289),(64,290),(64,291),(64,292),(64,293),(65,290),(66,294),(66,295),(66,296),(66,297),(67,298),(67,299),(67,300),(67,301),(68,302),(68,303),(68,304),(68,305),(68,306),(69,307),(69,308),(69,309),(69,310),(69,311),(70,312),(70,313),(70,314),(70,315),(71,316),(71,317),(71,318),(71,319),(72,320),(72,321),(72,322),(72,323),(73,324),(73,325),(73,326),(73,327),(74,332),(74,333),(74,334),(74,335),(74,337),(75,328),(75,329),(75,330),(75,331),(75,336),(76,338),(76,339),(76,340),(76,341),(76,346),(77,342),(77,343),(77,344),(77,345),(78,347),(78,348),(78,349),(78,350),(78,351),(79,352),(79,353),(79,354),(79,355),(79,356),(80,357),(80,358),(80,359),(80,360),(80,361),(81,362),(81,363),(81,364),(81,365),(81,366),(81,368),(81,369),(82,370),(82,371),(82,372),(82,373),(82,374),(82,375),(83,376),(83,377),(83,378),(83,379),(83,380),(83,381),(84,388),(84,389),(84,390),(84,391),(84,392),(84,393),(85,382),(85,383),(85,384),(85,385),(85,386),(85,387),(86,398),(86,399),(86,400),(86,401),(86,403),(87,394),(87,395),(87,396),(87,397),(87,402),(88,404),(88,405),(88,406),(88,407),(88,412),(89,408),(89,409),(89,410),(89,411),(89,413),(90,414),(90,415),(90,416),(90,417),(90,418),(91,415),(92,415),(93,419),(93,420),(93,421),(93,422),(94,419),(95,419),(96,423),(96,424),(96,425),(96,426),(97,423),(98,427),(98,428),(98,429),(98,430),(98,440),(99,431),(99,432),(99,433),(99,434),(99,441),(100,435),(100,436),(100,437),(100,438),(100,442),(101,443),(101,444),(101,445),(101,446),(101,447),(102,443),(103,448),(103,449),(103,450),(103,451),(104,452),(104,453),(104,454),(104,455),(105,460),(105,461),(105,462),(105,463),(105,469),(106,456),(106,457),(106,458),(106,459),(106,468),(107,470),(107,471),(107,472),(107,473),(107,482),(108,474),(108,475),(108,476),(108,477),(108,483),(109,478),(109,479),(109,480),(109,481),(109,484),(110,497),(110,498),(110,499),(110,500),(110,504),(111,489),(111,490),(111,491),(111,492),(111,502),(112,493),(112,494),(112,495),(112,496),(112,503),(113,485),(113,486),(113,487),(113,488),(113,501),(114,505),(114,506),(114,507),(114,508),(114,509),(115,505),(116,510),(116,511),(116,512),(116,513),(116,514),(117,510),(118,523),(118,524),(118,525),(118,526),(119,519),(119,520),(119,521),(119,522),(120,515),(120,516),(120,517),(120,518),(121,531),(121,532),(121,533),(121,534),(121,535),(122,536),(122,537),(122,538),(122,539),(122,540),(123,541),(123,542),(123,543),(123,544),(123,549),(124,545),(124,546),(124,547),(124,548),(124,550),(125,551),(125,552),(125,553),(125,554),(125,559),(126,555),(126,556),(126,557),(126,558),(126,560),(127,565),(127,566),(127,567),(127,568),(127,574),(128,561),(128,562),(128,563),(128,564),(128,573),(129,575),(129,576),(129,577),(129,578),(129,583),(130,579),(130,580),(130,581),(130,582),(130,584),(131,585),(131,586),(131,587),(131,588),(131,589),(132,585),(133,590),(133,591),(133,592),(133,593),(133,598),(134,594),(134,595),(134,596),(134,597),(134,599),(135,608),(135,609),(135,610),(135,611),(135,614),(136,600),(136,601),(136,602),(136,603),(136,612),(137,604),(137,605),(137,606),(137,607),(137,613),(138,620),(138,621),(138,622),(138,623),(138,624),(138,626),(139,615),(139,616),(139,617),(139,618),(139,619),(139,625),(140,660),(140,661),(140,662),(140,663),(141,664),(141,665),(141,666),(141,667),(142,668),(142,669),(142,670),(142,671),(143,672),(143,673),(143,674),(143,675),(144,676),(144,677),(144,678),(144,679),(145,680),(145,681),(145,682),(145,683),(146,684),(146,685),(146,686),(146,687),(147,688),(147,689),(147,690),(147,691),(148,692),(148,693),(148,694),(148,695),(149,696),(149,697),(149,698),(149,699),(150,700),(150,701),(150,702),(150,703),(151,704),(151,705),(151,706),(151,707),(152,708),(152,709),(152,710),(152,711),(153,712),(153,713),(153,714),(153,715),(154,716),(154,717),(154,718),(154,719),(155,720),(155,721),(155,722),(155,723),(156,724),(156,725),(156,726),(156,727),(157,728),(157,729),(157,730),(157,731),(158,732),(158,733),(158,734),(158,735),(159,736),(159,737),(159,738),(159,739),(160,740),(160,741),(160,742),(160,743),(161,744),(161,745),(161,746),(161,747),(162,748),(162,749),(162,750),(162,751),(163,752),(163,753),(163,754),(163,755),(164,756),(164,757),(164,758),(164,759),(165,760),(165,761),(165,762),(165,763),(166,764),(166,765),(166,766),(166,767),(167,768),(167,769),(167,770),(167,771),(168,772),(168,773),(168,774),(168,775),(169,0),(170,0),(171,776),(171,777),(171,778),(171,779),(172,780),(172,781),(172,782),(172,783),(173,784),(173,785),(173,786),(173,787),(174,788),(174,789),(174,790),(174,791),(175,792),(175,793),(175,794),(175,795),(176,796),(176,797),(176,798),(176,799),(177,800),(177,801),(177,802),(177,803),(178,804),(178,805),(178,806),(178,807),(179,808),(179,809),(179,810),(179,811),(180,812),(180,813),(180,814),(180,815),(181,816),(181,817),(181,818),(181,819),(182,820),(182,821),(182,822),(182,823),(183,824),(183,825),(183,826),(183,827),(184,828),(184,829),(184,830),(184,831),(185,832),(185,833),(185,834),(185,835),(186,836),(186,837),(186,838),(186,839),(187,840),(187,841),(187,842),(187,843),(188,844),(188,845),(188,846),(188,847),(189,848),(189,849),(189,850),(189,851),(190,852),(190,853),(190,854),(190,855),(191,856),(191,857),(191,858),(191,859),(192,860),(192,861),(192,862),(192,863),(193,864),(193,865),(193,866),(193,867),(194,868),(194,869),(194,870),(194,871),(195,872),(195,873),(195,874),(195,875),(196,876),(196,877),(196,878),(196,879),(197,880),(197,881),(197,882),(197,883),(198,884),(198,885),(198,886),(198,887),(199,888),(199,889),(199,890),(199,891),(200,892),(200,893),(200,894),(200,895),(201,896),(201,897),(201,898),(201,899),(202,900),(202,901),(202,902),(202,903),(203,904),(203,905),(203,906),(203,907),(204,908),(205,909),(205,910),(205,911),(205,912),(206,913),(206,914),(206,915),(206,916),(207,917),(207,918),(207,919),(207,920),(208,921),(208,922),(208,923),(208,924),(209,925),(209,926),(209,927),(209,928),(210,929),(210,930),(210,931),(210,932),(211,933),(211,934),(211,935),(211,936),(212,937),(212,938),(212,939),(212,940),(213,941),(213,942),(213,943),(213,944),(214,945),(214,946),(214,947),(214,948),(215,949),(215,950),(215,951),(215,952),(216,953),(216,954),(216,955),(216,956),(217,957),(217,958),(217,959),(217,960),(218,961),(218,962),(218,963),(218,964),(219,965),(219,966),(219,967),(219,968),(220,969),(220,970),(220,971),(220,972),(221,973),(221,974),(221,975),(221,976),(222,977),(222,978),(222,979),(222,980),(223,981),(223,982),(223,983),(223,984),(224,985),(224,986),(224,987),(224,988),(225,989),(225,990),(226,991),(226,992),(226,993),(226,994),(227,995),(227,996),(227,997),(227,998),(228,999),(228,1000),(228,1001),(228,1002),(229,1003),(229,1004),(229,1005),(229,1006),(230,1007),(230,1008),(230,1009),(230,1010),(231,1011),(231,1012),(231,1013),(231,1014),(232,1015),(232,1016),(232,1017),(232,1018),(233,1019),(233,1020),(233,1021),(233,1022),(234,1023),(234,1024),(234,1025),(234,1026),(235,1027),(235,1028),(235,1029),(235,1030),(236,1031),(236,1032),(236,1033),(236,1034),(237,1035),(237,1036),(237,1037),(237,1038),(238,1039),(238,1040),(238,1041),(238,1042),(239,1043),(239,1044),(239,1045),(239,1046),(240,1047),(240,1048),(240,1049),(240,1050),(241,1051),(241,1052),(241,1053),(241,1054),(242,1055),(242,1056),(242,1057),(242,1058),(243,1059),(243,1060),(243,1061),(243,1062),(244,1063),(244,1064),(244,1065),(244,1066),(245,1067),(245,1068),(245,1069),(245,1070),(246,1071),(247,1072),(247,1073),(247,1074),(247,1075),(248,1076),(248,1077),(248,1078),(248,1079),(249,1080),(249,1081),(249,1082),(249,1083),(250,1084),(250,1085),(251,1086),(251,1087),(252,1088),(252,1089),(252,1090),(252,1091),(253,1092),(253,1093),(253,1094),(253,1095),(254,1096),(254,1097),(254,1098),(254,1099),(255,1100),(255,1101),(255,1102),(255,1103),(256,1104),(257,1105),(258,1106),(258,1107),(258,1108),(258,1109),(259,1110),(259,1111),(259,1112),(259,1113),(260,1114),(260,1115),(260,1116),(260,1117),(261,1118),(261,1119),(261,1120),(261,1121),(262,1122),(262,1123),(262,1124),(262,1125),(263,1126),(263,1127),(263,1128),(263,1129),(264,1130),(264,1131),(264,1132),(264,1133),(265,1134),(265,1135),(265,1136),(265,1137),(266,1138),(266,1139),(266,1140),(266,1141),(267,1142),(267,1143),(267,1144),(267,1145),(268,1146),(268,1147),(268,1148),(268,1149),(269,1150),(269,1151),(269,1152),(269,1153),(270,1154),(270,1155),(270,1156),(270,1157),(271,1158),(271,1159),(271,1160),(271,1161),(272,1162),(272,1163),(272,1164),(272,1165),(273,1166),(273,1167),(273,1168),(273,1169),(274,1170),(274,1171),(274,1172),(274,1173),(275,1174),(275,1175),(275,1176),(275,1177),(276,1178),(276,1179),(276,1180),(276,1181),(277,1182),(277,1183),(277,1184),(277,1185),(278,1186),(278,1187),(278,1188),(278,1189),(279,1190),(279,1191),(279,1192),(279,1193),(280,1194),(280,1195),(280,1196),(280,1197),(281,1198),(281,1199),(281,1200),(281,1201),(282,1202),(282,1203),(282,1204),(282,1205),(283,1206),(283,1207),(283,1208),(283,1209),(284,1210),(284,1211),(284,1212),(284,1213),(285,1214),(285,1215),(285,1216),(285,1217),(286,1218),(286,1219),(286,1220),(286,1221),(287,1222),(287,1223),(287,1224),(287,1225),(288,1226),(288,1227),(288,1228),(288,1229),(289,1230),(289,1231),(289,1232),(289,1233),(290,1234),(291,1235),(291,1236),(291,1237),(291,1238),(292,1239),(292,1240),(292,1241),(292,1242),(293,1243),(293,1244),(293,1245),(293,1246),(294,1247),(294,1248),(294,1249),(294,1250),(295,1251),(295,1252),(295,1253),(295,1254),(296,1255),(296,1256),(296,1257),(296,1258),(297,1259),(297,1260),(297,1261),(297,1262),(298,1263),(298,1264),(298,1265),(298,1266),(299,1267),(299,1268),(299,1269),(299,1270),(300,1271),(300,1272),(300,1273),(300,1274),(301,1275),(301,1276),(301,1277),(301,1278),(302,1279),(302,1280),(302,1281),(302,1282),(303,1283),(303,1284),(303,1285),(303,1286),(304,1287),(304,1288),(304,1289),(304,1290),(305,1291),(305,1292),(305,1293),(305,1294),(306,1295),(306,1296),(306,1297),(306,1298),(307,1299),(307,1300),(307,1301),(307,1302),(308,1303),(308,1304),(309,1305),(309,1306),(309,1307),(309,1308),(310,1309),(310,1310),(310,1311),(310,1312),(311,1313),(311,1314),(311,1315),(311,1316),(312,1317),(312,1318),(312,1319),(312,1320),(313,1321),(313,1322),(313,1323),(313,1324),(314,1325),(314,1326),(314,1327),(314,1328),(315,1329),(315,1330),(315,1331),(315,1332),(316,1333),(316,1334),(316,1335),(316,1336),(317,1337),(317,1338),(317,1339),(317,1340),(318,1341),(318,1342),(318,1343),(318,1344),(319,1345),(319,1346),(319,1347),(319,1348),(320,1349),(320,1350),(320,1351),(320,1352),(321,1353),(321,1354),(321,1355),(321,1356),(322,1357),(322,1358),(323,1359),(323,1360),(323,1361),(323,1362),(324,1363),(324,1364),(324,1365),(324,1366),(325,1367),(325,1368),(325,1369),(325,1370),(326,1371),(326,1372),(327,1373),(327,1374),(327,1375),(327,1376),(328,1377),(328,1378),(328,1379),(328,1380),(329,1381),(329,1382),(329,1383),(329,1384),(330,1385),(330,1386),(330,1387),(330,1388),(331,1389),(331,1390),(331,1391),(331,1392),(332,1393),(332,1394),(332,1395),(332,1396),(333,1397),(333,1398),(333,1399),(333,1400),(334,1401),(334,1402),(334,1403),(334,1404),(335,1405),(335,1406),(335,1407),(335,1408),(336,1409),(336,1410),(336,1411),(336,1412),(337,1413),(337,1414),(337,1415),(337,1416),(338,1417),(338,1418),(338,1419),(338,1420),(339,1421),(339,1422),(339,1423),(339,1424),(340,1425),(340,1426),(340,1427),(340,1428),(341,1429),(341,1430),(341,1431),(341,1432),(342,1433),(342,1434),(342,1435),(342,1436),(343,1437),(343,1438),(343,1439),(343,1440),(344,1441),(344,1442),(344,1443),(344,1444),(345,1445),(345,1446),(345,1447),(345,1448),(346,1449),(346,1450),(346,1451),(346,1452),(347,1453),(347,1454),(347,1455),(347,1456),(348,1457),(348,1458),(348,1459),(348,1460),(349,1461),(349,1462),(349,1463),(349,1464),(350,1465),(350,1466),(350,1467),(350,1468),(351,1469),(351,1470),(351,1471),(351,1472),(352,1473),(352,1474),(352,1475),(352,1476),(353,1477),(353,1478),(353,1479),(353,1480),(354,1481),(354,1482),(354,1483),(354,1484),(355,1485),(355,1486),(355,1487),(355,1488),(356,1489),(356,1490),(356,1491),(356,1492),(357,1493),(357,1494),(357,1495),(357,1496),(358,1497),(358,1498),(358,1499),(358,1500),(359,1501),(359,1502),(359,1503),(359,1504),(360,1505),(360,1506),(360,1507),(360,1508),(361,1509),(361,1510),(361,1511),(361,1512),(362,1513),(362,1514),(362,1515),(362,1516),(363,1517),(363,1518),(363,1519),(363,1520),(364,1521),(364,1522),(364,1523),(364,1524),(365,1525),(365,1526),(365,1527),(365,1528),(366,1529),(366,1530),(366,1531),(366,1532),(367,1533),(367,1534),(367,1535),(367,1536),(368,1537),(368,1538),(368,1539),(368,1540),(369,1541),(369,1542),(369,1543),(369,1544),(370,1545),(370,1546),(370,1547),(370,1548),(371,1549),(371,1550),(371,1551),(371,1552),(372,1553),(372,1554),(372,1555),(372,1556),(373,1557),(373,1558),(373,1559),(373,1560),(374,1561),(374,1562),(374,1563),(374,1564),(375,1565),(375,1566),(375,1567),(375,1568),(376,1569),(376,1570),(376,1571),(376,1572),(377,1573),(377,1574),(377,1575),(377,1576),(378,1577),(378,1578),(378,1579),(378,1580),(379,1581),(379,1582),(379,1583),(379,1584),(380,1585),(380,1586),(380,1587),(380,1588),(380,1589),(381,1590),(381,1591),(381,1592),(381,1593),(381,1594),(382,1595),(382,1596),(382,1597),(382,1598),(382,1599),(383,1600),(383,1601),(383,1602),(383,1603),(383,1604),(384,1605),(384,1606),(384,1607),(384,1608),(384,1609),(385,1610),(385,1611),(385,1612),(385,1613),(385,1614),(386,1615),(386,1616),(386,1617),(386,1618),(386,1619),(387,1620),(387,1621),(387,1622),(387,1623),(387,1624),(388,1625),(388,1626),(388,1627),(388,1628),(388,1629),(389,1630),(389,1631),(389,1632),(389,1633),(389,1634),(390,1635),(390,1636),(390,1637),(390,1638),(390,1639),(391,1640),(391,1641),(391,1642),(391,1643),(391,1644),(392,1645),(392,1646),(392,1647),(392,1648),(392,1649),(393,1650),(393,1651),(393,1652),(393,1653),(393,1654),(394,1655),(394,1656),(394,1657),(394,1658),(394,1659),(395,1660),(395,1661),(395,1662),(395,1663),(395,1664),(396,1665),(396,1666),(396,1667),(396,1668),(396,1669),(397,1670),(397,1671),(397,1672),(397,1673),(397,1674),(398,1675),(398,1676),(398,1677),(398,1678),(398,1679),(399,1680),(399,1681),(399,1682),(399,1683),(399,1684),(400,1685),(400,1686),(400,1687),(400,1688),(400,1689),(401,1690),(401,1691),(401,1692),(401,1693),(401,1694),(402,1695),(402,1696),(402,1697),(402,1698),(402,1699),(403,1700),(403,1701),(403,1702),(403,1703),(403,1704),(404,1705),(404,1706),(404,1707),(404,1708),(404,1709),(405,1710),(405,1711),(405,1712),(405,1713),(405,1714),(406,1715),(406,1716),(406,1717),(406,1718),(406,1719),(407,1720),(407,1721),(407,1722),(407,1723),(407,1724),(408,1725),(408,1726),(408,1727),(408,1728),(409,1729),(409,1730),(409,1731),(409,1732);
/*!40000 ALTER TABLE `graph_template_input_defs` ENABLE KEYS */;
UNLOCK TABLES;

--
-- Table structure for table `graph_templates`
--

DROP TABLE IF EXISTS `graph_templates`;
/*!40101 SET @saved_cs_client     = @@character_set_client */;
/*!40101 SET character_set_client = utf8 */;
CREATE TABLE `graph_templates` (
  `id` mediumint(8) unsigned NOT NULL AUTO_INCREMENT,
  `hash` char(32) COLLATE utf8mb4_unicode_ci NOT NULL DEFAULT '',
  `name` char(255) COLLATE utf8mb4_unicode_ci NOT NULL DEFAULT '',
  `multiple` char(2) COLLATE utf8mb4_unicode_ci NOT NULL DEFAULT '',
  PRIMARY KEY (`id`),
  KEY `multiple_name` (`multiple`,`name`(171)),
  KEY `name` (`name`(171))
) ENGINE=InnoDB AUTO_INCREMENT=134 DEFAULT CHARSET=utf8mb4 COLLATE=utf8mb4_unicode_ci COMMENT='Contains each graph template name.';
/*!40101 SET character_set_client = @saved_cs_client */;

--
-- Dumping data for table `graph_templates`
--

LOCK TABLES `graph_templates` WRITE;
/*!40000 ALTER TABLE `graph_templates` DISABLE KEYS */;
INSERT INTO `graph_templates` VALUES (1,'d4d9ba31d18ea0e68f8b2fd89b1dae92','Cacti Stats - Devices',''),(2,'a50a3bc4e066509b42440ab0e06621fb','Cacti Stats - Main Poller DS/RRD',''),(3,'7bb3750476173205d78e311bf6c1f29d','Cacti Stats - Boost Updates',''),(4,'9cd180035d1c3c356001443ccd3c029e','Cacti Stats - Total Poller Items',''),(5,'bb6ae539aa2820d7b37da36992bd3f12','Cacti Stats - Recache (Legacy)',''),(6,'5cd07a18f0076e900def9b79e1785861','Cacti Stats - Processes (Legacy)',''),(7,'1b9b8b6504ab7b73a8e13e8671e6c509','Cacti Stats - Boost Memory',''),(8,'ad4ea3a1098d5f10fcda988546ca9d78','Cacti Stats - User Logins',''),(9,'1457dec786872e830766b2768254f8c5','Cacti Stats - User Sessions',''),(10,'b0735807abd3052d4db6065f2411fb41','Cacti Stats - User Types',''),(11,'716619d434129b9bd90be43618b5bb54','Cacti Stats - Boost Runtime',''),(12,'d102a1438c07245d192805e90ba5e42e','Cacti Stats - Main Poller Runtime',''),(13,'51954f9e80badf0c9bc1e67777210ef5','Cacti Stats - Export Graphs (Legacy)',''),(14,'f67c5d8ba4bbdd3ecfe7b1854745cabf','Cacti Stats - Export Duration (Legacy)',''),(15,'5d893f5aee233b192e02612aff47024d','Cacti Stats - Syslog Activity',''),(16,'621277ec8450d399db596a2d171cd5b3','Cacti Stats - Syslog Runtime',''),(17,'40a91456224a4426c55934ef3413a650','Cacti Stats - Syslog Alerts/Reports',''),(18,'e706b17bc68ad7f19c398dcc8f11f8c1','Cacti Stats - Thold Runtime',''),(19,'471c9e317c6367c55ccb503317a31257','Cacti Stats - Boost Average Row Size',''),(20,'5f5f062f7e63298286ce5c898eb91cf5','Cacti Stats - Boost Records',''),(21,'a8f16dfc82c0d3ab595830e70719958d','Cacti Stats - Boost Table Size',''),(22,'c3592c9f0a195076da0fcd6c01e3d676','Cacti Stats - Boost Timing Detail',''),(23,'bac8b167f00ed98fea715c2f9c6c0aaf','Cacti Stats - Collector Runtime',''),(24,'c6cc8c783be165409c113558f8f72923','Cacti Stats - Collector Items',''),(25,'945f74875f8e03aadf6735af5c0f11e5','Cacti Stats - Collector Settings',''),(26,'ffbb6607d79c397cf7a9e038a2468c4b','Cacti Stats - Collector Recache Stats',''),(27,'52d74f16af1b03f725ac2e696dc50445','Cacti Stats - WebSeer Timing',''),(28,'7581c1bece3710774ff2be60bf2ff0cc','Cacti Stats - WebSeer Download Size',''),(29,'e4089f6ac6ae8a30cfed7445bb7cce95','Cacti Stats - WebSeer Download Speed',''),(30,'2ca099e4bb6ae26846c741b6e01c73ae','Cacti Stats - WebSeer Status',''),(31,'c666eb00d5bd1f8d24e9dfb993f073c6','Cacti Stats - Export Graphs',''),(32,'2b4c7fb3d698e6bd375cddd4dbc1e083','Cacti Stats - Export Duration',''),(33,'9a5e6d7781cc1bd6cf24f64dd6ffb423','Cisco - CPU Usage',''),(34,'cd8d52f25b080c482485b61b236a433f','Device - Polling Time',''),(35,'ab37cbed8610deeffbb20dc1fe57b330','Device - Uptime',''),(36,'5deb0d66c81262843dce5f3861be9966','Interface - Traffic (bits/sec)',''),(37,'06621cd4a9289417cadcb8f9b5cfba80','Interface - Errors/Discards',''),(38,'e0d1625a1f4776a5294583659d5cee15','Interface - Unicast Packets',''),(39,'10ca5530554da7b73dc69d291bf55d38','Interface - Non-Unicast Packets',''),(40,'df244b337547b434b486662c3c5c7472','Interface - Traffic (bytes/sec)',''),(41,'1742b2066384637022d178cc5072905a','Interface - Traffic (bits/sec, 95th)',''),(42,'13b47e10b2d5db45707d61851f69c52b','Interface - Traffic (bits/sec, BW)',''),(43,'8ad6790c22b693680e041f21d62537ac','Interface - Traffic (bytes/sec, BW)',''),(44,'d4dff05337bbf42c70cb6f73647d0d2a','Interface - Multicast Packets',''),(45,'ed3f434a9ebd2f23ab9bc173d608b3d7','Interface - Broadcast Packets',''),(46,'cf96dfb22b58e08bf101ca825377fa4b','Unix - Ping Latency',''),(47,'010b90500e1fc6a05abfd542940584d0','SNMP - Generic OID Template',''),(48,'9fe8b4da353689d376b99b2ea526cc6b','Unix - Processes',''),(49,'fe5edd777a76d48fc48c11aded5211ef','Unix - Load Average',''),(50,'63610139d44d52b195cc375636653ebd','Unix - Logged in Users',''),(51,'6992ed4df4b44f3d5595386b8298f0ec','Linux - Memory Usage',''),(52,'8e7c8a511652fe4a8e65c69f3d34779d','Unix - Available Disk Space',''),(53,'5107ec0206562e77d965ce6b852ef9d4','Net-SNMP - Load Average',''),(54,'be275639d5680e94c72c0ebb4e19056d','Net-SNMP - Memory Usage',''),(55,'e8462bbe094e4e9e814d4e681671ea82','Host MIB - Logged in Users',''),(56,'62205afbd4066e5c4700338841e3901e','Host MIB - Processes',''),(57,'eee71ec20dc7b44635ab185bbf924dc4','Net-SNMP - CPU Utilization',''),(58,'4d2bdea3c52db05896b0d9323076613d','Net-SNMP - Interrupts',''),(59,'a9a2ce15df48242361bea33f786de6ee','Net-SNMP - Context Switches',''),(60,'8eeff0b956240da5625c05d4cdbfbe7f','Net-SNMP - Combined SCSI Disk I/O',''),(61,'cf044e8a7a9d21229564265d2fa2d80c','Net-SNMP - Combined SCSI Disk Bytes',''),(62,'abb5e813c9f1e8cd6fc1e393092ef8cb','Net-SNMP - Available Disk Space',''),(63,'7489e44466abee8a7d8636cb2cb14a1a','Host MIB - Available Disk Space',''),(64,'c6bb62bedec4ab97f9db9fd780bd85a6','Host MIB - CPU Utilization',''),(65,'30cbb1cfd3602413d84757642b71666a','Net-SNMP - Device I/O - Bytes Read/Written',''),(66,'aa2984e39e8c1a1a417e4de3a06be822','Net-SNMP - Device I/O - Load Averages',''),(67,'9ac598676e55dfc08efe6e4ec7c51a0a','Net-SNMP - Device I/O - Reads/Writes',''),(68,'877b481c048c01c3b4fcf9a2a4e3b049','Percona Interrupts GT',''),(69,'314f0c9f2ceb25361f9bfd9949445227','Percona Context Switches GT',''),(70,'31428f9961951a191c874d0298b9150a','Percona Forks GT',''),(71,'507a9c78c52e367f438cad6fd2781716','Percona CPU Usage GT',''),(72,'17504f05362a21d67dd96b0b189e3bfb','Percona Load Average GT',''),(73,'5e1683831d8cccc1c9be772f3876915c','Percona Number of Users GT',''),(74,'dac88e8c07e247f5219df1daf22b66b2','Percona Memory GT',''),(75,'8dbeb686adeeea59eeebc8ff9d0f8b64','Percona Disk Operations GT',''),(76,'68b1592488c6c82028feb32290f09b58','Percona Disk Sectors Read/Written GT',''),(77,'fce265d88717037e9ee5c29c2ce1b731','Percona Disk Read/Write Time (ms) GT',''),(78,'da49174cbdd4a970a86cbec9e8600d8c','Percona Disk Read/Write Time per IO Request (ms) GT',''),(79,'f362943640a3a7e6bff64115c8c98bed','Percona Disk Elapsed IO Time (ms) GT',''),(80,'e94c80be84e14bb25bc825837d9e4ea1','Percona Disk IOPS GT',''),(81,'84d5bcafb112d1b05ce38ae69448ab55','Percona Disk Space GT',''),(82,'617aff4ec1c162eb6aa61bf2b9883388','Percona Network Traffic GT',''),(83,'2b7d92830bee46dc6443db7f8623a21e','Percona Network Errors GT',''),(84,'31945ad0f24f9761195d3748c1ce3638','Percona Network Connection States GT',''),(85,'e5c847a5205091e36d73928e2a9efb35','Percona Swap Usage GT',''),(86,'c919ea3bf4e1c5248aff68bda0225ff3','Percona Apache Requests GT',''),(87,'7a2e264c5d52cc8fe938beff86081f0e','Percona Apache Bytes GT',''),(88,'a5c83dfc0b52a746a93e4ebdcda326ef','Percona Apache CPU Load GT',''),(89,'5b1a9e8542dcf1e5fdb71ae2457c4141','Percona Apache Workers GT',''),(90,'f60b74bf26f749769ba25fc470e360ec','Percona Apache Scoreboard GT',''),(91,'897a6779370783904f450f893291c399','Percona MyISAM Indexes GT',''),(92,'f6c4f6f4c4a76edb463f6e3600edb82b','Percona MyISAM Key Cache GT',''),(93,'077946bd544f4b3e515a19570363a8ad','Percona InnoDB Buffer Pool GT',''),(94,'69880b8595e7b8b2bd8b3756eee45279','Percona InnoDB I/O GT',''),(95,'0df9e87a907312de7f8afbe2ffec93dc','Percona InnoDB Insert Buffer GT',''),(96,'902b76c7da4d21e3b27cb362eb8fe930','Percona InnoDB Insert Buffer Usage GT',''),(97,'f49cdf4bc4c63ac73a1f348c1badf5cb','Percona InnoDB Semaphores GT',''),(98,'1c3716cc7c1ab5b9eb8db1a66e242413','Percona InnoDB Row Operations GT',''),(99,'21eedc2999d70ccca66f8c438773bd22','Percona MySQL Table Locks GT',''),(100,'3bb8d8f8e1098aa38829373a8bee5520','Percona MySQL Connections GT',''),(101,'c64622707606d0ba2f7d721f22910ef9','Percona MySQL Replication GT',''),(102,'900203af2448443cee30f45d0ba1931e','Percona MySQL Query Cache GT',''),(103,'4d1b4cb6388b98ce74511c0fb7d9aea4','Percona MySQL Query Cache Memory GT',''),(104,'4311a4cab8c658b02da902ac0605145b','Percona MySQL Command Counters GT',''),(105,'58c5d9a972b983a8525bfdecdf24ea57','Percona MySQL Select Types GT',''),(106,'1cd29dabd1cc6f8e941d68453a8b20cb','Percona MySQL Sorts GT',''),(107,'ffc0ac1530d49922b2b80e6b9ee0dc0c','Percona MySQL Temporary Objects GT',''),(108,'3a72f928a8e55ef8976a85bb3a051882','Percona MySQL Network Traffic GT',''),(109,'e1331b937bc4c20f68d39851d44e93c8','Percona InnoDB Buffer Pool Activity GT',''),(110,'42761724e80a1563d4294595107b7188','Percona InnoDB I/O Pending GT',''),(111,'e2de9f7c7ac195936a47a3c4d74b98bc','Percona InnoDB Log GT',''),(112,'39993e6432afcf0061234d8817ad36bf','Percona MySQL Binary/Relay Logs GT',''),(113,'1fd005442e45b70ae097ddc0eab0209e','Percona InnoDB Transactions GT',''),(114,'b5153f8ecf6c970212c8f7697433523a','Percona InnoDB Transactions Active/Locked GT',''),(115,'33c5519751ba7a909aa507a4c95a5d19','Percona MySQL Files and Tables GT',''),(116,'51adb838f4108b4f045b050cd6754f8f','Percona MySQL Threads GT',''),(117,'601989a3763b41eec593346b447b9a96','Percona InnoDB Memory Allocation GT',''),(118,'02b0400344ac9a89f86095d7f91cfbfb','Percona InnoDB Adaptive Hash Index GT',''),(119,'1a21804cda04d082ee6a3e42e6901552','Percona InnoDB Internal Hash Memory Usage GT',''),(120,'fa44b590108e8e5be45b0032affbd127','Percona InnoDB Tables In Use GT',''),(121,'e9273e40f1e713303682668dc654f143','Percona InnoDB Current Lock Waits GT',''),(122,'105fdb1beff2a3e8097837c6633feb8f','Percona InnoDB Lock Structures GT',''),(123,'9adba8ca8bd85eaff7c6a9264006e506','Percona InnoDB Checkpoint Age GT',''),(124,'ca2b810bbf215753e04c1a14929033a9','Percona InnoDB Row Lock Time GT',''),(125,'366415f1a0d369e1abfed3e5623dc351','Percona InnoDB Row Lock Waits GT',''),(126,'a7aaf344764d1ee9a38ec386711f669a','Percona InnoDB Semaphore Waits GT',''),(127,'ad2ab681cd7ebae7cfd48f021c1b91e7','Percona InnoDB Semaphore Wait Time GT',''),(128,'92f822b723afb21114f3749df1a65dfa','Percona MySQL Processlist GT',''),(129,'eac4a013a536c06daf1d5210ee4b14c2','Percona MySQL Transaction Handler GT',''),(130,'f038b02a88db774984477d9369636c8a','Percona MySQL Handlers GT',''),(131,'5018a50a8ea76fc01a06311c13f21c49','Percona MySQL Query Time Histogram (Count) GT',''),(132,'82ab1f42b923b53de1f47cfb28df8325','Percona MySQL Query Response Time (Microseconds) GT',''),(133,'b4a2ee04d77bd8fc16555289fe38f646','Percona InnoDB Buffer Pool Efficiency GT','');
/*!40000 ALTER TABLE `graph_templates` ENABLE KEYS */;
UNLOCK TABLES;

--
-- Table structure for table `graph_templates_gprint`
--

DROP TABLE IF EXISTS `graph_templates_gprint`;
/*!40101 SET @saved_cs_client     = @@character_set_client */;
/*!40101 SET character_set_client = utf8 */;
CREATE TABLE `graph_templates_gprint` (
  `id` mediumint(8) unsigned NOT NULL AUTO_INCREMENT,
  `hash` varchar(32) COLLATE utf8mb4_unicode_ci NOT NULL DEFAULT '',
  `name` varchar(100) COLLATE utf8mb4_unicode_ci NOT NULL DEFAULT '',
  `gprint_text` varchar(255) COLLATE utf8mb4_unicode_ci DEFAULT NULL,
  PRIMARY KEY (`id`),
  KEY `name` (`name`)
) ENGINE=InnoDB AUTO_INCREMENT=13 DEFAULT CHARSET=utf8mb4 COLLATE=utf8mb4_unicode_ci;
/*!40101 SET character_set_client = @saved_cs_client */;

--
-- Dumping data for table `graph_templates_gprint`
--

LOCK TABLES `graph_templates_gprint` WRITE;
/*!40000 ALTER TABLE `graph_templates_gprint` DISABLE KEYS */;
INSERT INTO `graph_templates_gprint` VALUES (2,'e9c43831e54eca8069317a2ce8c6f751','Normal','%8.2lf %s'),(3,'19414480d6897c8731c7dc6c5310653e','Exact Numbers','%8.0lf'),(4,'304a778405392f878a6db435afffc1e9','Load Average','%4.2lf'),(5,'4e72328b57f5f2bb08a83a477b6cd10c','Percent','%8.1lf %%'),(6,'2092ed83d0986c71dc99740eef8e811c','Percona GNU/Linux Server Checksum 611ca2224c24387fc25a62daf58371a2','611ca2224c24387fc25a62daf58371a2'),(7,'aa3dce56769f195bccfd299318c541a6','Percona GNU/Linux Server Version t1.1.8:s1.1.8','t1.1.8:s1.1.8'),(8,'e9c43831e54eca8069317a2ce8c6f752','Percona Normal','%6.1lf%s'),(9,'77f3b553c351bf1e678c9b6c93a2266e','Percona Apache Server Version t1.1.8:s1.1.8','t1.1.8:s1.1.8'),(10,'259de583017cbc4be74c359930d0af12','Percona Apache Server Checksum a0f48e7d9899b8ecadc213ee0994b2ec','a0f48e7d9899b8ecadc213ee0994b2ec'),(11,'3297f1ca480049ff1a8277b24d21a965','Percona MySQL Server Checksum 8d6dfc45724333c71f5d1d45007dfdb6','8d6dfc45724333c71f5d1d45007dfdb6'),(12,'f5ce191065d85a186cf31723fdea28c8','Percona MySQL Server Version t1.1.8:s1.1.8','t1.1.8:s1.1.8');
/*!40000 ALTER TABLE `graph_templates_gprint` ENABLE KEYS */;
UNLOCK TABLES;

--
-- Table structure for table `graph_templates_graph`
--

DROP TABLE IF EXISTS `graph_templates_graph`;
/*!40101 SET @saved_cs_client     = @@character_set_client */;
/*!40101 SET character_set_client = utf8 */;
CREATE TABLE `graph_templates_graph` (
  `id` mediumint(8) unsigned NOT NULL AUTO_INCREMENT,
  `local_graph_template_graph_id` mediumint(8) unsigned NOT NULL DEFAULT '0',
  `local_graph_id` mediumint(8) unsigned NOT NULL DEFAULT '0',
  `graph_template_id` mediumint(8) unsigned NOT NULL DEFAULT '0',
  `t_image_format_id` char(2) COLLATE utf8mb4_unicode_ci DEFAULT '',
  `image_format_id` tinyint(1) NOT NULL DEFAULT '0',
  `t_title` char(2) COLLATE utf8mb4_unicode_ci DEFAULT '',
  `title` varchar(255) COLLATE utf8mb4_unicode_ci NOT NULL DEFAULT '',
  `title_cache` varchar(255) COLLATE utf8mb4_unicode_ci NOT NULL DEFAULT '',
  `t_height` char(2) COLLATE utf8mb4_unicode_ci DEFAULT '',
  `height` mediumint(8) NOT NULL DEFAULT '0',
  `t_width` char(2) COLLATE utf8mb4_unicode_ci DEFAULT '',
  `width` mediumint(8) NOT NULL DEFAULT '0',
  `t_upper_limit` char(2) COLLATE utf8mb4_unicode_ci DEFAULT '',
  `upper_limit` varchar(20) COLLATE utf8mb4_unicode_ci NOT NULL DEFAULT '0',
  `t_lower_limit` char(2) COLLATE utf8mb4_unicode_ci DEFAULT '',
  `lower_limit` varchar(20) COLLATE utf8mb4_unicode_ci NOT NULL DEFAULT '0',
  `t_vertical_label` char(2) COLLATE utf8mb4_unicode_ci DEFAULT '',
  `vertical_label` varchar(200) COLLATE utf8mb4_unicode_ci DEFAULT NULL,
  `t_slope_mode` char(2) COLLATE utf8mb4_unicode_ci DEFAULT '',
  `slope_mode` char(2) COLLATE utf8mb4_unicode_ci DEFAULT 'on',
  `t_auto_scale` char(2) COLLATE utf8mb4_unicode_ci DEFAULT '',
  `auto_scale` char(2) COLLATE utf8mb4_unicode_ci DEFAULT NULL,
  `t_auto_scale_opts` char(2) COLLATE utf8mb4_unicode_ci DEFAULT '',
  `auto_scale_opts` tinyint(1) NOT NULL DEFAULT '0',
  `t_auto_scale_log` char(2) COLLATE utf8mb4_unicode_ci DEFAULT '',
  `auto_scale_log` char(2) COLLATE utf8mb4_unicode_ci DEFAULT NULL,
  `t_scale_log_units` char(2) COLLATE utf8mb4_unicode_ci DEFAULT '',
  `scale_log_units` char(2) COLLATE utf8mb4_unicode_ci DEFAULT NULL,
  `t_auto_scale_rigid` char(2) COLLATE utf8mb4_unicode_ci DEFAULT '',
  `auto_scale_rigid` char(2) COLLATE utf8mb4_unicode_ci DEFAULT NULL,
  `t_auto_padding` char(2) COLLATE utf8mb4_unicode_ci DEFAULT '',
  `auto_padding` char(2) COLLATE utf8mb4_unicode_ci DEFAULT NULL,
  `t_base_value` char(2) COLLATE utf8mb4_unicode_ci DEFAULT '',
  `base_value` mediumint(8) NOT NULL DEFAULT '0',
  `t_grouping` char(2) COLLATE utf8mb4_unicode_ci DEFAULT '',
  `grouping` char(2) COLLATE utf8mb4_unicode_ci NOT NULL DEFAULT '',
  `t_unit_value` char(2) COLLATE utf8mb4_unicode_ci DEFAULT '',
  `unit_value` varchar(20) COLLATE utf8mb4_unicode_ci DEFAULT NULL,
  `t_unit_exponent_value` char(2) COLLATE utf8mb4_unicode_ci DEFAULT '',
  `unit_exponent_value` varchar(5) COLLATE utf8mb4_unicode_ci NOT NULL DEFAULT '',
  `t_alt_y_grid` char(2) COLLATE utf8mb4_unicode_ci DEFAULT '',
  `alt_y_grid` char(2) COLLATE utf8mb4_unicode_ci DEFAULT NULL,
  `t_right_axis` char(2) COLLATE utf8mb4_unicode_ci DEFAULT '',
  `right_axis` varchar(20) COLLATE utf8mb4_unicode_ci DEFAULT NULL,
  `t_right_axis_label` char(2) COLLATE utf8mb4_unicode_ci DEFAULT '',
  `right_axis_label` varchar(200) COLLATE utf8mb4_unicode_ci DEFAULT NULL,
  `t_right_axis_format` char(2) COLLATE utf8mb4_unicode_ci DEFAULT '',
  `right_axis_format` mediumint(8) DEFAULT NULL,
  `t_right_axis_formatter` char(2) COLLATE utf8mb4_unicode_ci DEFAULT '',
  `right_axis_formatter` varchar(10) COLLATE utf8mb4_unicode_ci DEFAULT NULL,
  `t_left_axis_formatter` char(2) COLLATE utf8mb4_unicode_ci DEFAULT '',
  `left_axis_formatter` varchar(10) COLLATE utf8mb4_unicode_ci DEFAULT NULL,
  `t_no_gridfit` char(2) COLLATE utf8mb4_unicode_ci DEFAULT '',
  `no_gridfit` char(2) COLLATE utf8mb4_unicode_ci DEFAULT NULL,
  `t_unit_length` char(2) COLLATE utf8mb4_unicode_ci DEFAULT '',
  `unit_length` varchar(10) COLLATE utf8mb4_unicode_ci DEFAULT NULL,
  `t_tab_width` char(2) COLLATE utf8mb4_unicode_ci DEFAULT '',
  `tab_width` varchar(20) COLLATE utf8mb4_unicode_ci DEFAULT '30',
  `t_dynamic_labels` char(2) COLLATE utf8mb4_unicode_ci DEFAULT '',
  `dynamic_labels` char(2) COLLATE utf8mb4_unicode_ci DEFAULT NULL,
  `t_force_rules_legend` char(2) COLLATE utf8mb4_unicode_ci DEFAULT '',
  `force_rules_legend` char(2) COLLATE utf8mb4_unicode_ci DEFAULT NULL,
  `t_legend_position` char(2) COLLATE utf8mb4_unicode_ci DEFAULT '',
  `legend_position` varchar(10) COLLATE utf8mb4_unicode_ci DEFAULT NULL,
  `t_legend_direction` char(2) COLLATE utf8mb4_unicode_ci DEFAULT '',
  `legend_direction` varchar(10) COLLATE utf8mb4_unicode_ci DEFAULT NULL,
  PRIMARY KEY (`id`),
  KEY `local_graph_id` (`local_graph_id`),
  KEY `graph_template_id` (`graph_template_id`),
  KEY `title_cache` (`title_cache`(191))
) ENGINE=InnoDB AUTO_INCREMENT=374 DEFAULT CHARSET=utf8mb4 COLLATE=utf8mb4_unicode_ci COMMENT='Stores the actual graph data.';
/*!40101 SET character_set_client = @saved_cs_client */;

--
-- Dumping data for table `graph_templates_graph`
--

LOCK TABLES `graph_templates_graph` WRITE;
/*!40000 ALTER TABLE `graph_templates_graph` DISABLE KEYS */;
INSERT INTO `graph_templates_graph` VALUES (1,0,0,1,'',1,'','Cacti Stats - Devices','','',200,'',700,'','100','','0','','totals','','on','','on','',2,'','','','','','','','on','',1000,'','','','','','','','','','','','','',0,'','0','','0','','','','','','30','','','','','','0','','0'),(2,0,0,2,'',1,'','Cacti Stats - Main Poller DS/RRD','','',200,'',700,'','100','','0','','numbers','','on','','on','',2,'','','','','','','','on','',1000,'','','','','','','','','','','','','',0,'','0','','0','','','','','','30','','','','','','0','','0'),(3,0,0,3,'',1,'','Cacti Stats - Boost Updates','','',200,'',700,'','100','','0','','transactions','','on','','on','',2,'','','','','','','','on','',1000,'','','','','','','','','','','','','',0,'','0','','0','','','','','','30','','','','','','0','','0'),(4,0,0,4,'',1,'','Cacti Stats - Total Poller Items','','',200,'',700,'','100','','0','','items','','on','','on','',2,'','','','','','','','on','',1000,'','','','','','','','','','','','','',0,'','0','','0','','','','','','30','','','','','','0','','0'),(5,0,0,5,'',1,'','Cacti Stats - Recache (Legacy)','','',200,'',700,'','100','','0','','seconds/devices','','on','','on','',2,'','','','','','','','on','',1000,'','','','','','','','','','','','','',0,'','0','','0','','','','','','30','','','','','','0','','0'),(6,0,0,6,'',1,'','Cacti Stats - Processes (Legacy)','','',200,'',700,'','100','','0','','seconds','','on','','on','',2,'','','','','','','','on','',1000,'','','','','','','','','','','','','',0,'','0','','0','','','','','','30','','','','','','0','','0'),(7,0,0,7,'',1,'','Cacti Stats - Boost Memory','','',200,'',700,'','100','','0','','memory','','on','','on','',2,'','','','','','','','on','',1024,'','','','','','','','','','','','','',0,'','0','','0','','','','','','30','','','','','','0','','0'),(8,0,0,8,'',1,'','Cacti Stats - User Logins','','',200,'',700,'','100','','0','','logins','','on','','on','',2,'','','','','','','','on','',1000,'','','','','','','','','','','','','',0,'','0','','0','','','','','','30','','','','','','0','','0'),(9,0,0,9,'',1,'','Cacti Stats - User Sessions','','',200,'',700,'','100','','0','','sessions','','on','','on','',2,'','','','','','','','on','',1000,'','','','','','','','','','','','','',0,'','0','','0','','','','','','30','','','','','','0','','0'),(10,0,0,10,'',1,'','Cacti Stats - User Types','','',200,'',700,'','100','','0','','users','','on','','on','',2,'','','','','','','','on','',1000,'','','','','','','','','','','','','',0,'','0','','0','','','','','','30','','','','','','0','','0'),(11,0,0,11,'',1,'','Cacti Stats - Boost Runtime','','',200,'',700,'','100','','0','','seconds','','on','','on','',2,'','','','','','','','on','',1000,'','','','','','','','','','','','','',0,'','0','','0','','','','','','30','','','','','','0','','0'),(12,0,0,12,'',1,'','Cacti Stats - Main Poller Runtime','','',200,'',700,'','100','','0','','seconds','','on','','on','',2,'','','','','','','','on','',1000,'','','','','','','','','','','','','',0,'','0','','0','','','','','','30','','','','','','0','','0'),(13,0,0,13,'',1,'','Cacti Stats - Export Graphs (Legacy)','','',200,'',700,'','100','','0','','graphs','','on','','on','',2,'','','','','','','','on','',1024,'','','','','','','','','','','','','',0,'','0','','0','','','','','','30','','','','','','0','','0'),(14,0,0,14,'',1,'','Cacti Stats - Export Duration (Legacy)','','',200,'',700,'','100','','0','','seconds','','on','','on','',2,'','','','','','','','on','',1000,'','','','','','','','','','','','','',0,'','0','','0','','','','','','30','','','','','','0','','0'),(15,0,0,15,'',1,'','Cacti Stats - Syslog Activity','','',200,'',700,'','100','','0','','items','','on','','on','',2,'','','','','','','','on','',1000,'','','','','','','','','','','','','',0,'','0','','0','','','','','','','','','','','','0','','0'),(16,0,0,16,'',1,'','Cacti Stats - Syslog Runtime','','',200,'',700,'','100','','0','','seconds','','on','','on','',2,'','','','','','','','on','',1000,'','','','','','','','','','','','','',0,'','0','','0','','','','','','','','','','','','0','','0'),(17,0,0,17,'',1,'','Cacti Stats - Syslog Alerts/Reports','','',200,'',700,'','100','','0','','items','','on','','on','',2,'','','','','','','','on','',1000,'','','','','','','','','','','','','',0,'','0','','0','','','','','','','','','','','','0','','0'),(18,0,0,18,'',1,'','Cacti Stats - Thold Runtime','','',200,'',700,'','100','','0','','seconds','','on','','on','',2,'','','','','','','','on','',1000,'','','','','','','','','','','','','',0,'','0','','0','','','','','','','','','','','','0','','0'),(19,0,0,19,'',1,'','Cacti Stats - Boost Average Row Size','','',200,'',700,'','100','','0','','bytes','','on','','on','',2,'','','','','','','','on','',1000,'','','','','','','','','','','','','',0,'','0','','0','','','','','','30','','','','','','0','','0'),(20,0,0,20,'',1,'','Cacti Stats - Boost Records','','',200,'',700,'','100','','0','','records','','on','','on','',2,'','','','','','','','on','',1000,'','','','','','','','','','','','','',0,'','0','','0','','','','','','','','','','','','0','','0'),(21,0,0,21,'',1,'','Cacti Stats - Boost Table Size','','',200,'',700,'','100','','0','','bytes','','on','','on','',2,'','','','','','','','on','',1000,'','','','','','','','','','','','','',0,'','0','','0','','','','','','','','','','','','0','','0'),(22,0,0,22,'',1,'','Cacti Stats - Boost Timing Detail','','',200,'',700,'','100','','0','','seconds','','on','','on','',2,'','','','','','','','on','',1000,'','','','','','','','','','','','','',0,'','0','','0','','','','','','','','','','','','0','','0'),(23,0,0,23,'',1,'','|query_pollerName| - Collector Runtime','','',200,'',700,'','100','','0','','seconds','','on','','on','',2,'','','','','','','','on','',1000,'','','','','','','','','','','','','',0,'','0','','0','','','','','','','','','','','','0','','0'),(24,0,0,24,'',1,'','|query_pollerName| - Collector Items','','',200,'',700,'','100','','0','','items','','on','','on','',2,'','','','','','','','on','',1000,'','','','','','','','','','','','','',0,'','0','','0','','','','','','','','','','','','0','','0'),(25,0,0,25,'',1,'','|query_pollerName| - Collector Settings','','',200,'',700,'','100','','0','','settings','','on','','on','',2,'','','','','','','','on','',1000,'','','','','','','','','','','','','',0,'','0','','0','','','','','','','','','','','','0','','0'),(26,0,0,26,'',1,'','Cacti Stats - Recache (Legacy)','','',200,'',700,'','100','','0','','seconds/devices','','on','','on','',2,'','','','','','','','on','',1000,'','','','','','','','','','','','','',0,'','0','','0','','','','','','30','','','','','','0','','0'),(27,0,0,27,'',1,'','WebSeer - |query_webseerName| - Timing','','',200,'',700,'','100','','0','','seconds','','on','','on','',2,'','','','','','','','on','',1000,'','','','','','','','','','','','','',0,'','0','','0','','','','','','','','','','','','0','','0'),(28,0,0,28,'',1,'','WebSeer - |query_webseerName| - Download Size','','',200,'',700,'','100','','0','','bytes','','on','','on','',2,'','','','','','','','on','',1000,'','','','','','','','','','','','','',0,'','0','','0','','','','','','','','','','','','0','','0'),(29,0,0,29,'',1,'','WebSeer - |query_webseerName| - Download Speed','','',200,'',700,'','100','','0','','bytes/second','','on','','on','',2,'','','','','','','','on','',1000,'','','','','','','','','','','','','',0,'','0','','0','','','','','','','','','','','','0','','0'),(30,0,0,30,'',1,'','WebSeer - |query_webseerName| - Status','','',200,'',700,'','100','','0','','status','','on','','on','',2,'','','','','','','','on','',1000,'','','','','','','','','','','','','',0,'','0','','0','','','','','','','','','','','','0','','0'),(31,0,0,31,'',1,'','|query_exportName| - Exported Graphs','','',200,'',700,'','100','','0','','graphs','','on','','on','',2,'','','','','','','','on','',1000,'','','','','','','','','','','','','',0,'','0','','0','','','','','','','','','','','','0','','0'),(32,0,0,32,'',1,'','|query_exportName| - Export Duration','','',200,'',700,'','100','','0','','seconds','','on','','on','',2,'','','','','','','','on','',1000,'','','','','','','','','','','','','',0,'','0','','0','','','','','','','','','','','','0','','0'),(33,0,0,33,'',1,'','|host_description| - CPU Usage','','',200,'',700,'','100','','0','','percent','','on','','on','',2,'','','','','','on','','on','',1000,'','','','','','','','','','','','','',0,'','0','','0','','','','','','40','','','','','','0','','0'),(34,0,0,34,'',1,'','|host_description| - Polling Time','','',200,'',700,'','100','','0','','seconds','','on','','on','',2,'','','','','','','','on','',1000,'','','','','','','','','','','','','',0,'','0','','0','','','','','','','','','','','','0','','0'),(35,0,0,35,'',1,'','|host_description| - Uptime','','',200,'',700,'','100','','0','','days','','on','','on','',2,'','','','','','','','on','',1000,'','','','','','','','','','','','','',0,'','0','','0','','','','','','','','','','','','0','','0'),(36,0,0,36,'',1,'on','|host_description| - Traffic','','',200,'',700,'','100','','0','','bits per second','','on','','on','',2,'','','','','','on','','on','',1000,'','','','','','','','','','','','','',0,'','0','','0','','','','','','','','','','','','0','','0'),(37,0,0,37,'',1,'on','|host_description| - Errors/Discards','','',200,'',700,'','100','','0','','errors/sec','','on','','on','',2,'','','','','','on','','on','',1000,'','','','','','','','','','','','','',0,'','','','','','','','','','','','','','','','','',''),(38,0,0,38,'',1,'on','|host_description| - Unicast Packets','','',200,'',700,'','100','','0','','packets/sec','','on','','on','',2,'','','','','','on','','on','',1000,'','','','','','','','','','','','','',0,'','','','','','','','','','','','','','','','','',''),(39,0,0,39,'',1,'on','|host_description| - Non-Unicast Packets','','',200,'',700,'','100','','0','','packets/sec','','on','','on','',2,'','','','','','on','','on','',1000,'','','','','','','','','','','','','',0,'','0','','0','','','','','','','','','','','','0','','0'),(40,0,0,40,'',1,'on','|host_description| - Traffic','','',200,'',700,'','100','','0','','bytes per second','','on','','on','',2,'','','','','','on','','on','',1000,'','','','','','','','','','','','','',0,'','','','','','','','','','','','','','','','','',''),(41,0,0,41,'',1,'on','|host_description| - Traffic','','',200,'',700,'','100','','0','','bits per second','','on','','on','',2,'','','','','','on','','on','',1000,'','','','','','','','','','','','','',0,'','0','','0','','','','','','','','','','','','0','','0'),(42,0,0,42,'',1,'on','|host_description| - Traffic','','',200,'',700,'','100','','0','','bits per second','','on','','on','',2,'','','','','','on','','on','',1000,'','','','','','','','','','','','','',0,'','0','','0','','','','','','','','','','','','0','','0'),(43,0,0,43,'',1,'on','|host_description| - Traffic','','',200,'',700,'','100','','0','','bytes per second','','on','','on','',2,'','','','','','on','','on','',1000,'','','','','','','','','','','','','',0,'','0','','0','','','','','','','','','','','','0','','0'),(44,0,0,44,'',1,'on','|host_description| - Multicast Packets','','',200,'',700,'','100','','0','','packets/sec','','on','','on','',2,'','','','','','on','','on','',1000,'','','','','','','','','','','','','',0,'','0','','0','','','','','','','','','','','','0','','0'),(45,0,0,45,'',1,'on','|host_description| - Broadcast Packets','','',200,'',700,'','100','','0','','packets/sec','','on','','on','',2,'','','','','','on','','on','',1000,'','','','','','','','','','','','','',0,'','0','','0','','','','','','','','','','','','0','','0'),(46,0,0,46,'',1,'','|host_description| - Ping Latency','','',200,'',700,'','100','','0','','milliseconds','','on','','on','',2,'','','','','','','','on','',1000,'','','','','','','','','','','','','',0,'','','','','','','','','','40','','','','','','','',''),(47,0,0,47,'',1,'on','|host_description| -','','',200,'',700,'','100','','0','on','','','on','','on','',2,'','','','','','','','on','',1000,'','','','','','','','','','','','','',0,'','0','','0','','','','','','40','','','','','','0','','0'),(48,0,0,48,'',1,'','|host_description| - Processes','','',200,'',700,'','100','','0','','processes','','on','','on','',2,'','','','','','','','on','',1000,'','','','','','','','','','','','','',0,'','0','','0','','','','','','40','','','','','','0','','0'),(49,0,0,49,'',1,'','|host_description| - Load Average','','',200,'',700,'','100','','0','','run que length','','on','','on','',2,'','','','','','on','','on','',1000,'','','','','','0','','','','','','','',0,'','0','','0','','','','','','40','','','','','','0','','0'),(50,0,0,50,'',1,'','|host_description| - Logged in Users','','',200,'',700,'','100','','0','','users','','on','','on','',2,'','','','','','on','','on','',1000,'','','','','','','','','','','','','',0,'','','','','','','','','','40','','','','','','','',''),(51,0,0,51,'',1,'','|host_description| - Memory Usage','','',200,'',700,'','100','','0','','kilobytes','','on','','on','',2,'','','','','','on','','on','',1000,'','','','','','','','','','','','','',0,'','','','','','','','','','40','','','','','','','',''),(52,0,0,52,'',1,'on','|host_description| - Available Disk Space','','',200,'',700,'','100','','0','','bytes','','on','','on','',2,'','','','','','on','','on','',1024,'','','','','','','','','','','','','',0,'','','','','','','','','','40','','','','','','','',''),(53,0,0,53,'',1,'','|host_description| - Load Average','','',200,'',700,'','100','','0','','run queue','','on','','on','',2,'','','','','','on','','on','',1000,'','','','','','','','','','','','','',0,'','0','','0','','','','','','40','','','','','','0','','0'),(54,0,0,54,'',1,'','|host_description| - Memory Usage','','',200,'',700,'','100','','0','','bytes','','on','','on','',2,'','','','','','on','','on','',1000,'','','','','','','','','','','','','',0,'','0','','0','','','','','','40','','','','','','0','','0'),(55,0,0,55,'',1,'','|host_description| - Logged in Users','','',200,'',700,'','100','','0','','users','','on','','on','',2,'','','','','','on','','on','',1000,'','','','','','','','','','','','','',0,'','','','','','','','','','40','','','','','','','',''),(56,0,0,56,'',1,'','|host_description| - Processes','','',200,'',700,'','100','','0','','processes','','on','','on','',2,'','','','','','','','on','',1000,'','','','','','','','','','','','','',0,'','','','','','','','','','40','','','','','','','',''),(57,0,0,57,'',1,'','|host_description| - CPU Utilization','','',200,'',700,'','100','','0','','percent','','on','','on','',2,'','','','','','','','on','',1000,'','','','','','','','','','','','','',0,'','','','','','','','','','','','','','','','','',''),(58,0,0,58,'',1,'','|host_description| - Interrupts','','',200,'',700,'','100','','0','','Interrupts','','on','','on','',2,'','','','','','','','on','',1000,'','','','','','','','','','','','','',0,'','','','','','','','','','','','','','','','','',''),(59,0,0,59,'',1,'','|host_description| - Context Switches','','',200,'',700,'','100','','0','','Context Switches','','on','','on','',2,'','','','','','','','on','',1000,'','','','','','','','','','','','','',0,'','0','','0','','','','','','','','','','','','0','','0'),(60,0,0,60,'',1,'','|host_description| - Combined SCSI Disk I/O','','',200,'',700,'','100','','0','','operations/second','','on','','on','',2,'','','','','','','','on','',1000,'','','','','','','','','','','','','',0,'','0','','0','','','','','','','','','','','','0','','0'),(61,0,0,61,'',1,'','|host_description| - Combined SCSI Disk Bytes','','',200,'',700,'','100','','0','','bytes/second','','on','','on','',2,'','','','','','','','on','',1000,'','','','','','','','','','','','','',0,'','0','','0','','','','','','','','','','','','0','','0'),(62,0,0,62,'',1,'on','|host_description| - Hard Drive Space','','',200,'',700,'','100','','0','','bytes','','on','','on','',2,'','','','','','on','','on','',1024,'','','','','','','','','','','','','',0,'','0','','0','','','','','','40','','','','','','0','','0'),(63,0,0,63,'',1,'on','|host_description| - Available Disk Space','','',200,'',700,'','100','','0','','bytes','','on','','on','',2,'','','','','','on','','on','',1024,'','','','','','','','','','','','','',0,'','','','','','','','','','40','','','','','','','',''),(64,0,0,64,'',1,'on','|host_description| - CPU Utilization','','',200,'',700,'','110','','0','','percent','','on','','','',2,'','','','','','on','','on','',1000,'','','','','','','','','','','','','',0,'','0','','0','','','','','','40','','','','','','0','','0'),(65,0,0,65,'',1,'','|host_description| - Device I/O - Bytes Read/Written |query_diskIODevice|','','',200,'',700,'','0','','0','','Bytes Read/Written','','on','','on','',2,'','','','','','','','on','',1024,'','','','','','','','','','','','','',0,'','','','','','','','','','','','','','','','','',''),(66,0,0,66,'',1,'','|host_description| - Device I/O - Load Averages - |query_diskIODevice|','','',200,'',700,'','100','','0','','Load Average','','on','','on','',2,'','','','','','','','on','',1000,'','','','','','','','','','','','','',0,'','0','','0','','','','','','','','','','','','0','','0'),(67,0,0,67,'',1,'','|host_description| - Device I/O - Reads/Writes |query_diskIODevice|','','',200,'',700,'','0','','0','','Reads/Writes','','on','','on','',2,'','','','','','','','on','',1000,'','','','','','','','','','','','','',0,'','','','','','','','','','','','','','','','','',''),(69,49,2,49,'',1,'','|host_description| - Load Average','d5 - Load Average','',200,'',700,'','100','','0','','run que length','','on','','on','',2,'','','','','','on','','on','',1000,'','','','','','0','','','','','','','',0,'','0','','0','','','','','','40','','','','','','0','','0'),(70,50,3,50,'',1,'','|host_description| - Logged in Users','d5 - Logged in Users','',200,'',700,'','100','','0','','users','','on','','on','',2,'','','','','','on','','on','',1000,'','','','','','','','','','','','','',0,'','','','','','','','','','40','','','','','','','',''),(71,51,4,51,'',1,'','|host_description| - Memory Usage','d5 - Memory Usage','',200,'',700,'','100','','0','','kilobytes','','on','','on','',2,'','','','','','on','','on','',1000,'','','','','','','','','','','','','',0,'','','','','','','','','','40','','','','','','','',''),(72,0,0,68,'',1,'','|host_description| - Interrupts','','',120,'',500,'','0','','0','','','','on','','on','',2,'','','',NULL,'','','','on','',1000,'','','','','','','',NULL,'',NULL,'',NULL,'',NULL,'',NULL,'',NULL,'',NULL,'',NULL,'','30','',NULL,'',NULL,'',NULL,'',NULL),(73,0,0,69,'',1,'','|host_description| - Context Switches','','',120,'',500,'','0','','0','','','','on','','on','',2,'','','',NULL,'','','','on','',1000,'','','','','','','',NULL,'',NULL,'',NULL,'',NULL,'',NULL,'',NULL,'',NULL,'',NULL,'','30','',NULL,'',NULL,'',NULL,'',NULL),(74,0,0,70,'',1,'','|host_description| - Forks','','',120,'',500,'','0','','0','','','','on','','on','',2,'','','',NULL,'','','','on','',1000,'','','','','','','',NULL,'',NULL,'',NULL,'',NULL,'',NULL,'',NULL,'',NULL,'',NULL,'','30','',NULL,'',NULL,'',NULL,'',NULL),(75,0,0,71,'',1,'','|host_description| - CPU Usage','','',120,'',500,'','0','','0','','','','on','','on','',2,'','','',NULL,'','','','on','',1000,'','','','','','','',NULL,'',NULL,'',NULL,'',NULL,'',NULL,'',NULL,'',NULL,'',NULL,'','30','',NULL,'',NULL,'',NULL,'',NULL),(76,0,0,72,'',1,'','|host_description| - Load Average','','',120,'',500,'','0','','0','','','','on','','on','',2,'','','',NULL,'','','','on','',1000,'','','','','','','',NULL,'',NULL,'',NULL,'',NULL,'',NULL,'',NULL,'',NULL,'',NULL,'','30','',NULL,'',NULL,'',NULL,'',NULL),(77,0,0,73,'',1,'','|host_description| - Number of Users','','',120,'',500,'','0','','0','','','','on','','on','',2,'','','',NULL,'','','','on','',1000,'','','','','','','',NULL,'',NULL,'',NULL,'',NULL,'',NULL,'',NULL,'',NULL,'',NULL,'','30','',NULL,'',NULL,'',NULL,'',NULL),(78,0,0,74,'',1,'','|host_description| - Memory','','',120,'',500,'','0','','0','','','','on','','on','',2,'','','',NULL,'','','','on','',1024,'','','','','','','',NULL,'',NULL,'',NULL,'',NULL,'',NULL,'',NULL,'',NULL,'',NULL,'','30','',NULL,'',NULL,'',NULL,'',NULL),(79,0,0,75,'',1,'on','|host_description| - Disk Operations','','',120,'',500,'','0','','0','','','','on','','on','',2,'','','',NULL,'','','','on','',1000,'','','','','','','',NULL,'',NULL,'',NULL,'',NULL,'',NULL,'',NULL,'',NULL,'',NULL,'','30','',NULL,'',NULL,'',NULL,'',NULL),(80,0,0,76,'',1,'on','|host_description| - Disk Sectors Read/Written','','',120,'',500,'','0','','0','','','','on','','on','',2,'','','',NULL,'','','','on','',1024,'','','','','','','',NULL,'',NULL,'',NULL,'',NULL,'',NULL,'',NULL,'',NULL,'',NULL,'','30','',NULL,'',NULL,'',NULL,'',NULL),(81,0,0,77,'',1,'on','|host_description| - Disk Read/Write Time (ms)','','',120,'',500,'','0','','0','','','','on','','on','',2,'','','',NULL,'','','','on','',1000,'','','','','','','',NULL,'',NULL,'',NULL,'',NULL,'',NULL,'',NULL,'',NULL,'',NULL,'','30','',NULL,'',NULL,'',NULL,'',NULL),(82,0,0,78,'',1,'','|host_description| - Disk Read/Write Time per IO Request (ms)','','',120,'',500,'','0','','0','','','','on','','on','',2,'','','',NULL,'','','','on','',1024,'','','','','','','',NULL,'',NULL,'',NULL,'',NULL,'',NULL,'',NULL,'',NULL,'',NULL,'','30','',NULL,'',NULL,'',NULL,'',NULL),(83,0,0,79,'',1,'on','|host_description| - Disk Elapsed IO Time (ms)','','',120,'',500,'','0','','0','','','','on','','on','',2,'','','',NULL,'','','','on','',1000,'','','','','','','',NULL,'',NULL,'',NULL,'',NULL,'',NULL,'',NULL,'',NULL,'',NULL,'','30','',NULL,'',NULL,'',NULL,'',NULL),(84,0,0,80,'',1,'on','|host_description| - Disk IOPS','','',120,'',500,'','0','','0','','','','on','','on','',2,'','','',NULL,'','','','on','',1000,'','','','','','','',NULL,'',NULL,'',NULL,'',NULL,'',NULL,'',NULL,'',NULL,'',NULL,'','30','',NULL,'',NULL,'',NULL,'',NULL),(85,0,0,81,'',1,'on','|host_description| - Disk Space','','',120,'',500,'','0','','0','','','','on','','on','',2,'','','',NULL,'','','','on','',1024,'','','','','','','',NULL,'',NULL,'',NULL,'',NULL,'',NULL,'',NULL,'',NULL,'',NULL,'','30','',NULL,'',NULL,'',NULL,'',NULL),(86,0,0,82,'',1,'on','|host_description| - Network Traffic','','',120,'',500,'','0','','0','','','','on','','on','',2,'','','',NULL,'','','','on','',1024,'','','','','','','',NULL,'',NULL,'',NULL,'',NULL,'',NULL,'',NULL,'',NULL,'',NULL,'','30','',NULL,'',NULL,'',NULL,'',NULL),(87,0,0,83,'',1,'on','|host_description| - Network Errors','','',120,'',500,'','0','','0','','','','on','','on','',2,'','','',NULL,'','','','on','',1000,'','','','','','','',NULL,'',NULL,'',NULL,'',NULL,'',NULL,'',NULL,'',NULL,'',NULL,'','30','',NULL,'',NULL,'',NULL,'',NULL),(88,0,0,84,'',1,'on','|host_description| - Network Connection States','','',120,'',500,'','0','','0','','','','on','','on','',2,'','','',NULL,'','','','on','',1000,'','','','','','','',NULL,'',NULL,'',NULL,'',NULL,'',NULL,'',NULL,'',NULL,'',NULL,'','30','',NULL,'',NULL,'',NULL,'',NULL),(89,0,0,85,'',1,'on','|host_description| - Swap Usage','','',120,'',500,'','0','','0','','','','on','','on','',2,'','','',NULL,'','','','on','',1000,'','','','','','','',NULL,'',NULL,'',NULL,'',NULL,'',NULL,'',NULL,'',NULL,'',NULL,'','30','',NULL,'',NULL,'',NULL,'',NULL),(90,0,0,86,'',1,'','|host_description| - Apache Requests','','',120,'',500,'','0','','0','','','','on','','on','',2,'','','',NULL,'','','','on','',1000,'','','','','','','',NULL,'',NULL,'',NULL,'',NULL,'',NULL,'',NULL,'',NULL,'',NULL,'','30','',NULL,'',NULL,'',NULL,'',NULL),(91,0,0,87,'',1,'','|host_description| - Apache Bytes','','',120,'',500,'','0','','0','','','','on','','on','',2,'','','',NULL,'','','','on','',1024,'','','','','','','',NULL,'',NULL,'',NULL,'',NULL,'',NULL,'',NULL,'',NULL,'',NULL,'','30','',NULL,'',NULL,'',NULL,'',NULL),(92,0,0,88,'',1,'','|host_description| - Apache CPU Load','','',120,'',500,'','0','','0','','','','on','','on','',2,'','','',NULL,'','','','on','',1000,'','','','','','','',NULL,'',NULL,'',NULL,'',NULL,'',NULL,'',NULL,'',NULL,'',NULL,'','30','',NULL,'',NULL,'',NULL,'',NULL),(93,0,0,89,'',1,'','|host_description| - Apache Workers','','',120,'',500,'','0','','0','','','','on','','on','',2,'','','',NULL,'','','','on','',1000,'','','','','','','',NULL,'',NULL,'',NULL,'',NULL,'',NULL,'',NULL,'',NULL,'',NULL,'','30','',NULL,'',NULL,'',NULL,'',NULL),(94,0,0,90,'',1,'','|host_description| - Apache Scoreboard','','',120,'',500,'','0','','0','','','','on','','on','',2,'','','',NULL,'','','','on','',1000,'','','','','','','',NULL,'',NULL,'',NULL,'',NULL,'',NULL,'',NULL,'',NULL,'',NULL,'','30','',NULL,'',NULL,'',NULL,'',NULL),(95,0,0,91,'',1,'','|host_description| - MyISAM Indexes','','',120,'',500,'','0','','0','','','','on','','on','',2,'','','',NULL,'','','','on','',1000,'','','','','','','',NULL,'',NULL,'',NULL,'',NULL,'',NULL,'',NULL,'',NULL,'',NULL,'','30','',NULL,'',NULL,'',NULL,'',NULL),(96,0,0,92,'',1,'','|host_description| - MyISAM Key Cache','','',120,'',500,'','0','','0','','','','on','','on','',2,'','','',NULL,'','','','on','',1024,'','','','','','','',NULL,'',NULL,'',NULL,'',NULL,'',NULL,'',NULL,'',NULL,'',NULL,'','30','',NULL,'',NULL,'',NULL,'',NULL),(97,0,0,93,'',1,'','|host_description| - InnoDB Buffer Pool','','',120,'',500,'','0','','0','','','','on','','on','',2,'','','',NULL,'','','','on','',1024,'','','','','','','',NULL,'',NULL,'',NULL,'',NULL,'',NULL,'',NULL,'',NULL,'',NULL,'','30','',NULL,'',NULL,'',NULL,'',NULL),(98,0,0,94,'',1,'','|host_description| - InnoDB I/O','','',120,'',500,'','0','','0','','','','on','','on','',2,'','','',NULL,'','','','on','',1000,'','','','','','','',NULL,'',NULL,'',NULL,'',NULL,'',NULL,'',NULL,'',NULL,'',NULL,'','30','',NULL,'',NULL,'',NULL,'',NULL),(99,0,0,95,'',1,'','|host_description| - InnoDB Insert Buffer','','',120,'',500,'','0','','0','','','','on','','on','',2,'','','',NULL,'','','','on','',1000,'','','','','','','',NULL,'',NULL,'',NULL,'',NULL,'',NULL,'',NULL,'',NULL,'',NULL,'','30','',NULL,'',NULL,'',NULL,'',NULL),(100,0,0,96,'',1,'','|host_description| - InnoDB Insert Buffer Usage','','',120,'',500,'','0','','0','','','','on','','on','',2,'','','',NULL,'','','','on','',1000,'','','','','','','',NULL,'',NULL,'',NULL,'',NULL,'',NULL,'',NULL,'',NULL,'',NULL,'','30','',NULL,'',NULL,'',NULL,'',NULL),(101,0,0,97,'',1,'','|host_description| - InnoDB Semaphores','','',120,'',500,'','0','','0','','','','on','','on','',2,'','','',NULL,'','','','on','',1000,'','','','','','','',NULL,'',NULL,'',NULL,'',NULL,'',NULL,'',NULL,'',NULL,'',NULL,'','30','',NULL,'',NULL,'',NULL,'',NULL),(102,0,0,98,'',1,'','|host_description| - InnoDB Row Operations','','',120,'',500,'','0','','0','','','','on','','on','',2,'','','',NULL,'','','','on','',1000,'','','','','','','',NULL,'',NULL,'',NULL,'',NULL,'',NULL,'',NULL,'',NULL,'',NULL,'','30','',NULL,'',NULL,'',NULL,'',NULL),(103,0,0,99,'',1,'','|host_description| - MySQL Table Locks','','',120,'',500,'','0','','0','','','','on','','on','',2,'','','',NULL,'','','','on','',1000,'','','','','','','',NULL,'',NULL,'',NULL,'',NULL,'',NULL,'',NULL,'',NULL,'',NULL,'','30','',NULL,'',NULL,'',NULL,'',NULL),(104,0,0,100,'',1,'','|host_description| - MySQL Connections','','',120,'',500,'','0','','0','','','','on','','on','',2,'','','',NULL,'','','','on','',1000,'','','','','','','',NULL,'',NULL,'',NULL,'',NULL,'',NULL,'',NULL,'',NULL,'',NULL,'','30','',NULL,'',NULL,'',NULL,'',NULL),(105,0,0,101,'',1,'','|host_description| - MySQL Replication','','',120,'',500,'','0','','0','','','','on','','on','',2,'','','',NULL,'','','','on','',1000,'','','','','','','',NULL,'',NULL,'',NULL,'',NULL,'',NULL,'',NULL,'',NULL,'',NULL,'','30','',NULL,'',NULL,'',NULL,'',NULL),(106,0,0,102,'',1,'','|host_description| - MySQL Query Cache','','',120,'',500,'','0','','0','','','','on','','on','',2,'','','',NULL,'','','','on','',1024,'','','','','','','',NULL,'',NULL,'',NULL,'',NULL,'',NULL,'',NULL,'',NULL,'',NULL,'','30','',NULL,'',NULL,'',NULL,'',NULL),(107,0,0,103,'',1,'','|host_description| - MySQL Query Cache Memory','','',120,'',500,'','0','','0','','','','on','','on','',2,'','','',NULL,'','','','on','',1024,'','','','','','','',NULL,'',NULL,'',NULL,'',NULL,'',NULL,'',NULL,'',NULL,'',NULL,'','30','',NULL,'',NULL,'',NULL,'',NULL),(108,0,0,104,'',1,'','|host_description| - MySQL Command Counters','','',120,'',500,'','0','','0','','','','on','','on','',2,'','','',NULL,'','','','on','',1000,'','','','','','','',NULL,'',NULL,'',NULL,'',NULL,'',NULL,'',NULL,'',NULL,'',NULL,'','30','',NULL,'',NULL,'',NULL,'',NULL),(109,0,0,105,'',1,'','|host_description| - MySQL Select Types','','',120,'',500,'','0','','0','','','','on','','on','',2,'','','',NULL,'','','','on','',1000,'','','','','','','',NULL,'',NULL,'',NULL,'',NULL,'',NULL,'',NULL,'',NULL,'',NULL,'','30','',NULL,'',NULL,'',NULL,'',NULL),(110,0,0,106,'',1,'','|host_description| - MySQL Sorts','','',120,'',500,'','0','','0','','','','on','','on','',2,'','','',NULL,'','','','on','',1000,'','','','','','','',NULL,'',NULL,'',NULL,'',NULL,'',NULL,'',NULL,'',NULL,'',NULL,'','30','',NULL,'',NULL,'',NULL,'',NULL),(111,0,0,107,'',1,'','|host_description| - MySQL Temporary Objects','','',120,'',500,'','0','','0','','','','on','','on','',2,'','','',NULL,'','','','on','',1000,'','','','','','','',NULL,'',NULL,'',NULL,'',NULL,'',NULL,'',NULL,'',NULL,'',NULL,'','30','',NULL,'',NULL,'',NULL,'',NULL),(112,0,0,108,'',1,'','|host_description| - MySQL Network Traffic','','',120,'',500,'','0','','0','','','','on','','on','',2,'','','',NULL,'','','','on','',1024,'','','','','','','',NULL,'',NULL,'',NULL,'',NULL,'',NULL,'',NULL,'',NULL,'',NULL,'','30','',NULL,'',NULL,'',NULL,'',NULL),(113,0,0,109,'',1,'','|host_description| - InnoDB Buffer Pool Activity','','',120,'',500,'','0','','0','','','','on','','on','',2,'','','',NULL,'','','','on','',1024,'','','','','','','',NULL,'',NULL,'',NULL,'',NULL,'',NULL,'',NULL,'',NULL,'',NULL,'','30','',NULL,'',NULL,'',NULL,'',NULL),(114,0,0,110,'',1,'','|host_description| - InnoDB I/O Pending','','',120,'',500,'','0','','0','','','','on','','on','',2,'','','',NULL,'','','','on','',1000,'','','','','','','',NULL,'',NULL,'',NULL,'',NULL,'',NULL,'',NULL,'',NULL,'',NULL,'','30','',NULL,'',NULL,'',NULL,'',NULL),(115,0,0,111,'',1,'','|host_description| - InnoDB Log','','',120,'',500,'','0','','0','','','','on','','on','',2,'','','',NULL,'','','','on','',1024,'','','','','','','',NULL,'',NULL,'',NULL,'',NULL,'',NULL,'',NULL,'',NULL,'',NULL,'','30','',NULL,'',NULL,'',NULL,'',NULL),(116,0,0,112,'',1,'','|host_description| - MySQL Binary/Relay Logs','','',120,'',500,'','0','','0','','','','on','','on','',2,'','','',NULL,'','','','on','',1024,'','','','','','','',NULL,'',NULL,'',NULL,'',NULL,'',NULL,'',NULL,'',NULL,'',NULL,'','30','',NULL,'',NULL,'',NULL,'',NULL),(117,0,0,113,'',1,'','|host_description| - InnoDB Transactions','','',120,'',500,'','0','','0','','','','on','','on','',2,'','','',NULL,'','','','on','',1000,'','','','','','','',NULL,'',NULL,'',NULL,'',NULL,'',NULL,'',NULL,'',NULL,'',NULL,'','30','',NULL,'',NULL,'',NULL,'',NULL),(118,0,0,114,'',1,'','|host_description| - InnoDB Transactions Active/Locked','','',120,'',500,'','0','','0','','','','on','','on','',2,'','','',NULL,'','','','on','',1000,'','','','','','','',NULL,'',NULL,'',NULL,'',NULL,'',NULL,'',NULL,'',NULL,'',NULL,'','30','',NULL,'',NULL,'',NULL,'',NULL),(119,0,0,115,'',1,'','|host_description| - MySQL Files and Tables','','',120,'',500,'','0','','0','','','','on','','on','',2,'','','',NULL,'','','','on','',1000,'','','','','','','',NULL,'',NULL,'',NULL,'',NULL,'',NULL,'',NULL,'',NULL,'',NULL,'','30','',NULL,'',NULL,'',NULL,'',NULL),(120,0,0,116,'',1,'','|host_description| - MySQL Threads','','',120,'',500,'','0','','0','','','','on','','on','',2,'','','',NULL,'','','','on','',1000,'','','','','','','',NULL,'',NULL,'',NULL,'',NULL,'',NULL,'',NULL,'',NULL,'',NULL,'','30','',NULL,'',NULL,'',NULL,'',NULL),(121,0,0,117,'',1,'','|host_description| - InnoDB Memory Allocation','','',120,'',500,'','0','','0','','','','on','','on','',2,'','','',NULL,'','','','on','',1024,'','','','','','','',NULL,'',NULL,'',NULL,'',NULL,'',NULL,'',NULL,'',NULL,'',NULL,'','30','',NULL,'',NULL,'',NULL,'',NULL),(122,0,0,118,'',1,'','|host_description| - InnoDB Adaptive Hash Index','','',120,'',500,'','0','','0','','','','on','','on','',2,'','','',NULL,'','','','on','',1000,'','','','','','','',NULL,'',NULL,'',NULL,'',NULL,'',NULL,'',NULL,'',NULL,'',NULL,'','30','',NULL,'',NULL,'',NULL,'',NULL),(123,0,0,119,'',1,'','|host_description| - InnoDB Internal Hash Memory Usage','','',120,'',500,'','0','','0','','','','on','','on','',2,'','','',NULL,'','','','on','',1024,'','','','','','','',NULL,'',NULL,'',NULL,'',NULL,'',NULL,'',NULL,'',NULL,'',NULL,'','30','',NULL,'',NULL,'',NULL,'',NULL),(124,0,0,120,'',1,'','|host_description| - InnoDB Tables In Use','','',120,'',500,'','0','','0','','','','on','','on','',2,'','','',NULL,'','','','on','',1000,'','','','','','','',NULL,'',NULL,'',NULL,'',NULL,'',NULL,'',NULL,'',NULL,'',NULL,'','30','',NULL,'',NULL,'',NULL,'',NULL),(125,0,0,121,'',1,'','|host_description| - InnoDB Current Lock Waits','','',120,'',500,'','0','','0','','','','on','','on','',2,'','','',NULL,'','','','on','',1000,'','','','','','','',NULL,'',NULL,'',NULL,'',NULL,'',NULL,'',NULL,'',NULL,'',NULL,'','30','',NULL,'',NULL,'',NULL,'',NULL),(126,0,0,122,'',1,'','|host_description| - InnoDB Lock Structures','','',120,'',500,'','0','','0','','','','on','','on','',2,'','','',NULL,'','','','on','',1000,'','','','','','','',NULL,'',NULL,'',NULL,'',NULL,'',NULL,'',NULL,'',NULL,'',NULL,'','30','',NULL,'',NULL,'',NULL,'',NULL),(127,0,0,123,'',1,'','|host_description| - InnoDB Checkpoint Age','','',120,'',500,'','0','','0','','','','on','','on','',2,'','','',NULL,'','','','on','',1024,'','','','','','','',NULL,'',NULL,'',NULL,'',NULL,'',NULL,'',NULL,'',NULL,'',NULL,'','30','',NULL,'',NULL,'',NULL,'',NULL),(128,0,0,124,'',1,'','|host_description| - InnoDB Row Lock Time','','',120,'',500,'','0','','0','','','','on','','on','',2,'','','',NULL,'','','','on','',1000,'','','','','','','',NULL,'',NULL,'',NULL,'',NULL,'',NULL,'',NULL,'',NULL,'',NULL,'','30','',NULL,'',NULL,'',NULL,'',NULL),(129,0,0,125,'',1,'','|host_description| - InnoDB Row Lock Waits','','',120,'',500,'','0','','0','','','','on','','on','',2,'','','',NULL,'','','','on','',1000,'','','','','','','',NULL,'',NULL,'',NULL,'',NULL,'',NULL,'',NULL,'',NULL,'',NULL,'','30','',NULL,'',NULL,'',NULL,'',NULL),(130,0,0,126,'',1,'','|host_description| - InnoDB Semaphore Waits','','',120,'',500,'','0','','0','','','','on','','on','',2,'','','',NULL,'','','','on','',1000,'','','','','','','',NULL,'',NULL,'',NULL,'',NULL,'',NULL,'',NULL,'',NULL,'',NULL,'','30','',NULL,'',NULL,'',NULL,'',NULL),(131,0,0,127,'',1,'','|host_description| - InnoDB Semaphore Wait Time','','',120,'',500,'','0','','0','','','','on','','on','',2,'','','',NULL,'','','','on','',1000,'','','','','','','',NULL,'',NULL,'',NULL,'',NULL,'',NULL,'',NULL,'',NULL,'',NULL,'','30','',NULL,'',NULL,'',NULL,'',NULL),(132,0,0,128,'',1,'','|host_description| - MySQL Processlist','','',120,'',500,'','0','','0','','','','on','','on','',2,'','','',NULL,'','','','on','',1000,'','','','','','','',NULL,'',NULL,'',NULL,'',NULL,'',NULL,'',NULL,'',NULL,'',NULL,'','30','',NULL,'',NULL,'',NULL,'',NULL),(133,0,0,129,'',1,'','|host_description| - MySQL Transaction Handler','','',120,'',500,'','0','','0','','','','on','','on','',2,'','','',NULL,'','','','on','',1000,'','','','','','','',NULL,'',NULL,'',NULL,'',NULL,'',NULL,'',NULL,'',NULL,'',NULL,'','30','',NULL,'',NULL,'',NULL,'',NULL),(134,0,0,130,'',1,'','|host_description| - MySQL Handlers','','',120,'',500,'','0','','0','','','','on','','on','',2,'','','',NULL,'','','','on','',1000,'','','','','','','',NULL,'',NULL,'',NULL,'',NULL,'',NULL,'',NULL,'',NULL,'',NULL,'','30','',NULL,'',NULL,'',NULL,'',NULL),(135,0,0,131,'',1,'','|host_description| - MySQL Query Time Histogram (Count)','','',120,'',500,'','0','','0','','','','on','','on','',2,'','','',NULL,'','','','on','',1000,'','','','','','','',NULL,'',NULL,'',NULL,'',NULL,'',NULL,'',NULL,'',NULL,'',NULL,'','30','',NULL,'',NULL,'',NULL,'',NULL),(136,0,0,132,'',1,'','|host_description| - MySQL Query Response Time (Microseconds)','','',120,'',500,'','0','','0','','','','on','','on','',2,'','','',NULL,'','','','on','',1000,'','','','','','','',NULL,'',NULL,'',NULL,'',NULL,'',NULL,'',NULL,'',NULL,'',NULL,'','30','',NULL,'',NULL,'',NULL,'',NULL),(137,0,0,133,'',1,'','|host_description| - InnoDB Buffer Pool Efficiency','','',120,'',500,'','0','','0','','','','on','','on','',2,'','','',NULL,'','','','on','',1000,'','','','','','','',NULL,'',NULL,'',NULL,'',NULL,'',NULL,'',NULL,'',NULL,'',NULL,'','30','',NULL,'',NULL,'',NULL,'',NULL),(163,74,30,70,'',1,'','|host_description| - Forks','d1 - Forks','',120,'',500,'','0','','0','','','','on','','on','',2,'','','',NULL,'','','','on','',1000,'','','','','','','',NULL,'',NULL,'',NULL,'',0,'',NULL,'',NULL,'',NULL,'',NULL,'','30','',NULL,'',NULL,'',NULL,'',NULL),(164,75,31,71,'',1,'','|host_description| - CPU Usage','d1 - CPU Usage','',120,'',500,'','0','','0','','','','on','','on','',2,'','','',NULL,'','','','on','',1000,'','','','','','','',NULL,'',NULL,'',NULL,'',0,'',NULL,'',NULL,'',NULL,'',NULL,'','30','',NULL,'',NULL,'',NULL,'',NULL),(165,76,32,72,'',1,'','|host_description| - Load Average','d1 - Load Average','',120,'',500,'','0','','0','','','','on','','on','',2,'','','',NULL,'','','','on','',1000,'','','','','','','',NULL,'',NULL,'',NULL,'',0,'',NULL,'',NULL,'',NULL,'',NULL,'','30','',NULL,'',NULL,'',NULL,'',NULL),(166,77,33,73,'',1,'','|host_description| - Number of Users','d1 - Number of Users','',120,'',500,'','0','','0','','','','on','','on','',2,'','','',NULL,'','','','on','',1000,'','','','','','','',NULL,'',NULL,'',NULL,'',0,'',NULL,'',NULL,'',NULL,'',NULL,'','30','',NULL,'',NULL,'',NULL,'',NULL),(167,78,34,74,'',1,'','|host_description| - Memory','d1 - Memory','',120,'',500,'','0','','0','','','','on','','on','',2,'','','',NULL,'','','','on','',1024,'','','','','','','',NULL,'',NULL,'',NULL,'',0,'',NULL,'',NULL,'',NULL,'',NULL,'','30','',NULL,'',NULL,'',NULL,'',NULL),(168,88,35,84,'',1,'','|host_description| - Network Connection States','d1 - Network Connection States','',120,'',500,'','0','','0','','','','on','','on','',2,'','','',NULL,'','','','on','',1000,'','','','','','','',NULL,'',NULL,'',NULL,'',0,'',NULL,'',NULL,'',NULL,'',NULL,'','30','',NULL,'',NULL,'',NULL,'',NULL),(170,85,37,81,'',1,'','|host_description| - Disk Space','d1 - Disk Space','',120,'',500,'','0','','0','','','','on','','on','',2,'','','',NULL,'','','','on','',1024,'','','','','','','',NULL,'',NULL,'',NULL,'',0,'',NULL,'',NULL,'',NULL,'',NULL,'','30','',NULL,'',NULL,'',NULL,'',NULL),(172,86,39,82,'',1,'','|host_description| - Network Traffic','d1 - Network Traffic','',120,'',500,'','0','','0','','','','on','','on','',2,'','','',NULL,'','','','on','',1024,'','','','','','','',NULL,'',NULL,'',NULL,'',0,'',NULL,'',NULL,'',NULL,'',NULL,'','30','',NULL,'',NULL,'',NULL,'',NULL),(176,74,43,70,'',1,'','|host_description| - Forks','c0 - Forks','',120,'',500,'','0','','0','','','','on','','on','',2,'','','',NULL,'','','','on','',1000,'','','','','','','',NULL,'',NULL,'',NULL,'',0,'',NULL,'',NULL,'',NULL,'',NULL,'','30','',NULL,'',NULL,'',NULL,'',NULL),(177,75,44,71,'',1,'','|host_description| - CPU Usage','c0 - CPU Usage','',120,'',500,'','0','','0','','','','on','','on','',2,'','','',NULL,'','','','on','',1000,'','','','','','','',NULL,'',NULL,'',NULL,'',0,'',NULL,'',NULL,'',NULL,'',NULL,'','30','',NULL,'',NULL,'',NULL,'',NULL),(178,76,45,72,'',1,'','|host_description| - Load Average','c0 - Load Average','',120,'',500,'','0','','0','','','','on','','on','',2,'','','',NULL,'','','','on','',1000,'','','','','','','',NULL,'',NULL,'',NULL,'',0,'',NULL,'',NULL,'',NULL,'',NULL,'','30','',NULL,'',NULL,'',NULL,'',NULL),(179,77,46,73,'',1,'','|host_description| - Number of Users','c0 - Number of Users','',120,'',500,'','0','','0','','','','on','','on','',2,'','','',NULL,'','','','on','',1000,'','','','','','','',NULL,'',NULL,'',NULL,'',0,'',NULL,'',NULL,'',NULL,'',NULL,'','30','',NULL,'',NULL,'',NULL,'',NULL),(180,78,47,74,'',1,'','|host_description| - Memory','c0 - Memory','',120,'',500,'','0','','0','','','','on','','on','',2,'','','',NULL,'','','','on','',1024,'','','','','','','',NULL,'',NULL,'',NULL,'',0,'',NULL,'',NULL,'',NULL,'',NULL,'','30','',NULL,'',NULL,'',NULL,'',NULL),(181,88,48,84,'',1,'','|host_description| - Network Connection States','c0 - Network Connection States','',120,'',500,'','0','','0','','','','on','','on','',2,'','','',NULL,'','','','on','',1000,'','','','','','','',NULL,'',NULL,'',NULL,'',0,'',NULL,'',NULL,'',NULL,'',NULL,'','30','',NULL,'',NULL,'',NULL,'',NULL),(183,85,50,81,'',1,'','|host_description| - Disk Space','c0 - Disk Space','',120,'',500,'','0','','0','','','','on','','on','',2,'','','',NULL,'','','','on','',1024,'','','','','','','',NULL,'',NULL,'',NULL,'',0,'',NULL,'',NULL,'',NULL,'',NULL,'','30','',NULL,'',NULL,'',NULL,'',NULL),(184,86,51,82,'',1,'','|host_description| - Network Traffic','c0 - Network Traffic','',120,'',500,'','0','','0','','','','on','','on','',2,'','','',NULL,'','','','on','',1024,'','','','','','','',NULL,'',NULL,'',NULL,'',0,'',NULL,'',NULL,'',NULL,'',NULL,'','30','',NULL,'',NULL,'',NULL,'',NULL),(187,74,54,70,'',1,'','|host_description| - Forks','c1 - Forks','',120,'',500,'','0','','0','','','','on','','on','',2,'','','',NULL,'','','','on','',1000,'','','','','','','',NULL,'',NULL,'',NULL,'',0,'',NULL,'',NULL,'',NULL,'',NULL,'','30','',NULL,'',NULL,'',NULL,'',NULL),(188,75,55,71,'',1,'','|host_description| - CPU Usage','c1 - CPU Usage','',120,'',500,'','0','','0','','','','on','','on','',2,'','','',NULL,'','','','on','',1000,'','','','','','','',NULL,'',NULL,'',NULL,'',0,'',NULL,'',NULL,'',NULL,'',NULL,'','30','',NULL,'',NULL,'',NULL,'',NULL),(189,76,56,72,'',1,'','|host_description| - Load Average','c1 - Load Average','',120,'',500,'','0','','0','','','','on','','on','',2,'','','',NULL,'','','','on','',1000,'','','','','','','',NULL,'',NULL,'',NULL,'',0,'',NULL,'',NULL,'',NULL,'',NULL,'','30','',NULL,'',NULL,'',NULL,'',NULL),(190,77,57,73,'',1,'','|host_description| - Number of Users','c1 - Number of Users','',120,'',500,'','0','','0','','','','on','','on','',2,'','','',NULL,'','','','on','',1000,'','','','','','','',NULL,'',NULL,'',NULL,'',0,'',NULL,'',NULL,'',NULL,'',NULL,'','30','',NULL,'',NULL,'',NULL,'',NULL),(191,78,58,74,'',1,'','|host_description| - Memory','c1 - Memory','',120,'',500,'','0','','0','','','','on','','on','',2,'','','',NULL,'','','','on','',1024,'','','','','','','',NULL,'',NULL,'',NULL,'',0,'',NULL,'',NULL,'',NULL,'',NULL,'','30','',NULL,'',NULL,'',NULL,'',NULL),(192,88,59,84,'',1,'','|host_description| - Network Connection States','c1 - Network Connection States','',120,'',500,'','0','','0','','','','on','','on','',2,'','','',NULL,'','','','on','',1000,'','','','','','','',NULL,'',NULL,'',NULL,'',0,'',NULL,'',NULL,'',NULL,'',NULL,'','30','',NULL,'',NULL,'',NULL,'',NULL),(194,85,61,81,'',1,'','|host_description| - Disk Space','c1 - Disk Space','',120,'',500,'','0','','0','','','','on','','on','',2,'','','',NULL,'','','','on','',1024,'','','','','','','',NULL,'',NULL,'',NULL,'',0,'',NULL,'',NULL,'',NULL,'',NULL,'','30','',NULL,'',NULL,'',NULL,'',NULL),(195,86,62,82,'',1,'','|host_description| - Network Traffic','c1 - Network Traffic','',120,'',500,'','0','','0','','','','on','','on','',2,'','','',NULL,'','','','on','',1024,'','','','','','','',NULL,'',NULL,'',NULL,'',0,'',NULL,'',NULL,'',NULL,'',NULL,'','30','',NULL,'',NULL,'',NULL,'',NULL),(196,90,63,86,'',1,'','|host_description| - Apache Requests','d5 - Apache Requests','',120,'',500,'','0','','0','','','','on','','on','',2,'','','',NULL,'','','','on','',1000,'','','','','','','',NULL,'',NULL,'',NULL,'',0,'',NULL,'',NULL,'',NULL,'',NULL,'','30','',NULL,'',NULL,'',NULL,'',NULL),(197,91,64,87,'',1,'','|host_description| - Apache Bytes','d5 - Apache Bytes','',120,'',500,'','0','','0','','','','on','','on','',2,'','','',NULL,'','','','on','',1024,'','','','','','','',NULL,'',NULL,'',NULL,'',0,'',NULL,'',NULL,'',NULL,'',NULL,'','30','',NULL,'',NULL,'',NULL,'',NULL),(198,92,65,88,'',1,'','|host_description| - Apache CPU Load','d5 - Apache CPU Load','',120,'',500,'','0','','0','','','','on','','on','',2,'','','',NULL,'','','','on','',1000,'','','','','','','',NULL,'',NULL,'',NULL,'',0,'',NULL,'',NULL,'',NULL,'',NULL,'','30','',NULL,'',NULL,'',NULL,'',NULL),(199,93,66,89,'',1,'','|host_description| - Apache Workers','d5 - Apache Workers','',120,'',500,'','0','','0','','','','on','','on','',2,'','','',NULL,'','','','on','',1000,'','','','','','','',NULL,'',NULL,'',NULL,'',0,'',NULL,'',NULL,'',NULL,'',NULL,'','30','',NULL,'',NULL,'',NULL,'',NULL),(200,94,67,90,'',1,'','|host_description| - Apache Scoreboard','d5 - Apache Scoreboard','',120,'',500,'','0','','0','','','','on','','on','',2,'','','',NULL,'','','','on','',1000,'','','','','','','',NULL,'',NULL,'',NULL,'',0,'',NULL,'',NULL,'',NULL,'',NULL,'','30','',NULL,'',NULL,'',NULL,'',NULL),(203,74,70,70,'',1,'','|host_description| - Forks','d5 - Forks','',120,'',500,'','0','','0','','','','on','','on','',2,'','','',NULL,'','','','on','',1000,'','','','','','','',NULL,'',NULL,'',NULL,'',0,'',NULL,'',NULL,'',NULL,'',NULL,'','30','',NULL,'',NULL,'',NULL,'',NULL),(204,75,71,71,'',1,'','|host_description| - CPU Usage','d5 - CPU Usage','',120,'',500,'','0','','0','','','','on','','on','',2,'','','',NULL,'','','','on','',1000,'','','','','','','',NULL,'',NULL,'',NULL,'',0,'',NULL,'',NULL,'',NULL,'',NULL,'','30','',NULL,'',NULL,'',NULL,'',NULL),(205,76,72,72,'',1,'','|host_description| - Load Average','d5 - Load Average','',120,'',500,'','0','','0','','','','on','','on','',2,'','','',NULL,'','','','on','',1000,'','','','','','','',NULL,'',NULL,'',NULL,'',0,'',NULL,'',NULL,'',NULL,'',NULL,'','30','',NULL,'',NULL,'',NULL,'',NULL),(207,78,74,74,'',1,'','|host_description| - Memory','d5 - Memory','',120,'',500,'','0','','0','','','','on','','on','',2,'','','',NULL,'','','','on','',1024,'','','','','','','',NULL,'',NULL,'',NULL,'',0,'',NULL,'',NULL,'',NULL,'',NULL,'','30','',NULL,'',NULL,'',NULL,'',NULL),(208,88,75,84,'',1,'','|host_description| - Network Connection States','d5 - Network Connection States','',120,'',500,'','0','','0','','','','on','','on','',2,'','','',NULL,'','','','on','',1000,'','','','','','','',NULL,'',NULL,'',NULL,'',0,'',NULL,'',NULL,'',NULL,'',NULL,'','30','',NULL,'',NULL,'',NULL,'',NULL),(210,85,77,81,'',1,'','|host_description| - Disk Space','d5 - Disk Space','',120,'',500,'','0','','0','','','','on','','on','',2,'','','',NULL,'','','','on','',1024,'','','','','','','',NULL,'',NULL,'',NULL,'',0,'',NULL,'',NULL,'',NULL,'',NULL,'','30','',NULL,'',NULL,'',NULL,'',NULL),(211,86,78,82,'',1,'','|host_description| - Network Traffic','d5 - Network Traffic','',120,'',500,'','0','','0','','','','on','','on','',2,'','','',NULL,'','','','on','',1024,'','','','','','','',NULL,'',NULL,'',NULL,'',0,'',NULL,'',NULL,'',NULL,'',NULL,'','30','',NULL,'',NULL,'',NULL,'',NULL),(236,74,103,70,'',1,'','|host_description| - Forks','c2 - Forks','',120,'',500,'','0','','0','','','','on','','on','',2,'','','',NULL,'','','','on','',1000,'','','','','','','',NULL,'',NULL,'',NULL,'',0,'',NULL,'',NULL,'',NULL,'',NULL,'','30','',NULL,'',NULL,'',NULL,'',NULL),(237,75,104,71,'',1,'','|host_description| - CPU Usage','c2 - CPU Usage','',120,'',500,'','0','','0','','','','on','','on','',2,'','','',NULL,'','','','on','',1000,'','','','','','','',NULL,'',NULL,'',NULL,'',0,'',NULL,'',NULL,'',NULL,'',NULL,'','30','',NULL,'',NULL,'',NULL,'',NULL),(238,76,105,72,'',1,'','|host_description| - Load Average','c2 - Load Average','',120,'',500,'','0','','0','','','','on','','on','',2,'','','',NULL,'','','','on','',1000,'','','','','','','',NULL,'',NULL,'',NULL,'',0,'',NULL,'',NULL,'',NULL,'',NULL,'','30','',NULL,'',NULL,'',NULL,'',NULL),(239,77,106,73,'',1,'','|host_description| - Number of Users','c2 - Number of Users','',120,'',500,'','0','','0','','','','on','','on','',2,'','','',NULL,'','','','on','',1000,'','','','','','','',NULL,'',NULL,'',NULL,'',0,'',NULL,'',NULL,'',NULL,'',NULL,'','30','',NULL,'',NULL,'',NULL,'',NULL),(240,78,107,74,'',1,'','|host_description| - Memory','c2 - Memory','',120,'',500,'','0','','0','','','','on','','on','',2,'','','',NULL,'','','','on','',1024,'','','','','','','',NULL,'',NULL,'',NULL,'',0,'',NULL,'',NULL,'',NULL,'',NULL,'','30','',NULL,'',NULL,'',NULL,'',NULL),(241,88,108,84,'',1,'','|host_description| - Network Connection States','c2 - Network Connection States','',120,'',500,'','0','','0','','','','on','','on','',2,'','','',NULL,'','','','on','',1000,'','','','','','','',NULL,'',NULL,'',NULL,'',0,'',NULL,'',NULL,'',NULL,'',NULL,'','30','',NULL,'',NULL,'',NULL,'',NULL),(243,85,110,81,'',1,'','|host_description| - Disk Space','c2 - Disk Space','',120,'',500,'','0','','0','','','','on','','on','',2,'','','',NULL,'','','','on','',1024,'','','','','','','',NULL,'',NULL,'',NULL,'',0,'',NULL,'',NULL,'',NULL,'',NULL,'','30','',NULL,'',NULL,'',NULL,'',NULL),(244,86,111,82,'',1,'','|host_description| - Network Traffic','c2 - Network Traffic','',120,'',500,'','0','','0','','','','on','','on','',2,'','','',NULL,'','','','on','',1024,'','','','','','','',NULL,'',NULL,'',NULL,'',0,'',NULL,'',NULL,'',NULL,'',NULL,'','30','',NULL,'',NULL,'',NULL,'',NULL),(247,74,114,70,'',1,'','|host_description| - Forks','c3 - Forks','',120,'',500,'','0','','0','','','','on','','on','',2,'','','',NULL,'','','','on','',1000,'','','','','','','',NULL,'',NULL,'',NULL,'',0,'',NULL,'',NULL,'',NULL,'',NULL,'','30','',NULL,'',NULL,'',NULL,'',NULL),(248,75,115,71,'',1,'','|host_description| - CPU Usage','c3 - CPU Usage','',120,'',500,'','0','','0','','','','on','','on','',2,'','','',NULL,'','','','on','',1000,'','','','','','','',NULL,'',NULL,'',NULL,'',0,'',NULL,'',NULL,'',NULL,'',NULL,'','30','',NULL,'',NULL,'',NULL,'',NULL),(249,76,116,72,'',1,'','|host_description| - Load Average','c3 - Load Average','',120,'',500,'','0','','0','','','','on','','on','',2,'','','',NULL,'','','','on','',1000,'','','','','','','',NULL,'',NULL,'',NULL,'',0,'',NULL,'',NULL,'',NULL,'',NULL,'','30','',NULL,'',NULL,'',NULL,'',NULL),(250,77,117,73,'',1,'','|host_description| - Number of Users','c3 - Number of Users','',120,'',500,'','0','','0','','','','on','','on','',2,'','','',NULL,'','','','on','',1000,'','','','','','','',NULL,'',NULL,'',NULL,'',0,'',NULL,'',NULL,'',NULL,'',NULL,'','30','',NULL,'',NULL,'',NULL,'',NULL),(251,78,118,74,'',1,'','|host_description| - Memory','c3 - Memory','',120,'',500,'','0','','0','','','','on','','on','',2,'','','',NULL,'','','','on','',1024,'','','','','','','',NULL,'',NULL,'',NULL,'',0,'',NULL,'',NULL,'',NULL,'',NULL,'','30','',NULL,'',NULL,'',NULL,'',NULL),(252,88,119,84,'',1,'','|host_description| - Network Connection States','c3 - Network Connection States','',120,'',500,'','0','','0','','','','on','','on','',2,'','','',NULL,'','','','on','',1000,'','','','','','','',NULL,'',NULL,'',NULL,'',0,'',NULL,'',NULL,'',NULL,'',NULL,'','30','',NULL,'',NULL,'',NULL,'',NULL),(255,85,122,81,'',1,'','|host_description| - Disk Space','c3 - Disk Space','',120,'',500,'','0','','0','','','','on','','on','',2,'','','',NULL,'','','','on','',1024,'','','','','','','',NULL,'',NULL,'',NULL,'',0,'',NULL,'',NULL,'',NULL,'',NULL,'','30','',NULL,'',NULL,'',NULL,'',NULL),(256,86,123,82,'',1,'','|host_description| - Network Traffic','c3 - Network Traffic','',120,'',500,'','0','','0','','','','on','','on','',2,'','','',NULL,'','','','on','',1024,'','','','','','','',NULL,'',NULL,'',NULL,'',0,'',NULL,'',NULL,'',NULL,'',NULL,'','30','',NULL,'',NULL,'',NULL,'',NULL),(259,74,126,70,'',1,'','|host_description| - Forks','c4 - Forks','',120,'',500,'','0','','0','','','','on','','on','',2,'','','',NULL,'','','','on','',1000,'','','','','','','',NULL,'',NULL,'',NULL,'',0,'',NULL,'',NULL,'',NULL,'',NULL,'','30','',NULL,'',NULL,'',NULL,'',NULL),(260,75,127,71,'',1,'','|host_description| - CPU Usage','c4 - CPU Usage','',120,'',500,'','0','','0','','','','on','','on','',2,'','','',NULL,'','','','on','',1000,'','','','','','','',NULL,'',NULL,'',NULL,'',0,'',NULL,'',NULL,'',NULL,'',NULL,'','30','',NULL,'',NULL,'',NULL,'',NULL),(261,76,128,72,'',1,'','|host_description| - Load Average','c4 - Load Average','',120,'',500,'','0','','0','','','','on','','on','',2,'','','',NULL,'','','','on','',1000,'','','','','','','',NULL,'',NULL,'',NULL,'',0,'',NULL,'',NULL,'',NULL,'',NULL,'','30','',NULL,'',NULL,'',NULL,'',NULL),(262,77,129,73,'',1,'','|host_description| - Number of Users','c4 - Number of Users','',120,'',500,'','0','','0','','','','on','','on','',2,'','','',NULL,'','','','on','',1000,'','','','','','','',NULL,'',NULL,'',NULL,'',0,'',NULL,'',NULL,'',NULL,'',NULL,'','30','',NULL,'',NULL,'',NULL,'',NULL),(263,78,130,74,'',1,'','|host_description| - Memory','c4 - Memory','',120,'',500,'','0','','0','','','','on','','on','',2,'','','',NULL,'','','','on','',1024,'','','','','','','',NULL,'',NULL,'',NULL,'',0,'',NULL,'',NULL,'',NULL,'',NULL,'','30','',NULL,'',NULL,'',NULL,'',NULL),(264,88,131,84,'',1,'','|host_description| - Network Connection States','c4 - Network Connection States','',120,'',500,'','0','','0','','','','on','','on','',2,'','','',NULL,'','','','on','',1000,'','','','','','','',NULL,'',NULL,'',NULL,'',0,'',NULL,'',NULL,'',NULL,'',NULL,'','30','',NULL,'',NULL,'',NULL,'',NULL),(266,85,133,81,'',1,'','|host_description| - Disk Space','c4 - Disk Space','',120,'',500,'','0','','0','','','','on','','on','',2,'','','',NULL,'','','','on','',1024,'','','','','','','',NULL,'',NULL,'',NULL,'',0,'',NULL,'',NULL,'',NULL,'',NULL,'','30','',NULL,'',NULL,'',NULL,'',NULL),(267,86,134,82,'',1,'','|host_description| - Network Traffic','c4 - Network Traffic','',120,'',500,'','0','','0','','','','on','','on','',2,'','','',NULL,'','','','on','',1024,'','','','','','','',NULL,'',NULL,'',NULL,'',0,'',NULL,'',NULL,'',NULL,'',NULL,'','30','',NULL,'',NULL,'',NULL,'',NULL),(270,74,137,70,'',1,'','|host_description| - Forks','c5 - Forks','',120,'',500,'','0','','0','','','','on','','on','',2,'','','',NULL,'','','','on','',1000,'','','','','','','',NULL,'',NULL,'',NULL,'',0,'',NULL,'',NULL,'',NULL,'',NULL,'','30','',NULL,'',NULL,'',NULL,'',NULL),(271,75,138,71,'',1,'','|host_description| - CPU Usage','c5 - CPU Usage','',120,'',500,'','0','','0','','','','on','','on','',2,'','','',NULL,'','','','on','',1000,'','','','','','','',NULL,'',NULL,'',NULL,'',0,'',NULL,'',NULL,'',NULL,'',NULL,'','30','',NULL,'',NULL,'',NULL,'',NULL),(272,76,139,72,'',1,'','|host_description| - Load Average','c5 - Load Average','',120,'',500,'','0','','0','','','','on','','on','',2,'','','',NULL,'','','','on','',1000,'','','','','','','',NULL,'',NULL,'',NULL,'',0,'',NULL,'',NULL,'',NULL,'',NULL,'','30','',NULL,'',NULL,'',NULL,'',NULL),(273,77,140,73,'',1,'','|host_description| - Number of Users','c5 - Number of Users','',120,'',500,'','0','','0','','','','on','','on','',2,'','','',NULL,'','','','on','',1000,'','','','','','','',NULL,'',NULL,'',NULL,'',0,'',NULL,'',NULL,'',NULL,'',NULL,'','30','',NULL,'',NULL,'',NULL,'',NULL),(274,78,141,74,'',1,'','|host_description| - Memory','c5 - Memory','',120,'',500,'','0','','0','','','','on','','on','',2,'','','',NULL,'','','','on','',1024,'','','','','','','',NULL,'',NULL,'',NULL,'',0,'',NULL,'',NULL,'',NULL,'',NULL,'','30','',NULL,'',NULL,'',NULL,'',NULL),(275,88,142,84,'',1,'','|host_description| - Network Connection States','c5 - Network Connection States','',120,'',500,'','0','','0','','','','on','','on','',2,'','','',NULL,'','','','on','',1000,'','','','','','','',NULL,'',NULL,'',NULL,'',0,'',NULL,'',NULL,'',NULL,'',NULL,'','30','',NULL,'',NULL,'',NULL,'',NULL),(277,85,144,81,'',1,'','|host_description| - Disk Space','c5 - Disk Space','',120,'',500,'','0','','0','','','','on','','on','',2,'','','',NULL,'','','','on','',1024,'','','','','','','',NULL,'',NULL,'',NULL,'',0,'',NULL,'',NULL,'',NULL,'',NULL,'','30','',NULL,'',NULL,'',NULL,'',NULL),(278,86,145,82,'',1,'','|host_description| - Network Traffic','c5 - Network Traffic','',120,'',500,'','0','','0','','','','on','','on','',2,'','','',NULL,'','','','on','',1024,'','','','','','','',NULL,'',NULL,'',NULL,'',0,'',NULL,'',NULL,'',NULL,'',NULL,'','30','',NULL,'',NULL,'',NULL,'',NULL),(281,74,148,70,'',1,'','|host_description| - Forks','c6 - Forks','',120,'',500,'','0','','0','','','','on','','on','',2,'','','',NULL,'','','','on','',1000,'','','','','','','',NULL,'',NULL,'',NULL,'',0,'',NULL,'',NULL,'',NULL,'',NULL,'','30','',NULL,'',NULL,'',NULL,'',NULL),(282,75,149,71,'',1,'','|host_description| - CPU Usage','c6 - CPU Usage','',120,'',500,'','0','','0','','','','on','','on','',2,'','','',NULL,'','','','on','',1000,'','','','','','','',NULL,'',NULL,'',NULL,'',0,'',NULL,'',NULL,'',NULL,'',NULL,'','30','',NULL,'',NULL,'',NULL,'',NULL),(283,76,150,72,'',1,'','|host_description| - Load Average','c6 - Load Average','',120,'',500,'','0','','0','','','','on','','on','',2,'','','',NULL,'','','','on','',1000,'','','','','','','',NULL,'',NULL,'',NULL,'',0,'',NULL,'',NULL,'',NULL,'',NULL,'','30','',NULL,'',NULL,'',NULL,'',NULL),(284,77,151,73,'',1,'','|host_description| - Number of Users','c6 - Number of Users','',120,'',500,'','0','','0','','','','on','','on','',2,'','','',NULL,'','','','on','',1000,'','','','','','','',NULL,'',NULL,'',NULL,'',0,'',NULL,'',NULL,'',NULL,'',NULL,'','30','',NULL,'',NULL,'',NULL,'',NULL),(285,78,152,74,'',1,'','|host_description| - Memory','c6 - Memory','',120,'',500,'','0','','0','','','','on','','on','',2,'','','',NULL,'','','','on','',1024,'','','','','','','',NULL,'',NULL,'',NULL,'',0,'',NULL,'',NULL,'',NULL,'',NULL,'','30','',NULL,'',NULL,'',NULL,'',NULL),(286,88,153,84,'',1,'','|host_description| - Network Connection States','c6 - Network Connection States','',120,'',500,'','0','','0','','','','on','','on','',2,'','','',NULL,'','','','on','',1000,'','','','','','','',NULL,'',NULL,'',NULL,'',0,'',NULL,'',NULL,'',NULL,'',NULL,'','30','',NULL,'',NULL,'',NULL,'',NULL),(288,85,155,81,'',1,'','|host_description| - Disk Space','c6 - Disk Space','',120,'',500,'','0','','0','','','','on','','on','',2,'','','',NULL,'','','','on','',1024,'','','','','','','',NULL,'',NULL,'',NULL,'',0,'',NULL,'',NULL,'',NULL,'',NULL,'','30','',NULL,'',NULL,'',NULL,'',NULL),(289,86,156,82,'',1,'','|host_description| - Network Traffic','c6 - Network Traffic','',120,'',500,'','0','','0','','','','on','','on','',2,'','','',NULL,'','','','on','',1024,'','','','','','','',NULL,'',NULL,'',NULL,'',0,'',NULL,'',NULL,'',NULL,'',NULL,'','30','',NULL,'',NULL,'',NULL,'',NULL),(292,74,159,70,'',1,'','|host_description| - Forks','c7 - Forks','',120,'',500,'','0','','0','','','','on','','on','',2,'','','',NULL,'','','','on','',1000,'','','','','','','',NULL,'',NULL,'',NULL,'',0,'',NULL,'',NULL,'',NULL,'',NULL,'','30','',NULL,'',NULL,'',NULL,'',NULL),(293,75,160,71,'',1,'','|host_description| - CPU Usage','c7 - CPU Usage','',120,'',500,'','0','','0','','','','on','','on','',2,'','','',NULL,'','','','on','',1000,'','','','','','','',NULL,'',NULL,'',NULL,'',0,'',NULL,'',NULL,'',NULL,'',NULL,'','30','',NULL,'',NULL,'',NULL,'',NULL),(294,76,161,72,'',1,'','|host_description| - Load Average','c7 - Load Average','',120,'',500,'','0','','0','','','','on','','on','',2,'','','',NULL,'','','','on','',1000,'','','','','','','',NULL,'',NULL,'',NULL,'',0,'',NULL,'',NULL,'',NULL,'',NULL,'','30','',NULL,'',NULL,'',NULL,'',NULL),(295,77,162,73,'',1,'','|host_description| - Number of Users','c7 - Number of Users','',120,'',500,'','0','','0','','','','on','','on','',2,'','','',NULL,'','','','on','',1000,'','','','','','','',NULL,'',NULL,'',NULL,'',0,'',NULL,'',NULL,'',NULL,'',NULL,'','30','',NULL,'',NULL,'',NULL,'',NULL),(296,78,163,74,'',1,'','|host_description| - Memory','c7 - Memory','',120,'',500,'','0','','0','','','','on','','on','',2,'','','',NULL,'','','','on','',1024,'','','','','','','',NULL,'',NULL,'',NULL,'',0,'',NULL,'',NULL,'',NULL,'',NULL,'','30','',NULL,'',NULL,'',NULL,'',NULL),(297,88,164,84,'',1,'','|host_description| - Network Connection States','c7 - Network Connection States','',120,'',500,'','0','','0','','','','on','','on','',2,'','','',NULL,'','','','on','',1000,'','','','','','','',NULL,'',NULL,'',NULL,'',0,'',NULL,'',NULL,'',NULL,'',NULL,'','30','',NULL,'',NULL,'',NULL,'',NULL),(299,85,166,81,'',1,'','|host_description| - Disk Space','c7 - Disk Space','',120,'',500,'','0','','0','','','','on','','on','',2,'','','',NULL,'','','','on','',1024,'','','','','','','',NULL,'',NULL,'',NULL,'',0,'',NULL,'',NULL,'',NULL,'',NULL,'','30','',NULL,'',NULL,'',NULL,'',NULL),(300,86,167,82,'',1,'','|host_description| - Network Traffic','c7 - Network Traffic','',120,'',500,'','0','','0','','','','on','','on','',2,'','','',NULL,'','','','on','',1024,'','','','','','','',NULL,'',NULL,'',NULL,'',0,'',NULL,'',NULL,'',NULL,'',NULL,'','30','',NULL,'',NULL,'',NULL,'',NULL),(303,74,170,70,'',1,'','|host_description| - Forks','d0 - Forks','',120,'',500,'','0','','0','','','','on','','on','',2,'','','',NULL,'','','','on','',1000,'','','','','','','',NULL,'',NULL,'',NULL,'',0,'',NULL,'',NULL,'',NULL,'',NULL,'','30','',NULL,'',NULL,'',NULL,'',NULL),(304,75,171,71,'',1,'','|host_description| - CPU Usage','d0 - CPU Usage','',120,'',500,'','0','','0','','','','on','','on','',2,'','','',NULL,'','','','on','',1000,'','','','','','','',NULL,'',NULL,'',NULL,'',0,'',NULL,'',NULL,'',NULL,'',NULL,'','30','',NULL,'',NULL,'',NULL,'',NULL),(305,76,172,72,'',1,'','|host_description| - Load Average','d0 - Load Average','',120,'',500,'','0','','0','','','','on','','on','',2,'','','',NULL,'','','','on','',1000,'','','','','','','',NULL,'',NULL,'',NULL,'',0,'',NULL,'',NULL,'',NULL,'',NULL,'','30','',NULL,'',NULL,'',NULL,'',NULL),(306,77,173,73,'',1,'','|host_description| - Number of Users','d0 - Number of Users','',120,'',500,'','0','','0','','','','on','','on','',2,'','','',NULL,'','','','on','',1000,'','','','','','','',NULL,'',NULL,'',NULL,'',0,'',NULL,'',NULL,'',NULL,'',NULL,'','30','',NULL,'',NULL,'',NULL,'',NULL),(307,78,174,74,'',1,'','|host_description| - Memory','d0 - Memory','',120,'',500,'','0','','0','','','','on','','on','',2,'','','',NULL,'','','','on','',1024,'','','','','','','',NULL,'',NULL,'',NULL,'',0,'',NULL,'',NULL,'',NULL,'',NULL,'','30','',NULL,'',NULL,'',NULL,'',NULL),(308,88,175,84,'',1,'','|host_description| - Network Connection States','d0 - Network Connection States','',120,'',500,'','0','','0','','','','on','','on','',2,'','','',NULL,'','','','on','',1000,'','','','','','','',NULL,'',NULL,'',NULL,'',0,'',NULL,'',NULL,'',NULL,'',NULL,'','30','',NULL,'',NULL,'',NULL,'',NULL),(310,85,177,81,'',1,'','|host_description| - Disk Space','d0 - Disk Space','',120,'',500,'','0','','0','','','','on','','on','',2,'','','',NULL,'','','','on','',1024,'','','','','','','',NULL,'',NULL,'',NULL,'',0,'',NULL,'',NULL,'',NULL,'',NULL,'','30','',NULL,'',NULL,'',NULL,'',NULL),(311,86,178,82,'',1,'','|host_description| - Network Traffic','d0 - Network Traffic','',120,'',500,'','0','','0','','','','on','','on','',2,'','','',NULL,'','','','on','',1024,'','','','','','','',NULL,'',NULL,'',NULL,'',0,'',NULL,'',NULL,'',NULL,'',NULL,'','30','',NULL,'',NULL,'',NULL,'',NULL),(314,74,181,70,'',1,'','|host_description| - Forks','d2 - Forks','',120,'',500,'','0','','0','','','','on','','on','',2,'','','',NULL,'','','','on','',1000,'','','','','','','',NULL,'',NULL,'',NULL,'',0,'',NULL,'',NULL,'',NULL,'',NULL,'','30','',NULL,'',NULL,'',NULL,'',NULL),(315,75,182,71,'',1,'','|host_description| - CPU Usage','d2 - CPU Usage','',120,'',500,'','0','','0','','','','on','','on','',2,'','','',NULL,'','','','on','',1000,'','','','','','','',NULL,'',NULL,'',NULL,'',0,'',NULL,'',NULL,'',NULL,'',NULL,'','30','',NULL,'',NULL,'',NULL,'',NULL),(316,76,183,72,'',1,'','|host_description| - Load Average','d2 - Load Average','',120,'',500,'','0','','0','','','','on','','on','',2,'','','',NULL,'','','','on','',1000,'','','','','','','',NULL,'',NULL,'',NULL,'',0,'',NULL,'',NULL,'',NULL,'',NULL,'','30','',NULL,'',NULL,'',NULL,'',NULL),(317,77,184,73,'',1,'','|host_description| - Number of Users','d2 - Number of Users','',120,'',500,'','0','','0','','','','on','','on','',2,'','','',NULL,'','','','on','',1000,'','','','','','','',NULL,'',NULL,'',NULL,'',0,'',NULL,'',NULL,'',NULL,'',NULL,'','30','',NULL,'',NULL,'',NULL,'',NULL),(318,78,185,74,'',1,'','|host_description| - Memory','d2 - Memory','',120,'',500,'','0','','0','','','','on','','on','',2,'','','',NULL,'','','','on','',1024,'','','','','','','',NULL,'',NULL,'',NULL,'',0,'',NULL,'',NULL,'',NULL,'',NULL,'','30','',NULL,'',NULL,'',NULL,'',NULL),(319,88,186,84,'',1,'','|host_description| - Network Connection States','d2 - Network Connection States','',120,'',500,'','0','','0','','','','on','','on','',2,'','','',NULL,'','','','on','',1000,'','','','','','','',NULL,'',NULL,'',NULL,'',0,'',NULL,'',NULL,'',NULL,'',NULL,'','30','',NULL,'',NULL,'',NULL,'',NULL),(321,85,188,81,'',1,'','|host_description| - Disk Space','d2 - Disk Space','',120,'',500,'','0','','0','','','','on','','on','',2,'','','',NULL,'','','','on','',1024,'','','','','','','',NULL,'',NULL,'',NULL,'',0,'',NULL,'',NULL,'',NULL,'',NULL,'','30','',NULL,'',NULL,'',NULL,'',NULL),(322,86,189,82,'',1,'','|host_description| - Network Traffic','d2 - Network Traffic','',120,'',500,'','0','','0','','','','on','','on','',2,'','','',NULL,'','','','on','',1024,'','','','','','','',NULL,'',NULL,'',NULL,'',0,'',NULL,'',NULL,'',NULL,'',NULL,'','30','',NULL,'',NULL,'',NULL,'',NULL),(325,74,192,70,'',1,'','|host_description| - Forks','d4 - Forks','',120,'',500,'','0','','0','','','','on','','on','',2,'','','',NULL,'','','','on','',1000,'','','','','','','',NULL,'',NULL,'',NULL,'',0,'',NULL,'',NULL,'',NULL,'',NULL,'','30','',NULL,'',NULL,'',NULL,'',NULL),(326,75,193,71,'',1,'','|host_description| - CPU Usage','d4 - CPU Usage','',120,'',500,'','0','','0','','','','on','','on','',2,'','','',NULL,'','','','on','',1000,'','','','','','','',NULL,'',NULL,'',NULL,'',0,'',NULL,'',NULL,'',NULL,'',NULL,'','30','',NULL,'',NULL,'',NULL,'',NULL),(327,76,194,72,'',1,'','|host_description| - Load Average','d4 - Load Average','',120,'',500,'','0','','0','','','','on','','on','',2,'','','',NULL,'','','','on','',1000,'','','','','','','',NULL,'',NULL,'',NULL,'',0,'',NULL,'',NULL,'',NULL,'',NULL,'','30','',NULL,'',NULL,'',NULL,'',NULL),(328,77,195,73,'',1,'','|host_description| - Number of Users','d4 - Number of Users','',120,'',500,'','0','','0','','','','on','','on','',2,'','','',NULL,'','','','on','',1000,'','','','','','','',NULL,'',NULL,'',NULL,'',0,'',NULL,'',NULL,'',NULL,'',NULL,'','30','',NULL,'',NULL,'',NULL,'',NULL),(329,78,196,74,'',1,'','|host_description| - Memory','d4 - Memory','',120,'',500,'','0','','0','','','','on','','on','',2,'','','',NULL,'','','','on','',1024,'','','','','','','',NULL,'',NULL,'',NULL,'',0,'',NULL,'',NULL,'',NULL,'',NULL,'','30','',NULL,'',NULL,'',NULL,'',NULL),(330,88,197,84,'',1,'','|host_description| - Network Connection States','d4 - Network Connection States','',120,'',500,'','0','','0','','','','on','','on','',2,'','','',NULL,'','','','on','',1000,'','','','','','','',NULL,'',NULL,'',NULL,'',0,'',NULL,'',NULL,'',NULL,'',NULL,'','30','',NULL,'',NULL,'',NULL,'',NULL),(332,85,199,81,'',1,'','|host_description| - Disk Space','d4 - Disk Space','',120,'',500,'','0','','0','','','','on','','on','',2,'','','',NULL,'','','','on','',1024,'','','','','','','',NULL,'',NULL,'',NULL,'',0,'',NULL,'',NULL,'',NULL,'',NULL,'','30','',NULL,'',NULL,'',NULL,'',NULL),(333,86,200,82,'',1,'','|host_description| - Network Traffic','d4 - Network Traffic','',120,'',500,'','0','','0','','','','on','','on','',2,'','','',NULL,'','','','on','',1024,'','','','','','','',NULL,'',NULL,'',NULL,'',0,'',NULL,'',NULL,'',NULL,'',NULL,'','30','',NULL,'',NULL,'',NULL,'',NULL),(336,74,203,70,'',1,'','|host_description| - Forks','d6 - Forks','',120,'',500,'','0','','0','','','','on','','on','',2,'','','',NULL,'','','','on','',1000,'','','','','','','',NULL,'',NULL,'',NULL,'',0,'',NULL,'',NULL,'',NULL,'',NULL,'','30','',NULL,'',NULL,'',NULL,'',NULL),(337,75,204,71,'',1,'','|host_description| - CPU Usage','d6 - CPU Usage','',120,'',500,'','0','','0','','','','on','','on','',2,'','','',NULL,'','','','on','',1000,'','','','','','','',NULL,'',NULL,'',NULL,'',0,'',NULL,'',NULL,'',NULL,'',NULL,'','30','',NULL,'',NULL,'',NULL,'',NULL),(338,76,205,72,'',1,'','|host_description| - Load Average','d6 - Load Average','',120,'',500,'','0','','0','','','','on','','on','',2,'','','',NULL,'','','','on','',1000,'','','','','','','',NULL,'',NULL,'',NULL,'',0,'',NULL,'',NULL,'',NULL,'',NULL,'','30','',NULL,'',NULL,'',NULL,'',NULL),(339,77,206,73,'',1,'','|host_description| - Number of Users','d6 - Number of Users','',120,'',500,'','0','','0','','','','on','','on','',2,'','','',NULL,'','','','on','',1000,'','','','','','','',NULL,'',NULL,'',NULL,'',0,'',NULL,'',NULL,'',NULL,'',NULL,'','30','',NULL,'',NULL,'',NULL,'',NULL),(340,78,207,74,'',1,'','|host_description| - Memory','d6 - Memory','',120,'',500,'','0','','0','','','','on','','on','',2,'','','',NULL,'','','','on','',1024,'','','','','','','',NULL,'',NULL,'',NULL,'',0,'',NULL,'',NULL,'',NULL,'',NULL,'','30','',NULL,'',NULL,'',NULL,'',NULL),(341,88,208,84,'',1,'','|host_description| - Network Connection States','d6 - Network Connection States','',120,'',500,'','0','','0','','','','on','','on','',2,'','','',NULL,'','','','on','',1000,'','','','','','','',NULL,'',NULL,'',NULL,'',0,'',NULL,'',NULL,'',NULL,'',NULL,'','30','',NULL,'',NULL,'',NULL,'',NULL),(343,85,210,81,'',1,'','|host_description| - Disk Space','d6 - Disk Space','',120,'',500,'','0','','0','','','','on','','on','',2,'','','',NULL,'','','','on','',1024,'','','','','','','',NULL,'',NULL,'',NULL,'',0,'',NULL,'',NULL,'',NULL,'',NULL,'','30','',NULL,'',NULL,'',NULL,'',NULL),(344,86,211,82,'',1,'','|host_description| - Network Traffic','d6 - Network Traffic','',120,'',500,'','0','','0','','','','on','','on','',2,'','','',NULL,'','','','on','',1024,'','','','','','','',NULL,'',NULL,'',NULL,'',0,'',NULL,'',NULL,'',NULL,'',NULL,'','30','',NULL,'',NULL,'',NULL,'',NULL),(347,74,214,70,'',1,'','|host_description| - Forks','d7 - Forks','',120,'',500,'','0','','0','','','','on','','on','',2,'','','',NULL,'','','','on','',1000,'','','','','','','',NULL,'',NULL,'',NULL,'',0,'',NULL,'',NULL,'',NULL,'',NULL,'','30','',NULL,'',NULL,'',NULL,'',NULL),(348,75,215,71,'',1,'','|host_description| - CPU Usage','d7 - CPU Usage','',120,'',500,'','0','','0','','','','on','','on','',2,'','','',NULL,'','','','on','',1000,'','','','','','','',NULL,'',NULL,'',NULL,'',0,'',NULL,'',NULL,'',NULL,'',NULL,'','30','',NULL,'',NULL,'',NULL,'',NULL),(349,76,216,72,'',1,'','|host_description| - Load Average','d7 - Load Average','',120,'',500,'','0','','0','','','','on','','on','',2,'','','',NULL,'','','','on','',1000,'','','','','','','',NULL,'',NULL,'',NULL,'',0,'',NULL,'',NULL,'',NULL,'',NULL,'','30','',NULL,'',NULL,'',NULL,'',NULL),(350,77,217,73,'',1,'','|host_description| - Number of Users','d7 - Number of Users','',120,'',500,'','0','','0','','','','on','','on','',2,'','','',NULL,'','','','on','',1000,'','','','','','','',NULL,'',NULL,'',NULL,'',0,'',NULL,'',NULL,'',NULL,'',NULL,'','30','',NULL,'',NULL,'',NULL,'',NULL),(351,78,218,74,'',1,'','|host_description| - Memory','d7 - Memory','',120,'',500,'','0','','0','','','','on','','on','',2,'','','',NULL,'','','','on','',1024,'','','','','','','',NULL,'',NULL,'',NULL,'',0,'',NULL,'',NULL,'',NULL,'',NULL,'','30','',NULL,'',NULL,'',NULL,'',NULL),(352,88,219,84,'',1,'','|host_description| - Network Connection States','d7 - Network Connection States','',120,'',500,'','0','','0','','','','on','','on','',2,'','','',NULL,'','','','on','',1000,'','','','','','','',NULL,'',NULL,'',NULL,'',0,'',NULL,'',NULL,'',NULL,'',NULL,'','30','',NULL,'',NULL,'',NULL,'',NULL),(354,85,221,81,'',1,'','|host_description| - Disk Space','d7 - Disk Space','',120,'',500,'','0','','0','','','','on','','on','',2,'','','',NULL,'','','','on','',1024,'','','','','','','',NULL,'',NULL,'',NULL,'',0,'',NULL,'',NULL,'',NULL,'',NULL,'','30','',NULL,'',NULL,'',NULL,'',NULL),(355,86,222,82,'',1,'','|host_description| - Network Traffic','d7 - Network Traffic','',120,'',500,'','0','','0','','','','on','','on','',2,'','','',NULL,'','','','on','',1024,'','','','','','','',NULL,'',NULL,'',NULL,'',0,'',NULL,'',NULL,'',NULL,'',NULL,'','30','',NULL,'',NULL,'',NULL,'',NULL);
/*!40000 ALTER TABLE `graph_templates_graph` ENABLE KEYS */;
UNLOCK TABLES;

--
-- Table structure for table `graph_templates_item`
--

DROP TABLE IF EXISTS `graph_templates_item`;
/*!40101 SET @saved_cs_client     = @@character_set_client */;
/*!40101 SET character_set_client = utf8 */;
CREATE TABLE `graph_templates_item` (
  `id` int(12) unsigned NOT NULL AUTO_INCREMENT,
  `hash` varchar(32) COLLATE utf8mb4_unicode_ci NOT NULL DEFAULT '',
  `local_graph_template_item_id` int(12) unsigned NOT NULL DEFAULT '0',
  `local_graph_id` mediumint(8) unsigned NOT NULL DEFAULT '0',
  `graph_template_id` mediumint(8) unsigned NOT NULL DEFAULT '0',
  `task_item_id` mediumint(8) unsigned NOT NULL DEFAULT '0',
  `color_id` mediumint(8) unsigned NOT NULL DEFAULT '0',
  `alpha` char(2) COLLATE utf8mb4_unicode_ci DEFAULT 'FF',
  `graph_type_id` tinyint(3) NOT NULL DEFAULT '0',
  `line_width` decimal(4,2) DEFAULT '0.00',
  `dashes` varchar(20) COLLATE utf8mb4_unicode_ci DEFAULT NULL,
  `dash_offset` mediumint(4) DEFAULT NULL,
  `cdef_id` mediumint(8) unsigned NOT NULL DEFAULT '0',
  `vdef_id` mediumint(8) unsigned NOT NULL DEFAULT '0',
  `shift` char(2) COLLATE utf8mb4_unicode_ci DEFAULT NULL,
  `consolidation_function_id` tinyint(2) NOT NULL DEFAULT '0',
  `textalign` varchar(10) COLLATE utf8mb4_unicode_ci DEFAULT NULL,
  `text_format` varchar(255) COLLATE utf8mb4_unicode_ci DEFAULT NULL,
  `value` varchar(255) COLLATE utf8mb4_unicode_ci DEFAULT NULL,
  `hard_return` char(2) COLLATE utf8mb4_unicode_ci DEFAULT NULL,
  `gprint_id` mediumint(8) unsigned NOT NULL DEFAULT '0',
  `sequence` mediumint(8) unsigned NOT NULL DEFAULT '0',
  PRIMARY KEY (`id`),
  KEY `graph_template_id` (`graph_template_id`),
  KEY `local_graph_id_sequence` (`local_graph_id`,`sequence`),
  KEY `task_item_id` (`task_item_id`),
  KEY `lgi_gti` (`local_graph_id`,`graph_template_id`)
) ENGINE=InnoDB AUTO_INCREMENT=4732 DEFAULT CHARSET=utf8mb4 COLLATE=utf8mb4_unicode_ci COMMENT='Stores the actual graph item data.';
/*!40101 SET character_set_client = @saved_cs_client */;

--
-- Dumping data for table `graph_templates_item`
--

LOCK TABLES `graph_templates_item` WRITE;
/*!40000 ALTER TABLE `graph_templates_item` DISABLE KEYS */;
INSERT INTO `graph_templates_item` VALUES (1,'fbafaae9c5873bcb0ea5d296e78c50ea',0,0,1,4,9,'7F',7,0.00,'',0,0,0,'',3,'','Devices','','',2,9),(2,'34a226b489fd87466bfe001979ac914d',0,0,1,4,0,'FF',9,0.00,'',0,0,0,'',2,'','Minimum:','','',3,10),(3,'7d862c50648383dbd4f61a7c855e9125',0,0,1,4,0,'FF',9,0.00,'',0,0,0,'',4,'','Current:','','',3,11),(4,'5c95dc09177224405bfc9c8327b500de',0,0,1,4,0,'FF',9,0.00,'',0,0,0,'',1,'','Average:','','',3,12),(5,'29893153e2ebf92d76b6be6406364827',0,0,1,4,0,'FF',9,0.00,'',0,0,0,'',3,'','Maximum:','','on',3,13),(6,'307b0e1d79f9e6c82422bdec60cb53fc',0,0,1,3,21,'FF',5,1.00,'',0,0,0,'',3,'','Devices per Process','','',2,14),(7,'3a589db3c639a4656239ef91bdb7d963',0,0,1,3,0,'FF',9,0.00,'',0,0,0,'',2,'','Minimum:','','',3,15),(8,'95801ded6f69369331ffee4172831aac',0,0,1,3,0,'FF',9,0.00,'',0,0,0,'',4,'','Current:','','',3,16),(9,'38a2601d6ab38676eacd4fad70fa449c',0,0,1,3,0,'FF',9,0.00,'',0,0,0,'',1,'','Average:','','',3,17),(10,'31fd36f9eecfff1022bebbf8284124d3',0,0,1,3,0,'FF',9,0.00,'',0,0,0,'',3,'','Maximum:','','on',3,18),(11,'1356201ec5a1edfcdb125799157885e4',0,0,2,2,21,'7F',7,0.00,'',0,0,0,'',1,'','DataSources','','',2,1),(12,'638f573f3bea2c92c33c4ef5b36f6676',0,0,2,2,0,'FF',9,0.00,'',0,0,0,'',2,'','Minimum:','','',3,2),(13,'cb283c3ea8d75bbfcbfc6af2c318d2ca',0,0,2,2,0,'FF',9,0.00,'',0,0,0,'',4,'','Current:','','',3,3),(14,'aed104112c9d02c3dcf5ef6d426e6d94',0,0,2,2,0,'FF',9,0.00,'',0,0,0,'',1,'','Average:','','',3,4),(15,'e35f2eb9a56c5bd4854700b07563bb35',0,0,2,2,0,'FF',9,0.00,'',0,0,0,'',3,'','Max:','','on',3,5),(16,'56d2404d75b888ebd26642b2c761aed9',0,0,2,2,21,'FF',4,0.00,'',0,0,0,'',3,'','Peak','','on',2,6),(17,'e31399b630bdb4fe4edd388d5f39f30d',0,0,2,1,22,'7F',7,0.00,'',0,0,0,'',1,'','RRDs','','',2,7),(18,'d97dde4ed16452e3606f97192b77f431',0,0,2,1,0,'FF',9,0.00,'',0,0,0,'',2,'','Minimum:','','',3,8),(19,'f4ce5c3b7b41afc8697e67d03ac237c5',0,0,2,1,0,'FF',9,0.00,'',0,0,0,'',4,'','Current:','','',3,9),(20,'e658a67093b52dda92170fa4de2891f7',0,0,2,1,0,'FF',9,0.00,'',0,0,0,'',1,'','Average:','','',3,10),(21,'35ad8af76239bf66294a5363b9232066',0,0,2,1,0,'FF',9,0.00,'',0,0,0,'',3,'','Max:','','on',3,11),(22,'f3ec7d169b458637d2ceaf1af37e2f27',0,0,2,1,22,'FF',4,0.00,'',0,0,0,'',3,'','Peak','','on',2,12),(23,'fcbadf401144aca864ee6e351dbefc71',0,0,3,9,21,'7F',7,0.00,'',0,0,0,'',1,'','RRD Updates','','',2,5),(24,'af50026d641256fd5680bf0a29cbd71c',0,0,3,9,0,'FF',9,0.00,'',0,0,0,'',2,'','Minimum:','','',2,6),(25,'f0b956b88bb80efdd2274e8fc854e3f6',0,0,3,9,0,'FF',9,0.00,'',0,0,0,'',4,'','Current:','','',2,7),(26,'ae0c95809d23aa0f352588e8687b18bd',0,0,3,9,0,'FF',9,0.00,'',0,0,0,'',1,'','Average:','','',2,8),(27,'dc5c9a4d95596a2f53bc3e750328bbbd',0,0,3,9,0,'FF',9,0.00,'',0,0,0,'',3,'','Maximum:','','on',2,9),(28,'110e98061ccd2b0ad3e3484cb543fc2a',0,0,3,9,21,'FF',4,0.00,'',0,0,0,'',3,'','Peak','','on',2,10),(29,'32cbb9bde78d9d3611655d4ac4e54675',0,0,4,10,9,'FF',4,0.00,'',0,0,0,'',1,'','SNMP','','',2,1),(30,'16f8e7e12c7260fd96be5ee9cfba2c3e',0,0,4,10,0,'FF',9,0.00,'',0,0,0,'',2,'','Minimum:','','',3,2),(31,'55bdcf6eadd5c7c4d92bc7bdd0a1cac5',0,0,4,10,0,'FF',9,0.00,'',0,0,0,'',4,'','Current:','','',3,3),(32,'1e8b5a13351b987ecbac92383ee69c65',0,0,4,10,0,'FF',9,0.00,'',0,0,0,'',1,'','Average:','','',3,4),(33,'869609c7466eb1aa33341fc6a9b6a35d',0,0,4,10,0,'FF',9,0.00,'',0,0,0,'',3,'','Maximum:','','on',3,5),(34,'f23734f91729f5e138af13364029c7ce',0,0,4,11,21,'FF',4,0.00,'',0,0,0,'',1,'','Scripts','','',2,6),(35,'0c61d6797018820bdef94dfe21756cf5',0,0,4,11,0,'FF',9,0.00,'',0,0,0,'',2,'','Minimum:','','',3,7),(36,'1b4d3a3012335db9379f467358c2bb6d',0,0,4,11,0,'FF',9,0.00,'',0,0,0,'',4,'','Current:','','',3,8),(37,'1830564fe0d6c049416579e32205e2a7',0,0,4,11,0,'FF',9,0.00,'',0,0,0,'',1,'','Average:','','',3,9),(38,'efdc02a9435514c364db2b92fe7fe509',0,0,4,11,0,'FF',9,0.00,'',0,0,0,'',3,'','Maximum:','','on',3,10),(39,'27d50f2128ea10ffd3e35957cb709fe0',0,0,4,12,12,'FF',4,0.00,'',0,0,0,'',1,'','Script Server','','',2,11),(40,'c9b2c90d4d9878796780cb761d73fa8f',0,0,4,12,0,'FF',9,0.00,'',0,0,0,'',2,'','Minimum:','','',3,12),(41,'637a299a9a12c774df8313a031325966',0,0,4,12,0,'FF',9,0.00,'',0,0,0,'',4,'','Current:','','',3,13),(42,'74e490ca676857d171128263ab09b706',0,0,4,12,0,'FF',9,0.00,'',0,0,0,'',1,'','Average:','','',3,14),(43,'f863289ac9e6a795504a3d050dbd324f',0,0,4,12,0,'FF',9,0.00,'',0,0,0,'',3,'','Maximum:','','on',3,15),(44,'04fb5222980d21b5251e1c9ed5d347db',0,0,5,14,9,'FF',4,0.00,'',0,0,0,'',1,'','Time','','',2,1),(45,'2ba70e81c22c689ee9c58709222ce49e',0,0,5,14,0,'FF',9,0.00,'',0,0,0,'',2,'','Minimum:','','',2,2),(46,'c727c1b340f092245c9bde6d87c6ddc6',0,0,5,14,0,'FF',9,0.00,'',0,0,0,'',4,'','Current:','','',2,3),(47,'8639f3c18e23ecf82d33e17ea2fe5f26',0,0,5,14,0,'FF',9,0.00,'',0,0,0,'',1,'','Average:','','',2,4),(48,'4dccef4553ab01ada824f8e65778c812',0,0,5,14,0,'FF',9,0.00,'',0,0,0,'',3,'','Maximum:','','on',2,5),(49,'40319938001b6d218ce1db73c88a6b3a',0,0,5,13,21,'FF',4,0.00,'',0,0,0,'',1,'','Devices','','',2,6),(50,'016456cbbd0e8192edc6ade57092ad5e',0,0,5,13,0,'FF',9,0.00,'',0,0,0,'',2,'','Minimum:','','',2,7),(51,'f5ec7bf6219291a82cf21db887e6aa4d',0,0,5,13,0,'FF',9,0.00,'',0,0,0,'',4,'','Current:','','',2,8),(52,'623af2e8a0466b4f77aa5aadda2ca456',0,0,5,13,0,'FF',9,0.00,'',0,0,0,'',1,'','Average:','','',2,9),(53,'59159dce481d701109e86a9606b32ac0',0,0,5,13,0,'FF',9,0.00,'',0,0,0,'',3,'','Maximum:','','on',2,10),(54,'3c764c5315fffd7c67b3fa1dfca25bc1',0,0,6,6,22,'FF',7,0.00,'',0,0,0,'',3,'','Processes','','',2,5),(55,'c37e620d7448ef974823943ccc11352d',0,0,6,6,0,'FF',9,0.00,'',0,0,0,'',2,'','Minimum:','','',3,6),(56,'e1d514b3cface87552f96ddd3d759769',0,0,6,6,0,'FF',9,0.00,'',0,0,0,'',4,'','Current:','','',3,7),(57,'e5840dc4e0b35c9c81ada6a3e2a28c97',0,0,6,6,0,'FF',9,0.00,'',0,0,0,'',1,'','Average:','','',3,8),(58,'8783841513dcaa7482ec88095e5a31f3',0,0,6,6,0,'FF',9,0.00,'',0,0,0,'',3,'','Maximum:','','on',3,9),(59,'75526bdbdfaf4453a152c2f3b21500e2',0,0,6,5,21,'FF',4,0.00,'',0,0,0,'',3,'','Threads','','',2,10),(60,'24f8242b4bd303dcf553472b5136497a',0,0,6,5,0,'FF',9,0.00,'',0,0,0,'',2,'','Minimum:','','',3,11),(61,'e9a67f629ecc1629fb887f1f4a736871',0,0,6,5,0,'FF',9,0.00,'',0,0,0,'',4,'','Current:','','',3,12),(62,'b3768741be21ff91be6f1b3d1854b3d9',0,0,6,5,0,'FF',9,0.00,'',0,0,0,'',1,'','Average:','','',3,13),(63,'03cc00dfac46da693a8ea5117aa71c85',0,0,6,5,0,'FF',9,0.00,'',0,0,0,'',3,'','Maximum:','','on',3,14),(64,'73babc37c735c91d6470277c475e2f15',0,0,7,15,33,'99',7,0.00,'',0,0,0,'',1,'','Memory','','',2,1),(65,'50fc91a3f4ad4e4cfc0cf8a9bd6ff8b5',0,0,7,15,0,'FF',9,0.00,'',0,0,0,'',2,'','Minimum:','','',2,2),(66,'592b60422e32093971aa2c7e11cf008c',0,0,7,15,0,'FF',9,0.00,'',0,0,0,'',4,'','Current:','','',2,3),(67,'9763a5c1d8da163c9bc6f71775f260bf',0,0,7,15,0,'FF',9,0.00,'',0,0,0,'',1,'','Average:','','',2,4),(68,'cf2232500ece6afbc42356874bd23e36',0,0,7,15,0,'FF',9,0.00,'',0,0,0,'',3,'','Maximum:','','on',2,5),(69,'cff727ebf877a5749700cc731a6ff92a',0,0,7,15,9,'FF',4,0.00,'',0,0,0,'',3,'','Peak','','on',2,6),(70,'27754544d0fc505b19738949205c6307',0,0,8,22,9,'FF',5,0.00,'',0,16,0,'',3,'','Invalid','','',2,1),(71,'0bfdda0f8488820341ecd83a11fd9be5',0,0,8,22,0,'FF',9,0.00,'',0,0,0,'',4,'','Current:','','',3,2),(72,'a4bf9518e8f49635c3b4143920081e12',0,0,8,22,0,'FF',9,0.00,'',0,0,0,'',1,'','Average:','','',3,3),(73,'365dc64f4e9cfb67eab245384ca7690e',0,0,8,22,0,'FF',9,0.00,'',0,0,0,'',3,'','Maximum:','','on',3,4),(74,'221fcbbcaf4645f84c1872814cda7c9c',0,0,8,18,12,'FF',5,0.00,'',0,16,0,'',3,'','Valid','','',2,5),(75,'b729d06939a4f87445a8ee4cddab6658',0,0,8,18,0,'FF',9,0.00,'',0,0,0,'',4,'','Current:','','',3,6),(76,'8b22c33cd263e4db5de2445bee127628',0,0,8,18,0,'FF',9,0.00,'',0,0,0,'',1,'','Average:','','',3,7),(77,'955e9fb6e7f969da1357561132bc8fc8',0,0,8,18,0,'FF',9,0.00,'',0,0,0,'',3,'','Maximum:','','on',3,8),(78,'f0a60d7066fd0b24bde61889874a31d0',0,0,9,19,67,'FF',5,0.00,'',0,16,0,'',3,'','Sleeping','','',2,1),(79,'2125e19cca095ef5d1b7ce3c4d15b359',0,0,9,19,0,'FF',9,0.00,'',0,0,0,'',4,'','Current:','','',3,2),(80,'1f3aca03fb77d7188138c06696079c53',0,0,9,19,0,'FF',9,0.00,'',0,0,0,'',1,'','Average:','','',3,3),(81,'fb3188b591f50074e9caf7bf7923a1bd',0,0,9,19,0,'FF',9,0.00,'',0,0,0,'',3,'','Maximum:','','on',3,4),(82,'4a7a0e5a40310ebea976a5ef8c1d8af6',0,0,9,16,12,'FF',5,0.00,'',0,16,0,'',3,'','Active','','',2,5),(83,'12fde6a31088c5241c4ff6c9fad6aaf3',0,0,9,16,0,'FF',9,0.00,'',0,0,0,'',4,'','Current:','','',3,6),(84,'a7ff175000c7ea9895aa5c2640ee3bfc',0,0,9,16,0,'FF',9,0.00,'',0,0,0,'',1,'','Average:','','',3,7),(85,'b7fdf087a908bf9b7f419bf2f370b4e6',0,0,9,16,0,'FF',9,0.00,'',0,0,0,'',3,'','Maximum:','','on',3,8),(86,'64503d5111bca2182bcde7beec63caf9',0,0,9,17,1,'FF',5,0.00,'',0,16,0,'',3,'','Obsolete','','',2,9),(87,'f9863f026563fcaba23870cda09370d9',0,0,9,17,0,'FF',9,0.00,'',0,0,0,'',4,'','Current:','','',3,10),(88,'fce8acbd7d5e28a3a28e9d9f34142bc6',0,0,9,17,0,'FF',9,0.00,'',0,0,0,'',1,'','Average:','','',3,11),(89,'11c44453bd1055fc824dc52d9c6cc476',0,0,9,17,0,'FF',9,0.00,'',0,0,0,'',3,'','Maximum:','','on',3,12),(90,'2a525fa0df95afc0fdc13b83ad1849b5',0,0,9,17,0,'FF',1,1.00,'',0,0,0,'',1,'','','','on',2,13),(91,'ecd93a086cd132a87249f16d6a3b95c1',0,0,9,17,0,'FF',1,1.00,'',0,0,0,'',1,'','Active is defined by activity in the last 10 minutes','','on',2,14),(92,'8e81853e0aaa20a1f9b56e8ec52b8f2f',0,0,10,20,67,'FF',5,0.00,'',0,16,0,'',3,'','sleeping users','','',2,1),(93,'7543361b2bb32daaa4418056141a7a1b',0,0,10,20,0,'FF',9,0.00,'',0,0,0,'',4,'','Current:','','',3,2),(94,'a35bf36c2139020f9595cf4a53855f2a',0,0,10,20,0,'FF',9,0.00,'',0,0,0,'',1,'','Average:','','',3,3),(95,'9cfa72d4173adb00446cefd58235266d',0,0,10,20,0,'FF',9,0.00,'',0,0,0,'',3,'','Maximum:','','on',3,4),(96,'36894aaf231e2b7f8e0001947a45fe31',0,0,10,21,12,'FF',5,0.00,'',0,16,0,'',3,'','active users','','',2,5),(97,'343950e3fdb3f1287cf276402399d870',0,0,10,21,0,'FF',9,0.00,'',0,0,0,'',4,'','Current:','','',3,6),(98,'d798830b697dba9c537a648e2d41a788',0,0,10,21,0,'FF',9,0.00,'',0,0,0,'',1,'','Average:','','',3,7),(99,'f6b89c18ac5696d55f7eda79a68de080',0,0,10,21,0,'FF',9,0.00,'',0,0,0,'',3,'','Maximum:','','on',3,8),(100,'a025ef65367c4f939c31b28baad20c6f',0,0,11,8,9,'7F',7,0.00,'',0,0,0,'',1,'','Runtime','','',2,1),(101,'8c89dcd9c2c2c5260ca9b788ccbe1078',0,0,11,8,0,'FF',9,0.00,'',0,0,0,'',2,'','Minimum:','','',2,2),(102,'16209062ba83af6572cba1467a13f9f5',0,0,11,8,0,'FF',9,0.00,'',0,0,0,'',4,'','Current:','','',2,3),(103,'f6b696f22bcc361f10dbe04c15e80d57',0,0,11,8,0,'FF',9,0.00,'',0,0,0,'',1,'','Average:','','',2,4),(104,'b1e4bdfffdbc00028d19c9119277ac8a',0,0,11,8,0,'FF',9,0.00,'',0,0,0,'',3,'','Maximum:','','on',2,5),(105,'e8f29eaa246674d4a61a8046fb5b7eaa',0,0,11,8,9,'FF',4,0.00,'',0,0,0,'',3,'','Peak','','on',2,6),(106,'038d96ab1dae9a6fb035e40b2fd03c06',0,0,12,7,220,'FF',7,0.00,'',0,0,0,'',1,'','Runtime','','',2,1),(107,'59fe6ca00d3941073defec6d4c69703d',0,0,12,7,0,'FF',9,0.00,'',0,0,0,'',2,'','Minimum:','','',2,2),(108,'b087aeb26e012ec7176a5181f6eca120',0,0,12,7,0,'FF',9,0.00,'',0,0,0,'',4,'','Current:','','',2,3),(109,'17cdf49b127716314510f18f7ea86c9a',0,0,12,7,0,'FF',9,0.00,'',0,0,0,'',1,'','Average:','','',2,4),(110,'ec5c007dced72c180e68503bf538796e',0,0,12,7,0,'FF',9,0.00,'',0,0,0,'',3,'','Maximum:','','on',2,5),(111,'d3fb4700c0b543ac780a4459cf0b75fe',0,0,12,7,220,'FF',4,1.00,'',0,0,0,'',3,'','Peak','','on',2,6),(112,'b171b0ce65711d989237df6a2a4ab0e3',0,0,13,23,33,'99',7,0.00,'',0,0,0,'',1,'','Graphs','','',2,1),(113,'3286e9c1d4b442f613843ecd31ed0f24',0,0,13,23,0,'FF',9,0.00,'',0,0,0,'',2,'','Minimum:','','',3,2),(114,'4523f4b5a43910a6d35cb39521210e17',0,0,13,23,0,'FF',9,0.00,'',0,0,0,'',4,'','Current:','','',3,3),(115,'631b712a9ec7c16cdc2cc8ab8ef8a8c8',0,0,13,23,0,'FF',9,0.00,'',0,0,0,'',1,'','Average:','','',3,4),(116,'b585ca27d990822e9f1a32dfade81359',0,0,13,23,0,'FF',9,0.00,'',0,0,0,'',3,'','Maximum:','','on',3,5),(117,'3e98b8d0b955aeb7818c1cc0c529c97f',0,0,13,23,9,'FF',4,0.00,'',0,0,0,'',3,'','Peak','','on',2,6),(118,'f39c237c29b403cf0bd9d4a695845a3e',0,0,14,24,9,'7F',7,0.00,'',0,0,0,'',1,'','Duration','','',2,1),(119,'80c57edb527d637c9d20bbf261238e4c',0,0,14,24,0,'FF',9,0.00,'',0,0,0,'',2,'','Minimum:','','',2,2),(120,'af1b340c0b30ddf1d1cb4b134733c226',0,0,14,24,0,'FF',9,0.00,'',0,0,0,'',4,'','Current:','','',2,3),(121,'ff1dffa572922628933aac2bb09b0106',0,0,14,24,0,'FF',9,0.00,'',0,0,0,'',1,'','Average:','','',2,4),(122,'0c49e83a78dd32490afa07dd00454219',0,0,14,24,0,'FF',9,0.00,'',0,0,0,'',3,'','Maximum:','','on',2,5),(123,'8cdfbd3ad8a47ed2e2302a186d9aad89',0,0,14,24,9,'FF',4,0.00,'',0,0,0,'',3,'','Peak','','on',2,6),(124,'716f1420ab963de213406a516412d2cf',0,0,15,27,349,'FF',4,1.00,'',0,0,0,'',3,'','Alarms','','',2,1),(125,'012aa68452c36b37c6544cbc789fe24c',0,0,15,27,0,'FF',9,1.00,'',0,0,0,'',4,'','Cur:','','',3,2),(126,'0df78b80285a642c905f1744428cdf95',0,0,15,27,0,'FF',9,1.00,'',0,0,0,'',1,'','Avg:','','',3,3),(127,'f121d0e8d04513d5ad418fc6211dfce0',0,0,15,27,0,'FF',9,1.00,'',0,0,0,'',3,'','Max:','','on',3,4),(128,'bae36e7e302c123f7f111bf7684bd81d',0,0,15,25,21,'FF',4,1.00,'',0,0,0,'',3,'','Incoming','','',2,5),(129,'455dae758441bd63296d97930e69a59c',0,0,15,25,0,'FF',9,1.00,'',0,0,0,'',4,'','Cur:','','',3,6),(130,'bfd0d0ce705ba3a09fc3a85fb559443f',0,0,15,25,0,'FF',9,1.00,'',0,0,0,'',1,'','Avg:','','',3,7),(131,'20227ad68815d5ba4587711147a51093',0,0,15,25,0,'FF',9,1.00,'',0,0,0,'',3,'','Max:','','on',3,8),(132,'b26d3ab2971fc848493a452850b4c9c7',0,0,15,28,348,'FF',4,1.00,'',0,0,0,'',3,'','Removals','','',2,9),(133,'8e3de9824672cf6cb9ae67c6a7f262be',0,0,15,28,0,'FF',9,1.00,'',0,0,0,'',4,'','Cur:','','',3,10),(134,'ab250b40398d352e59c1e6f3ee73ac87',0,0,15,28,0,'FF',9,1.00,'',0,0,0,'',1,'','Avg:','','',3,11),(135,'e69ef032cf24b9097eb5b4ec111ff85b',0,0,15,28,0,'FF',9,1.00,'',0,0,0,'',3,'','Max:','','on',3,12),(136,'4a633d659023cf582a3e511adf1648e7',0,0,15,29,73,'FF',4,1.00,'',0,0,0,'',3,'','Xfers','','',2,13),(137,'74310dee669e0a53ac0bd8f9b300a19c',0,0,15,29,0,'FF',9,1.00,'',0,0,0,'',4,'','Cur:','','',3,14),(138,'cc5d791912ec135b55e7902939f2c757',0,0,15,29,0,'FF',9,1.00,'',0,0,0,'',1,'','Avg:','','',3,15),(139,'30ab8cafb303abace4d2c89d43ce9a19',0,0,15,29,0,'FF',9,1.00,'',0,0,0,'',3,'','Max:','','on',3,16),(140,'d204773375b4aa791101f1d369671e7e',0,0,15,26,57,'FF',4,1.00,'',0,0,0,'',3,'','Deletes','','',2,17),(141,'caed8185f0a18522b6206c844ddbd4b6',0,0,15,26,0,'FF',9,1.00,'',0,0,0,'',4,'','Cur:','','',3,18),(142,'a50a149f9d1f6a99f576838e04b26675',0,0,15,26,0,'FF',9,1.00,'',0,0,0,'',1,'','Avg:','','',3,19),(143,'d2d64a8f38a1dbe90d069570c6e1c8ab',0,0,15,26,0,'FF',9,1.00,'',0,0,0,'',3,'','Max:','','on',3,20),(144,'df377f974b5eab4e2ca1c28ab4d5707c',0,0,16,30,147,'FF',7,1.00,'',0,0,0,'',1,'','Runtime','','',2,1),(145,'24729f911d6359d880680105a50c36eb',0,0,16,30,0,'FF',9,1.00,'',0,0,0,'',4,'','Cur:','','',2,3),(146,'6a16b23259036c99b48dba8350d8f176',0,0,16,30,0,'FF',9,1.00,'',0,0,0,'',1,'','Avg:','','',2,4),(147,'a041fe3d908ecbc0559325803199f6dd',0,0,16,30,0,'FF',9,1.00,'',0,0,0,'',3,'','Max:','','on',2,5),(148,'6aeb8ad840ad85a20c278db18b389d22',0,0,16,30,145,'FF',4,1.00,'',0,0,0,'',3,'','Peak','','on',2,6),(149,'e645404fa8f50a0728ee0f0b8497f145',0,0,17,31,357,'FF',4,1.00,'',0,0,0,'',1,'','Alerts','','',2,1),(150,'820a111195923253263fd088e6a3f26b',0,0,17,31,0,'FF',9,1.00,'',0,0,0,'',4,'','Cur:','','',3,2),(151,'ae9df897b9bf829f947805e2ac06c92f',0,0,17,31,0,'FF',9,1.00,'',0,0,0,'',1,'','Avg:','','',3,3),(152,'bbab846026945121c0978c86248cd67a',0,0,17,31,0,'FF',9,1.00,'',0,0,0,'',3,'','Max:','','on',3,4),(153,'0279878d31321a2a823b2482c3c4e2b3',0,0,17,32,78,'FF',4,1.00,'',0,0,0,'',1,'','Reports','','',2,5),(154,'4df64c107b86749dfdf7a4b127ae3a5c',0,0,17,32,0,'FF',9,1.00,'',0,0,0,'',4,'','Cur:','','',3,6),(155,'e830b1c6d23710a36411f68c617f3948',0,0,17,32,0,'FF',9,1.00,'',0,0,0,'',1,'','Avg:','','',3,7),(156,'12331f7b11cfcc046b0f1e9bc1d7fac4',0,0,17,32,0,'FF',9,1.00,'',0,0,0,'',3,'','Max:','','on',3,8),(157,'aea38ece8b8b30d21485c0b193c77eff',0,0,18,33,326,'FF',7,1.00,'',0,0,0,'',1,'','Runtime','','',2,1),(158,'5d5e84e81929c7e6ed528c3d387aafe7',0,0,18,33,0,'FF',9,1.00,'',0,0,0,'',4,'','Cur:','','',2,2),(159,'01395a1a1d3fce41cdd179a4173073d1',0,0,18,33,0,'FF',9,1.00,'',0,0,0,'',1,'','Avg:','','',2,3),(160,'373d780cb5937fcbc8ad34434f9afe0f',0,0,18,33,0,'FF',9,1.00,'',0,0,0,'',3,'','Max:','','on',2,4),(161,'43056bf401422ce4438364e8dc2b7c0d',0,0,18,33,357,'FF',4,1.00,'',0,0,0,'',3,'','Peak','','on',2,5),(162,'38d4e3f04ddea34a2bf90f74949270ab',0,0,19,34,348,'FF',7,1.00,'',0,0,0,'',1,'','Row Size','','',2,1),(163,'dd0ea182d14943eba902e7e067c4acaa',0,0,19,34,0,'FF',9,1.00,'',0,0,0,'',4,'','Cur:','','',2,2),(164,'a602db7b166a3582acef0641443ef775',0,0,19,34,0,'FF',9,1.00,'',0,0,0,'',1,'','Avg:','','',2,3),(165,'62496efcc8886713cae76027d4848eec',0,0,19,34,0,'FF',9,1.00,'',0,0,0,'',3,'','Max:','','on',2,4),(166,'db1f04ea4b4010ee7f9e1f2b6215d05f',0,0,19,34,334,'FF',4,1.00,'',0,0,0,'',3,'','Peak','','on',2,5),(167,'4e24397603819f4c6659969e94db0278',0,0,20,35,403,'FF',7,1.00,'',0,0,0,'',1,'','Records','','',2,1),(168,'0ceed612e3956938df52ae938deeffe7',0,0,20,35,0,'FF',9,1.00,'',0,0,0,'',4,'','Cur:','','',3,2),(169,'b6301d5ff8f778890f30b56ed66576ba',0,0,20,35,0,'FF',9,1.00,'',0,0,0,'',1,'','Avg:','','',3,3),(170,'f9a2893f1306147633c4fd6194975a41',0,0,20,35,0,'FF',9,1.00,'',0,0,0,'',3,'','Max:','','on',3,4),(171,'53f04b914c7976276fc3092fbd0a9e45',0,0,20,35,359,'FF',4,1.00,'',0,0,0,'',3,'','Peak','','on',2,5),(172,'753a4c827aeb53939f4bba22dfb1496a',0,0,21,36,351,'FF',7,1.00,'',0,0,0,'',1,'','Table Size','','',2,1),(173,'91e4dfa95ee8f1e20721bab7e65403f6',0,0,21,36,0,'FF',9,1.00,'',0,0,0,'',4,'','Cur:','','',2,2),(174,'aa453957c913b7a97a01eef249747984',0,0,21,36,0,'FF',9,1.00,'',0,0,0,'',1,'','Avg:','','',2,3),(175,'ac124d79912482fa498839088e206b97',0,0,21,36,0,'FF',9,1.00,'',0,0,0,'',3,'','Max:','','on',2,4),(176,'ed7b7c12f54f929d9ee94d6f47efec77',0,0,21,36,52,'FF',4,1.00,'',0,0,0,'',3,'','Peak','','on',2,5),(177,'a1113096d9a5cf96f370b863d86bb8da',0,0,22,38,145,'FF',7,1.00,'',0,0,0,'',1,'','Fetch Records','','',2,1),(178,'2403d49b2f517764311e11a235d307da',0,0,22,38,0,'FF',9,1.00,'',0,0,0,'',4,'','Cur:','','',2,2),(179,'932649e9571571435bc62ce53e59779b',0,0,22,38,0,'FF',9,1.00,'',0,0,0,'',1,'','Avg:','','',2,3),(180,'e8824f8fb582b97fc974b39f94303c97',0,0,22,38,0,'FF',9,1.00,'',0,0,0,'',3,'','Max:','','on',2,4),(181,'6f98a18a3d115120487255505690391d',0,0,22,40,411,'FF',8,1.00,'',0,0,0,'',1,'','Cycle Time','','',2,5),(182,'b254dfa21fda194dbb7c59844475b061',0,0,22,40,0,'FF',9,1.00,'',0,0,0,'',4,'','Cur:','','',2,6),(183,'696b3b72ff76cb648bf65a9dd0494ff0',0,0,22,40,0,'FF',9,1.00,'',0,0,0,'',1,'','Avg:','','',2,7),(184,'e5682ebf46d1ce91b2a2607752740724',0,0,22,40,0,'FF',9,1.00,'',0,0,0,'',3,'','Max:','','on',2,8),(185,'391228d6e2cddd2fffb105f87b02406e',0,0,22,39,62,'FF',8,1.00,'',0,0,0,'',1,'','Last Update','','',2,9),(186,'4b66e291b5c468ab395b57acedbbefb6',0,0,22,39,0,'FF',9,1.00,'',0,0,0,'',4,'','Cur:','','',2,10),(187,'ef597f67783ffb0b919c0c32bf2bc913',0,0,22,39,0,'FF',9,1.00,'',0,0,0,'',1,'','Avg:','','',2,11),(188,'4e23b63817cab703883d7eb311437734',0,0,22,39,0,'FF',9,1.00,'',0,0,0,'',3,'','Max:','','on',2,12),(189,'dd503d194079fc6f7f7d4e469a24e195',0,0,22,41,287,'FF',8,1.00,'',0,0,0,'',1,'','Template','','',2,13),(190,'e282696b254dd0225d393e752e656f01',0,0,22,41,0,'FF',9,1.00,'',0,0,0,'',4,'','Cur:','','',2,14),(191,'5302ffa84c5c94c13b91f08773f7ef81',0,0,22,41,0,'FF',9,1.00,'',0,0,0,'',1,'','Avg:','','',2,15),(192,'cf9ced491348a4232519a6c82005a47a',0,0,22,41,0,'FF',9,1.00,'',0,0,0,'',3,'','Max:','','on',2,16),(193,'82b6d4d06fdd5f02e83a3d014b210862',0,0,22,42,276,'FF',8,1.00,'',0,0,0,'',1,'','Update','','',2,17),(194,'46c2f071028021b4348cb4dedb7decea',0,0,22,42,0,'FF',9,1.00,'',0,0,0,'',4,'','Cur:','','',2,18),(195,'1d839b2e152f8e85b16fffa424444f03',0,0,22,42,0,'FF',9,1.00,'',0,0,0,'',1,'','Avg:','','',2,19),(196,'89f2fd5edf87146e624b7a5f8f3ff8f5',0,0,22,42,0,'FF',9,1.00,'',0,0,0,'',3,'','Max:','','on',2,20),(197,'f578ded21f328c5350d6810ae8b12170',0,0,22,37,357,'FF',8,1.00,'',0,0,0,'',1,'','Delete','','',2,21),(198,'44e102eb5740dd787e8b10d32383fe14',0,0,22,37,0,'FF',9,1.00,'',0,0,0,'',4,'','Cur:','','',2,22),(199,'204fbdd6a4ce01e2664c5ded5ed5a49b',0,0,22,37,0,'FF',9,1.00,'',0,0,0,'',1,'','Avg:','','',2,23),(200,'1f1faff4ad32a349cce4a728f401a200',0,0,22,37,0,'FF',9,1.00,'',0,0,0,'',3,'','Max:','','on',2,24),(201,'3ca5fb14afe1dbfe091a3f685bf918b3',0,0,22,0,1,'FF',4,1.00,'',0,12,0,'',1,'','Total','','',2,25),(202,'3c075d59646dd06b104baff9084a2f35',0,0,22,0,0,'FF',9,1.00,'',0,12,0,'',4,'','Cur:','','',2,26),(203,'d62b68535fa7e6add5585756ac1f2678',0,0,22,0,0,'FF',9,1.00,'',0,12,0,'',1,'','Avg:','','',2,27),(204,'1951085bce9526637318f74f5abbd8a2',0,0,22,0,0,'FF',9,1.00,'',0,12,0,'',3,'','Max:','','on',2,28),(205,'90aa926db140390b81939dd167f31bf9',0,0,23,43,91,'FF',7,1.00,'',0,0,0,'',1,'','Current','','',2,1),(206,'9bd0b69684b9db0be1e90ad59c8f43db',0,0,23,43,0,'FF',9,1.00,'',0,0,0,'',4,'','Cur:','','',2,2),(207,'59c30586c3796fbf6d79fcd774b3d533',0,0,23,43,0,'FF',9,1.00,'',0,0,0,'',1,'','Avg:','','',2,3),(208,'a3422cf61a1b392f9f77b653d6e73eb6',0,0,23,43,0,'FF',9,1.00,'',0,0,0,'',3,'','Max:','','on',2,4),(209,'6491296bc4cdc4dd9f40b7489c2313e1',0,0,23,44,358,'FF',4,1.00,'',0,0,0,'',3,'','Lifetime Peak','','',2,5),(210,'f689f98d2e155dc2f053bf02894bf0d5',0,0,23,44,0,'FF',9,1.00,'',0,0,0,'',4,'','Cur:','','',2,6),(211,'49867473eaf4e97ff7e10a94bff6cdee',0,0,23,44,0,'FF',9,1.00,'',0,0,0,'',1,'','Avg:','','',2,7),(212,'17d8becfd5c9e3a867a2491e49127e3b',0,0,23,44,0,'FF',9,1.00,'',0,0,0,'',3,'','Max:','','on',2,8),(213,'71bde29995acee91ce6240e7bf30a714',0,0,23,46,349,'FF',4,1.00,'',0,0,0,'',4,'','Average','','',2,9),(214,'850e9d00620c6194ff320380f7e5e019',0,0,23,46,0,'FF',9,1.00,'',0,0,0,'',4,'','Cur:','','',2,10),(215,'45c3107ed64f33eb8aa960f58a963170',0,0,23,46,0,'FF',9,1.00,'',0,0,0,'',1,'','Avg:','','',2,11),(216,'f560f3c8725c1e874f038a25f462559e',0,0,23,46,0,'FF',9,1.00,'',0,0,0,'',3,'','Max:','','on',2,12),(217,'a18377556acb58eb831bd2a7fb84a29d',0,0,23,45,27,'FF',4,1.00,'',0,0,0,'',3,'','Minimum','','',2,13),(218,'131a3570a93809d275835bcefb3c05d7',0,0,23,45,0,'FF',9,1.00,'',0,0,0,'',4,'','Cur:','','',2,14),(219,'e0baf41a67b0fff8ca61c23dd020d6bf',0,0,23,45,0,'FF',9,1.00,'',0,0,0,'',1,'','Avg:','','',2,15),(220,'f1edcf266598abc50b762c75e3ece85c',0,0,23,45,0,'FF',9,1.00,'',0,0,0,'',3,'','Max:','','on',2,16),(221,'f8a0a627660cef2011e9e58cfb25ee7c',0,0,23,43,90,'FF',4,1.00,'',0,0,0,'',3,'','Current Peak','','on',2,17),(222,'105102b5c5741b9f89c877dbb903cabb',0,0,24,47,426,'FF',7,1.00,'',0,0,0,'',3,'','SNMP','','',2,1),(223,'2ab78ee476b088eababf4ccb62fc8403',0,0,24,47,0,'FF',9,1.00,'',0,0,0,'',4,'','Cur:','','',3,2),(224,'ed62c47411851ae395a52ce26bc670e7',0,0,24,47,0,'FF',9,1.00,'',0,0,0,'',1,'','Avg:','','',3,3),(225,'757dc17ec75e4f9eca6d4117ebd42dd0',0,0,24,47,0,'FF',9,1.00,'',0,0,0,'',3,'','Max:','','on',3,4),(226,'ff6cc0639ccb1d3c0848a900a12379e8',0,0,24,49,357,'FF',8,1.00,'',0,0,0,'',1,'','Script Server','','',2,5),(227,'043f187de99960e36d87e1ce0a2f0b72',0,0,24,49,0,'FF',9,1.00,'',0,0,0,'',4,'','Cur:','','',3,6),(228,'8621e16ec9dc7e5866fc599223582de7',0,0,24,49,0,'FF',9,1.00,'',0,0,0,'',1,'','Avg:','','',3,7),(229,'cee71f7ef12c59baa96bdac49349bfa9',0,0,24,49,0,'FF',9,1.00,'',0,0,0,'',3,'','Max:','','on',3,8),(230,'942cd58c2eddcf7076c61fc019ba3eac',0,0,24,48,348,'FF',8,1.00,'',0,0,0,'',1,'','Scripts','','',2,9),(231,'686dd24b3c493c67ebd6f7d4a11483c0',0,0,24,48,0,'FF',9,1.00,'',0,0,0,'',4,'','Cur:','','',3,10),(232,'2338d1f67efe9dc28ceffe8551005df0',0,0,24,48,0,'FF',9,1.00,'',0,0,0,'',1,'','Avg:','','',3,11),(233,'5a6b48b066d09506186f6220453e785e',0,0,24,48,0,'FF',9,1.00,'',0,0,0,'',3,'','Max:','','on',3,12),(234,'2a2abecfc31410f129f059f08be26dba',0,0,25,51,144,'FF',7,1.00,'',0,0,0,'',1,'','Processes','','',2,1),(235,'8526ed34da699b32a34c9de47fce0dd9',0,0,25,51,0,'FF',9,1.00,'',0,0,0,'',4,'','Cur:','','',3,2),(236,'b21bb04a40073403e7e931cbc41457ca',0,0,25,51,0,'FF',9,1.00,'',0,0,0,'',1,'','Avg:','','',3,3),(237,'d72a4029cfc0bbdfefb616aacdbc864e',0,0,25,51,0,'FF',9,1.00,'',0,0,0,'',3,'','Max:','','on',3,4),(238,'c18009102b862009e870c67198647f85',0,0,25,50,357,'FF',4,1.00,'',0,0,0,'',1,'','Threads','','',2,5),(239,'2c16622f87cd7c1d213b8cd42e1b759e',0,0,25,50,0,'FF',9,1.00,'',0,0,0,'',4,'','Cur:','','',3,6),(240,'1024c6693b523ea3fa63d763201aec75',0,0,25,50,0,'FF',9,1.00,'',0,0,0,'',1,'','Avg:','','',3,7),(241,'f4b97f0baf923e8c7a89104012a212cf',0,0,25,50,0,'FF',9,1.00,'',0,0,0,'',3,'','Max:','','on',3,8),(242,'7175043999c84d28236e69db0fb2d0e2',0,0,26,53,9,'FF',4,0.00,'',0,0,0,'',1,'','Time','','',2,1),(243,'e41b859d762ed23daca15893e9fe8727',0,0,26,53,0,'FF',9,0.00,'',0,0,0,'',2,'','Minimum:','','',2,2),(244,'7b775daf6f91738088c320fdedcab975',0,0,26,53,0,'FF',9,0.00,'',0,0,0,'',4,'','Current:','','',2,3),(245,'ca41a8dc66c5e3d7cc828848db05c99f',0,0,26,53,0,'FF',9,0.00,'',0,0,0,'',1,'','Average:','','',2,4),(246,'3024df07146306f8c27fec3a01db3fe5',0,0,26,53,0,'FF',9,0.00,'',0,0,0,'',3,'','Maximum:','','on',2,5),(247,'43b2438bffbdcd5b7abd8102a6af1d70',0,0,26,52,21,'FF',4,0.00,'',0,0,0,'',1,'','Devices','','',2,6),(248,'7480eaaf598bebd33f6a23454c5e1625',0,0,26,52,0,'FF',9,0.00,'',0,0,0,'',2,'','Minimum:','','',2,7),(249,'147d8cbfcc339d79720a1b6c0572b463',0,0,26,52,0,'FF',9,0.00,'',0,0,0,'',4,'','Current:','','',2,8),(250,'9471ed059841dd352b66003c362383ff',0,0,26,52,0,'FF',9,0.00,'',0,0,0,'',1,'','Average:','','',2,9),(251,'40b100203ca15f90bf48f64a0e0c0579',0,0,26,52,0,'FF',9,0.00,'',0,0,0,'',3,'','Maximum:','','on',2,10),(252,'f71f6c21397cde4455ec7ce05be0c805',0,0,27,55,357,'FF',4,1.00,'',0,0,0,'',1,'','Total:','','',2,1),(253,'5a177ed26c79c1f8c0a49327593dd855',0,0,27,55,0,'FF',9,1.00,'',0,0,0,'',4,'','Cur:','','',2,2),(254,'c0d4230b4782bab828d1313be2378fa3',0,0,27,55,0,'FF',9,1.00,'',0,0,0,'',1,'','Avg:','','',2,3),(255,'d7c04af370bfaf14c841d4148f9213d2',0,0,27,55,0,'FF',9,1.00,'',0,0,0,'',3,'','Max:','','on',2,4),(256,'1f06ec5211f93c944d14a3cde570428c',0,0,27,56,343,'FF',4,1.00,'',0,0,0,'',1,'','Connect:','','',2,5),(257,'53db1d40a7526c7d7457eae04879e1ab',0,0,27,56,0,'FF',9,1.00,'',0,0,0,'',4,'','Cur:','','',2,6),(258,'2a1206a84c0c76cd3b93d1ec1116804a',0,0,27,56,0,'FF',9,1.00,'',0,0,0,'',1,'','Avg:','','',2,7),(259,'d198a15c400945de6b75e444ea180d15',0,0,27,56,0,'FF',9,1.00,'',0,0,0,'',3,'','Max:','','on',2,8),(260,'f4773a21325149011bc11b6681f0d19d',0,0,27,57,225,'FF',4,1.00,'',0,0,0,'',1,'','Lookup:','','',2,9),(261,'aec34f5241f64bd6352d222c0bb02239',0,0,27,57,0,'FF',9,1.00,'',0,0,0,'',4,'','Cur:','','',2,10),(262,'e3fca6ab743912305dc0ea5c59508012',0,0,27,57,0,'FF',9,1.00,'',0,0,0,'',1,'','Avg:','','',2,11),(263,'7490bc790de900b11faa17df41a08420',0,0,27,57,0,'FF',9,1.00,'',0,0,0,'',3,'','Max:','','on',2,13),(264,'2b5d497ecf6d2d0f4ca5edbe1729c031',0,0,27,54,353,'FF',4,1.00,'',0,0,0,'',1,'','Redirect:','','',2,14),(265,'5c204cf91b9cd5c9d7311c42ffbe620b',0,0,27,54,0,'FF',9,1.00,'',0,0,0,'',4,'','Cur:','','',2,15),(266,'ec0bc049a662c26ac028ae800ba756cb',0,0,27,54,0,'FF',9,1.00,'',0,0,0,'',1,'','Avg:','','',2,16),(267,'622fa49e702161cd45b74a4fcba9bfe5',0,0,27,54,0,'FF',9,1.00,'',0,0,0,'',3,'','Max:','','on',2,17),(268,'6aef9ddbac86a8d19be50dabdd8724da',0,0,28,58,405,'FF',7,1.00,'',0,0,0,'',1,'','Bytes:','','',2,1),(269,'d12e123a12003a100705507198109d83',0,0,28,58,0,'FF',9,1.00,'',0,0,0,'',4,'','Cur:','','',2,2),(270,'e9c1f169a5c6c07968766dca84ef11f9',0,0,28,58,0,'FF',9,1.00,'',0,0,0,'',1,'','Avg:','','',2,3),(271,'bd70cc4253c94a3f02fcaf2c90c42999',0,0,28,58,0,'FF',9,1.00,'',0,0,0,'',3,'','Max:','','on',2,4),(272,'babac9758665f7d6a8ba605266f9754b',0,0,29,59,357,'FF',7,1.00,'',0,0,0,'',1,'','Speed:','','',2,1),(273,'709ca443cd11088d1b986c4d2ef6357d',0,0,29,59,0,'FF',9,1.00,'',0,0,0,'',4,'','Cur:','','',2,2),(274,'cee4c525b099d936e3fb988921f27b5f',0,0,29,59,0,'FF',9,1.00,'',0,0,0,'',1,'','Avg:','','',2,3),(275,'d1f68670716f08b8057560d51fabf422',0,0,29,59,0,'FF',9,1.00,'',0,0,0,'',3,'','Max:','','on',2,4),(276,'dcb057c00ed0ea907246aa77a489e25c',0,0,30,60,229,'FF',7,1.00,'',0,0,0,'',1,'','Status:','','',2,1),(277,'f21839d327c9fab7dc6ad25b72dd7029',0,0,30,60,0,'FF',9,1.00,'',0,0,0,'',4,'','Cur:','','',3,2),(278,'975120273737bbebe78b70294fcb11f2',0,0,30,60,0,'FF',9,1.00,'',0,0,0,'',1,'','Avg:','','',3,3),(279,'aae174e66dfb195c115bacc2842a9aa0',0,0,30,60,0,'FF',9,1.00,'',0,0,0,'',3,'','Max:','','on',3,4),(280,'aa4e939e1bd355d7f686feea56d6406d',0,0,31,61,222,'FF',7,1.00,'',0,0,0,'',1,'','Graphs','','',2,1),(281,'153aa66af867a7986145e91a0e164776',0,0,31,61,0,'FF',9,1.00,'',0,0,0,'',4,'','Cur:','','',3,2),(282,'b950a0d6cf65ac9bd9388055fa2fedb1',0,0,31,61,0,'FF',9,1.00,'',0,0,0,'',1,'','Avg:','','',3,3),(283,'3080b6bd91d9c228b5be03fb7223ac9e',0,0,31,61,0,'FF',9,1.00,'',0,0,0,'',3,'','Max:','','on',3,4),(284,'b1ea5328178fc466a83d638d9259f06a',0,0,31,61,212,'FF',4,1.00,'',0,0,0,'',3,'','Peak','','on',2,5),(285,'af1d8f26973de2814c68761d2b1a618e',0,0,32,62,348,'FF',7,1.00,'',0,0,0,'',1,'','Duration','','',2,1),(286,'3bccd2a4912b4fda027239309ecbee64',0,0,32,62,0,'FF',9,1.00,'',0,0,0,'',4,'','Cur:','','',2,3),(287,'04ec92cd1ae1cb08a5f84b88368307a0',0,0,32,62,0,'FF',9,1.00,'',0,0,0,'',1,'','Avg:','','',2,4),(288,'0dc578df23a328a457e395b619d28219',0,0,32,62,0,'FF',9,1.00,'',0,0,0,'',3,'','Max:','','on',2,5),(289,'a59cf0171d15adf152b57663ca235918',0,0,32,62,334,'FF',4,1.00,'',0,0,0,'',3,'','Peak','','on',2,6),(290,'098b10c13a5701ddb7d4d1d2e2b0fdb7',0,0,33,63,9,'FF',7,0.00,'',0,0,0,'',1,'','CPU Usage','','',2,1),(291,'1dbda412a9926b0ee5c025aa08f3b230',0,0,33,63,0,'FF',9,0.00,'',0,0,0,'',4,'','Current:','','',3,2),(292,'725c45917146807b6a4257fc351f2bae',0,0,33,63,0,'FF',9,0.00,'',0,0,0,'',1,'','Average:','','',3,3),(293,'4e336fdfeb84ce65f81ded0e0159a5e0',0,0,33,63,0,'FF',9,0.00,'',0,0,0,'',3,'','Maximum:','','on',3,4),(294,'55f63b2553858e79aa716715955dba88',0,0,34,64,357,'FF',7,1.00,'',0,0,0,'',1,'','Time:','','',2,1),(295,'bade2e0fd8ce4c2a2a12714738ac3248',0,0,34,64,0,'FF',9,1.00,'',0,0,0,'',4,'','Cur:','','',2,2),(296,'3ea9e524e4f105a35cab3f9875a32921',0,0,34,64,0,'FF',9,1.00,'',0,0,0,'',1,'','Avg:','','',2,3),(297,'e3b50899210cefa545a5aedfe912b320',0,0,34,64,0,'FF',9,1.00,'',0,0,0,'',3,'','Max:','','on',2,4),(298,'0c16125e5f2c1a5a528a56fc2bfd639c',0,0,35,65,145,'FF',7,1.00,'',0,17,0,'',1,'','Uptime:','','',2,1),(299,'4b79bda8d293a60ca458dcf433517d26',0,0,35,65,0,'FF',9,1.00,'',0,17,0,'',4,'','Cur:','','',2,2),(300,'9a4303a20c1eef5009e87c58c8b95dd8',0,0,35,65,0,'FF',9,1.00,'',0,17,0,'',1,'','Avg:','','',2,3),(301,'e9559cbc8fbe84e648e0f39f35e3e8c5',0,0,35,65,0,'FF',9,1.00,'',0,17,0,'',3,'','Max:','','on',2,4),(302,'67b03eadc8e1d948a23326b7c6e225aa',0,0,36,66,22,'FF',4,0.00,'',0,2,0,'',3,'','','','',2,1),(303,'0470b2427dbfadb6b8346e10a71268fa',0,0,36,66,22,'7F',7,0.00,'',0,2,0,'',1,'','Inbound','','',2,2),(304,'84a5fe0db518550266309823f994ce9c',0,0,36,66,0,'FF',9,0.00,'',0,2,0,'',4,'','Current:','','',2,3),(305,'2f222f28084085cd06a1f46e4449c793',0,0,36,66,0,'FF',9,0.00,'',0,2,0,'',1,'','Average:','','',2,4),(306,'55acbcc33f46ee6d754e8e81d1b54808',0,0,36,66,0,'FF',9,0.00,'',0,2,0,'',3,'','Maximum:','','on',2,5),(307,'d71b8ba294f057e0f135cc4c644e6b0d',0,0,36,67,20,'FF',4,0.00,'',0,2,0,'',3,'','','','',2,6),(308,'fdaf2321fc890e355711c2bffc07d036',0,0,36,67,20,'7F',7,0.00,'',0,2,0,'',1,'','Outbound','','',2,7),(309,'768318f42819217ed81196d2179d3e1b',0,0,36,67,0,'FF',9,0.00,'',0,2,0,'',4,'','Current:','','',2,8),(310,'cb3aa6256dcb3acd50d4517b77a1a5c3',0,0,36,67,0,'FF',9,0.00,'',0,2,0,'',1,'','Average:','','',2,9),(311,'671e989be7cbf12c623b4e79d91c7bed',0,0,36,67,0,'FF',9,0.00,'',0,2,0,'',3,'','Maximum:','','on',2,10),(312,'7e04a041721df1f8828381a9ea2f2154',0,0,37,69,31,'FF',4,0.00,'',0,0,0,'',1,'','Discards In','','',2,1),(313,'afc8bca6b1b3030a6d71818272336c6c',0,0,37,69,0,'FF',9,0.00,'',0,0,0,'',4,'','Current:','','',2,2),(314,'6ac169785f5aeaf1cc5cdfd38dfcfb6c',0,0,37,69,0,'FF',9,0.00,'',0,0,0,'',1,'','Average:','','',2,3),(315,'178c0a0ce001d36a663ff6f213c07505',0,0,37,69,0,'FF',9,0.00,'',0,0,0,'',3,'','Maximum:','','on',2,4),(316,'8e3268c0abde7550616bff719f10ee2f',0,0,37,68,48,'FF',4,0.00,'',0,0,0,'',1,'','Errors In','','',2,5),(317,'18891392b149de63b62c4258a68d75f8',0,0,37,68,0,'FF',9,0.00,'',0,0,0,'',4,'','Current:','','',2,6),(318,'dfc9d23de0182c9967ae3dabdfa55a16',0,0,37,68,0,'FF',9,0.00,'',0,0,0,'',1,'','Average:','','',2,7),(319,'c47ba64e2e5ea8bf84aceec644513176',0,0,37,68,0,'FF',9,0.00,'',0,0,0,'',3,'','Maximum:','','on',2,8),(320,'617d10dff9bbc3edd9d733d9c254da76',0,0,37,70,18,'FF',4,0.00,'',0,0,0,'',1,'','Discards Out','','',2,9),(321,'9269a66502c34d00ac3c8b1fcc329ac6',0,0,37,70,0,'FF',9,0.00,'',0,0,0,'',4,'','Current:','','',2,10),(322,'d45deed7e1ad8350f3b46b537ae0a933',0,0,37,70,0,'FF',9,0.00,'',0,0,0,'',1,'','Average:','','',2,11),(323,'2f64cf47dc156e8c800ae03c3b893e3c',0,0,37,70,0,'FF',9,0.00,'',0,0,0,'',3,'','Maximum:','','on',2,12),(324,'57434bef8cb21283c1a73f055b0ada19',0,0,37,71,89,'FF',4,0.00,'',0,0,0,'',1,'','Errors Out','','',2,13),(325,'660a1b9365ccbba356fd142faaec9f04',0,0,37,71,0,'FF',9,0.00,'',0,0,0,'',4,'','Current:','','',2,14),(326,'28c5297bdaedcca29acf245ef4bbed9e',0,0,37,71,0,'FF',9,0.00,'',0,0,0,'',1,'','Average:','','',2,15),(327,'99098604fd0c78fd7dabac8f40f1fb29',0,0,37,71,0,'FF',9,0.00,'',0,0,0,'',3,'','Maximum:','','on',2,16),(328,'d4e5f253f01c3ea77182c5a46418fc44',0,0,38,72,25,'7F',7,0.00,'',0,0,0,'',1,'','Unicast Packets In','','',2,1),(329,'526a96add143da021c5f00d8764a6c12',0,0,38,72,0,'FF',9,0.00,'',0,0,0,'',4,'','Current:','','',2,2),(330,'81eeb46f451212f00fd7caee42a81c0b',0,0,38,72,0,'FF',9,0.00,'',0,0,0,'',1,'','Average:','','',2,3),(331,'089e4d1c3faeb00fd5dcc9622b06d656',0,0,38,72,0,'FF',9,0.00,'',0,0,0,'',3,'','Maximum:','','on',2,4),(332,'9d052e7d632c479737fbfaced0821f79',0,0,38,73,71,'7F',7,0.00,'',0,0,0,'',1,'','Unicast Packets Out','','',2,5),(333,'9b9fa6268571b6a04fa4411d8e08c730',0,0,38,73,0,'FF',9,0.00,'',0,0,0,'',4,'','Current:','','',2,6),(334,'8e8f2fbeb624029cbda1d2a6ddd991ba',0,0,38,73,0,'FF',9,0.00,'',0,0,0,'',1,'','Average:','','',2,7),(335,'c76495beb1ed01f0799838eb8a893124',0,0,38,73,0,'FF',9,0.00,'',0,0,0,'',3,'','Maximum:','','on',2,8),(336,'042d90f1a390c15509ae208bd97aa885',0,0,38,72,25,'FF',4,1.00,'',0,0,0,'',3,'','','','',2,9),(337,'3641f6b8e83ea26e73d41ceccf38b131',0,0,38,73,71,'FF',4,1.00,'',0,0,0,'',3,'','','','',2,10),(338,'fe66cb973966d22250de073405664200',0,0,39,75,25,'7F',7,0.00,'',0,0,0,'',1,'','Non-Unicast Packets In','','',2,1),(339,'1ba3fc3466ad32fdd2669cac6cad6faa',0,0,39,75,0,'FF',9,0.00,'',0,0,0,'',4,'','Current:','','',2,2),(340,'f810154d3a934c723c21659e66199cdf',0,0,39,75,0,'FF',9,0.00,'',0,0,0,'',1,'','Average:','','',2,3),(341,'98a161df359b01304346657ff1a9d787',0,0,39,75,0,'FF',9,0.00,'',0,0,0,'',3,'','Maximum:','','on',2,4),(342,'d5e55eaf617ad1f0516f6343b3f07c5e',0,0,39,74,71,'7F',7,0.00,'',0,0,0,'',1,'','Non-Unicast Packets Out','','',2,5),(343,'9fde6b8c84089b9f9044e681162e7567',0,0,39,74,0,'FF',9,0.00,'',0,0,0,'',4,'','Current:','','',2,6),(344,'9a3510727c3d9fa7e2e7a015783a99b3',0,0,39,74,0,'FF',9,0.00,'',0,0,0,'',1,'','Average:','','',2,7),(345,'451afd23f2cb59ab9b975fd6e2735815',0,0,39,74,0,'FF',9,0.00,'',0,0,0,'',3,'','Maximum:','','on',2,8),(346,'c72c76b0c6d9066a4feea17ca032b3cd',0,0,39,75,25,'FF',4,1.00,'',0,0,0,'',3,'','','','',2,9),(347,'b276e28b10447b11ee289f78e0c1ed82',0,0,40,66,22,'FF',4,0.00,'',0,0,0,'',3,'','','','',2,1),(348,'de3eefd6d6c58afabdabcaf6c0168378',0,0,40,66,22,'7F',7,0.00,'',0,0,0,'',1,'','Inbound','','',2,2),(349,'1a80fa108f5c46eecb03090c65bc9a12',0,0,40,66,0,'FF',9,0.00,'',0,0,0,'',4,'','Current:','','',2,3),(350,'fe458892e7faa9d232e343d911e845f3',0,0,40,66,0,'FF',9,0.00,'',0,0,0,'',1,'','Average:','','',2,4),(351,'175c0a68689bebc38aad2fbc271047b3',0,0,40,66,0,'FF',9,0.00,'',0,0,0,'',3,'','Maximum:','','on',2,5),(352,'f9da7d4c2da9636f2f3e37f4781954db',0,0,40,67,20,'FF',4,0.00,'',0,0,0,'',3,'','','','',2,6),(353,'1bf2283106510491ddf3b9c1376c0b31',0,0,40,67,20,'7F',4,0.00,'',0,0,0,'',1,'','Outbound','','',2,7),(354,'c5202f1690ffe45600c0d31a4a804f67',0,0,40,67,0,'FF',9,0.00,'',0,0,0,'',4,'','Current:','','',2,8),(355,'eb9794e3fdafc2b74f0819269569ed40',0,0,40,67,0,'FF',9,0.00,'',0,0,0,'',1,'','Average:','','',2,9),(356,'6bcedd61e3ccf7518ca431940c93c439',0,0,40,67,0,'FF',9,0.00,'',0,0,0,'',3,'','Maximum:','','on',2,10),(357,'11d87688979b97cf026809f75cef30be',0,0,41,66,22,'FF',4,1.00,'',0,2,0,'',3,'','','','',2,1),(358,'918e6e7d41bb4bae0ea2937b461742a4',0,0,41,66,22,'7F',7,0.00,'',0,2,0,'',1,'','Inbound','','',2,2),(359,'f19fbd06c989ea85acd6b4f926e4a456',0,0,41,66,0,'FF',9,0.00,'',0,2,0,'',4,'','Current:','','',2,3),(360,'fc150a15e20c57e11e8d05feca557ef9',0,0,41,66,0,'FF',9,0.00,'',0,2,0,'',1,'','Average:','','',2,4),(361,'ccbd86e03ccf07483b4d29e63612fb18',0,0,41,66,0,'FF',9,0.00,'',0,2,0,'',3,'','Maximum:','','on',2,5),(362,'75796e3f885739c2d7229fd25babf30d',0,0,41,67,20,'FF',4,1.00,'',0,2,0,'',3,'','','','',2,6),(363,'964c5c30cd05eaf5a49c0377d173de86',0,0,41,67,20,'7F',7,0.00,'',0,2,0,'',1,'','Outbound','','',2,7),(364,'b1a6fb775cf62e79e1c4bc4933c7e4ce',0,0,41,67,0,'FF',9,0.00,'',0,2,0,'',4,'','Current:','','',2,8),(365,'721038182a872ab266b5cf1bf7f7755c',0,0,41,67,0,'FF',9,0.00,'',0,2,0,'',1,'','Average:','','',2,9),(366,'2302f80c2c70b897d12182a1fc11ecd6',0,0,41,67,0,'FF',9,0.00,'',0,2,0,'',3,'','Maximum:','','on',2,10),(367,'4ffc7af8533d103748316752b70f8e3c',0,0,41,0,0,'FF',1,0.00,'',0,0,0,'',1,'','','','on',2,11),(368,'64527c4b6eeeaf627acc5117ff2180fd',0,0,41,67,9,'FF',2,0.00,'',0,0,0,'',1,'','95th Percentile','|95:bits:0:max:2|','',2,12),(369,'d5bbcbdbf83ae858862611ac6de8fc62',0,0,41,67,0,'FF',1,0.00,'',0,0,0,'',1,'','(|95:bits:6:max:2| mbit in+out)','','',2,13),(370,'9ee6db2f910144bc95760876d0a16a62',0,0,42,66,22,'FF',4,1.00,'',0,2,0,'',3,'','','','',2,1),(371,'1995d8c23e7d8e1efa2b2c55daf3c5a7',0,0,42,66,22,'7F',7,0.00,'',0,2,0,'',1,'','Inbound','','',2,2),(372,'55083351cd728b82cc4dde68eb935700',0,0,42,66,0,'FF',9,0.00,'',0,2,0,'',4,'','Current:','','',2,3),(373,'54782f71929e7d1734ed5ad4b8dda50d',0,0,42,66,0,'FF',9,0.00,'',0,2,0,'',1,'','Average:','','',2,4),(374,'88d3094d5dc2164cbf2f974aeb92f051',0,0,42,66,0,'FF',9,0.00,'',0,2,0,'',3,'','Maximum:','','',2,5),(375,'5b43e4102600ad75379c5afd235099c4',0,0,42,66,0,'FF',1,0.00,'',0,0,0,'',1,'','Total In:  |sum:auto:current:2:auto|','','on',2,6),(376,'c4886a8552ee60c6559de8ab16c2dcf2',0,0,42,67,20,'FF',4,1.00,'',0,2,0,'',3,'','','','',2,7),(377,'4a381a8e87d4db1ac99cf8d9078266d3',0,0,42,67,20,'7F',7,0.00,'',0,2,0,'',1,'','Outbound','','',2,8),(378,'5bff63207c7bf076d76ff3036b5dad54',0,0,42,67,0,'FF',9,0.00,'',0,2,0,'',4,'','Current:','','',2,9),(379,'979fff9d691ca35e3f4b3383d9cae43f',0,0,42,67,0,'FF',9,0.00,'',0,2,0,'',1,'','Average:','','',2,10),(380,'0e715933830112c23c15f7e3463f77b6',0,0,42,67,0,'FF',9,0.00,'',0,2,0,'',3,'','Maximum:','','',2,11),(381,'db7c15d253ca666601b3296f2574edc9',0,0,42,67,0,'FF',1,0.00,'',0,0,0,'',1,'','Total Out: |sum:auto:current:2:auto|','','on',2,12),(382,'3baa47b136f8c36ccea69196b0285a6c',0,0,43,66,22,'FF',4,1.00,'',0,0,0,'',3,'','','','',2,1),(383,'3ff8dba1ca6279692b3fcabed0bc2631',0,0,43,66,22,'7F',7,0.00,'',0,0,0,'',1,'','Inbound','','',2,2),(384,'66bfdb701c8eeadffe55e926d6e77e71',0,0,43,66,0,'FF',9,0.00,'',0,0,0,'',4,'','Current:','','',2,3),(385,'777aa88fb0a79b60d081e0e3759f1cf7',0,0,43,66,0,'FF',9,0.00,'',0,0,0,'',1,'','Average:','','',2,4),(386,'de265acbbfa99eb4b3e9f7e90c7feeda',0,0,43,66,0,'FF',9,0.00,'',0,0,0,'',3,'','Maximum:','','',2,5),(387,'76ae747365553a02313a2d8a0dd55c8a',0,0,43,66,0,'FF',1,0.00,'',0,0,0,'',1,'','Total In:  |sum:auto:current:2:auto|','','on',2,6),(388,'43a2cef12147952c703fc0fc473dec7a',0,0,43,67,20,'FF',4,1.00,'',0,0,0,'',3,'','','','',2,7),(389,'cf8c9f69878f0f595d583eac109a9be1',0,0,43,67,20,'7F',7,0.00,'',0,0,0,'',1,'','Outbound','','',2,8),(390,'54e3971b3dd751dd2509f62721c12b41',0,0,43,67,0,'FF',9,0.00,'',0,0,0,'',4,'','Current:','','',2,9),(391,'6824d29c3f13fe1e849f1dbb8377d3f1',0,0,43,67,0,'FF',9,0.00,'',0,0,0,'',1,'','Average:','','',2,10),(392,'fdaec5b9227522c758ad55882c483a83',0,0,43,67,0,'FF',9,0.00,'',0,0,0,'',3,'','Maximum:','','',2,11),(393,'d6041d14f9c8fb9b7ddcf3556f763c03',0,0,43,67,0,'FF',1,0.00,'',0,0,0,'',1,'','Total Out: |sum:auto:current:2:auto|','','on',2,12),(394,'34a594c6b419427329b10f73f40e85f7',0,0,44,72,25,'7F',7,0.00,'',0,0,0,'',1,'','Multicast Packets In','','',2,1),(395,'1540d561f6ab4b55ac810661fb0c93ee',0,0,44,72,0,'FF',9,0.00,'',0,0,0,'',4,'','Current:','','',2,2),(396,'e9e41de3845454688f838662e4c34aa7',0,0,44,72,0,'FF',9,0.00,'',0,0,0,'',1,'','Average:','','',2,3),(397,'350ebb1cd31fb46d9997bc21a00d36b1',0,0,44,72,0,'FF',9,0.00,'',0,0,0,'',3,'','Maximum:','','on',2,4),(398,'16f958e2b047113d38c7550c76ef04c8',0,0,44,73,71,'7F',7,0.00,'',0,0,0,'',1,'','Multicast Packets Out','','',2,5),(399,'a393430c1db0d9da48dca3098022cf50',0,0,44,73,0,'FF',9,0.00,'',0,0,0,'',4,'','Current:','','',2,6),(400,'3f73834149d86814a4dbbfa4052fdb14',0,0,44,73,0,'FF',9,0.00,'',0,0,0,'',1,'','Average:','','',2,7),(401,'07164e2d5ebe685b622a97250dab9cc2',0,0,44,73,0,'FF',9,0.00,'',0,0,0,'',3,'','Maximum:','','on',2,8),(402,'2a19f1c71b1ff8edea69af3f1825cec0',0,0,44,72,25,'FF',4,1.00,'',0,0,0,'',3,'','','','',2,9),(403,'e9625f33db3635e39e206334da9f99ef',0,0,44,73,71,'FF',4,1.00,'',0,0,0,'',3,'','','','',2,10),(404,'ea54bfaa4bad2b6862165840418f5fd4',0,0,45,75,25,'7F',7,0.00,'',0,0,0,'',1,'','Broadcast Packets In','','',2,1),(405,'a2508ab1f57dff7b143433ab81ff7a3e',0,0,45,75,0,'FF',9,0.00,'',0,0,0,'',4,'','Current:','','',2,2),(406,'cab434df67b94a93728ab794b1d0f6fb',0,0,45,75,0,'FF',9,0.00,'',0,0,0,'',1,'','Average:','','',2,3),(407,'29d51e734ad14bcdb3a9b7a640f2c4a3',0,0,45,75,0,'FF',9,0.00,'',0,0,0,'',3,'','Maximum:','','on',2,4),(408,'725d97e3666c2417241ca7bb67a8c902',0,0,45,74,71,'7F',7,0.00,'',0,0,0,'',1,'','Broadcast Packets Out','','',2,5),(409,'b01f45a155e10f49d640d13b50aa61a5',0,0,45,74,0,'FF',9,0.00,'',0,0,0,'',4,'','Current:','','',2,6),(410,'eb37825efbb281484cdb1e896764b73a',0,0,45,74,0,'FF',9,0.00,'',0,0,0,'',1,'','Average:','','',2,7),(411,'b18b67ef2779d5ff43843cac220d9bb9',0,0,45,74,0,'FF',9,0.00,'',0,0,0,'',3,'','Maximum:','','on',2,8),(412,'56ea543140aa516299ba202b313fc822',0,0,45,75,25,'FF',4,1.00,'',0,0,0,'',3,'','','','',2,9),(413,'ce17bd1ed1efaa2f7eb2b1fef7354d8d',0,0,45,74,71,'FF',4,1.00,'',0,0,0,'',3,'','','','',2,10),(414,'8b693a3303345abdc5ad9798895bc6c4',0,0,46,76,25,'FF',4,1.00,'',0,0,0,'',3,'','','','',2,1),(415,'80e0aa956f50c261e5143273da58b8a3',0,0,46,76,25,'7F',7,0.00,'',0,0,0,'',1,'','','','',2,2),(416,'48fdcae893a7b7496e1a61efc3453599',0,0,46,76,0,'FF',9,0.00,'',0,0,0,'',4,'','Current:','','',2,3),(417,'22f43e5fa20f2716666ba9ed9a7d1727',0,0,46,76,0,'FF',9,0.00,'',0,0,0,'',1,'','Average:','','',2,4),(418,'3e86d497bcded7af7ab8408e4908e0d8',0,0,46,76,0,'FF',9,0.00,'',0,0,0,'',3,'','Maximum:','','on',2,5),(419,'41316670b1a36171de2bda91a0cc2364',0,0,47,77,98,'FF',7,0.00,'',0,0,0,'',1,'','','','',2,1),(420,'c9e8cbdca0215b434c902e68755903ea',0,0,47,77,0,'FF',9,0.00,'',0,0,0,'',4,'','Current:','','',2,2),(421,'dab91d7093e720841393feea5bdcba85',0,0,47,77,0,'FF',9,0.00,'',0,0,0,'',1,'','Average:','','',2,3),(422,'03e5bd2151fea3c90843eb1130b84458',0,0,47,77,0,'FF',9,0.00,'',0,0,0,'',3,'','Maximum:','','on',2,4),(423,'ba00ecd28b9774348322ff70a96f2826',0,0,48,78,48,'7F',7,0.00,'',0,0,0,'',1,'','Running Processes<>','','',2,1),(424,'304244ca63d5b09e62a94c8ec6fbda8d',0,0,48,78,0,'FF',9,0.00,'',0,0,0,'',1,'','Average:','','',3,3),(425,'da1ba71a93d2ed4a2a00d54592b14157',0,0,48,78,0,'FF',9,0.00,'',0,0,0,'',3,'','Maximum:','','on',3,4),(426,'5b4f05b04f704a24c663998293fa8848',0,0,48,78,48,'FF',4,1.00,'',0,0,0,'',3,'','','','',2,5),(427,'93ad2f2803b5edace85d86896620b9da',0,0,49,79,15,'7F',7,0.00,'',0,0,0,'',1,'','1 Minute Average','','',2,1),(428,'fa1570f2b111da3555e165c7873a376b',0,0,49,79,0,'FF',9,1.00,'',0,0,0,'',4,'','Current:','','',4,2),(429,'16675723e5e9885489c2ccbbcee82ef0',0,0,49,79,0,'FF',9,1.00,'',0,0,0,'',1,'','Average:','','',4,3),(430,'31aab74f1dc7d1bf540da8cc19203944',0,0,49,79,0,'FF',9,1.00,'',0,0,0,'',3,'','Maximum:','','on',4,4),(431,'bbdfa13adc00398eed132b1ccb4337d2',0,0,49,80,8,'7F',8,0.00,'',0,0,0,'',1,'','5 Minute Average','','',2,5),(432,'0f5158874901e0ecfba9b4dc9a4f3afd',0,0,49,80,0,'FF',9,1.00,'',0,0,0,'',4,'','Current:','','',4,6),(433,'e8425ef97ba1b5d98a84bda5ea42c0e8',0,0,49,80,0,'FF',9,1.00,'',0,0,0,'',1,'','Average:','','',4,7),(434,'760f184ddf2c4f10d26f1b1eec68f579',0,0,49,80,0,'FF',9,1.00,'',0,0,0,'',3,'','Maximum:','','on',4,8),(435,'9cf6ed48a6a54b9644a1de8c9929bd4e',0,0,49,81,9,'7F',8,0.00,'',0,0,0,'',1,'','15 Minute Average','','',2,9),(436,'0dd3ea1600ef0749b7895f349de650a0',0,0,49,81,0,'FF',9,1.00,'',0,0,0,'',4,'','Current:','','',4,10),(437,'15ac9644211ac78240154a0eb3cd8b29',0,0,49,81,0,'FF',9,1.00,'',0,0,0,'',1,'','Average:','','',4,11),(438,'c45aeff75d805220a7798f46324381f6',0,0,49,81,0,'FF',9,1.00,'',0,0,0,'',3,'','Maximum:','','on',4,12),(439,'fa1bc4eff128c4da70f5247d55b8a444',0,0,49,0,1,'FF',4,0.00,'',0,12,0,'',1,'','','','on',2,13),(440,'cf0848f7482b56ea746453f90881d05e',0,0,49,79,15,'FF',4,1.00,'',0,0,0,'',3,'','','','',2,14),(441,'ebb3b6d41faaf7338fd640b8ff720cb3',0,0,49,80,8,'FF',20,1.00,'',0,0,0,'',3,'','','','',2,15),(442,'f995fe7d096e2ef4b33608328ebc0843',0,0,49,81,9,'FF',20,1.00,'',0,0,0,'',3,'','','','',2,16),(443,'5c94ac24bc0d6d2712cc028fa7d4c7d2',0,0,50,82,67,'7F',7,0.00,'',0,0,0,'',1,'','Users','','',2,1),(444,'8bc7f905526f62df7d5c2d8c27c143c1',0,0,50,82,0,'FF',9,0.00,'',0,0,0,'',4,'','Current:','','',3,2),(445,'cd074cd2b920aab70d480c020276d45b',0,0,50,82,0,'FF',9,0.00,'',0,0,0,'',1,'','Average:','','',3,3),(446,'415630f25f5384ba0c82adbdb05fe98b',0,0,50,82,0,'FF',9,0.00,'',0,0,0,'',3,'','Maximum:','','on',3,4),(447,'c55914240f7e1d4f881ea598d4de9196',0,0,50,82,67,'FF',4,1.00,'',0,0,0,'',3,'','','','',2,5),(448,'5fa7c2317f19440b757ab2ea1cae6abc',0,0,51,83,41,'FF',7,0.00,'',0,14,0,'',1,'','Free','','',2,9),(449,'b1d18060bfd3f68e812c508ff4ac94ed',0,0,51,83,0,'FF',9,0.00,'',0,14,0,'',4,'','Current:','','',2,10),(450,'780b6f0850aaf9431d1c246c55143061',0,0,51,83,0,'FF',9,0.00,'',0,14,0,'',1,'','Average:','','',2,11),(451,'2d54a7e7bb45e6c52d97a09e24b7fba7',0,0,51,83,0,'FF',9,0.00,'',0,14,0,'',3,'','Maximum:','','on',2,12),(452,'40206367a3c192b836539f49801a0b15',0,0,51,84,30,'FF',8,0.00,'',0,14,0,'',1,'','Swap','','',2,13),(453,'7ee72e2bb3722d4f8a7f9c564e0dd0d0',0,0,51,84,0,'FF',9,0.00,'',0,14,0,'',4,'','Current:','','',2,14),(454,'c8af33b949e8f47133ee25e63c91d4d0',0,0,51,84,0,'FF',9,0.00,'',0,14,0,'',1,'','Average:','','',2,15),(455,'568128a16723d1195ce6a234d353ce00',0,0,51,84,0,'FF',9,0.00,'',0,14,0,'',3,'','Maximum:','','on',2,16),(456,'6ca2161c37b0118786dbdb46ad767e5d',0,0,52,86,48,'7F',7,0.00,'',0,14,0,'',1,'','Used','','',2,1),(457,'8ef3e7fb7ce962183f489725939ea40f',0,0,52,86,0,'FF',9,0.00,'',0,14,0,'',4,'','Current:','','',2,2),(458,'3b13eb2e542fe006c9bf86947a6854fa',0,0,52,86,0,'FF',9,0.00,'',0,14,0,'',1,'','Average:','','',2,3),(459,'a751838f87068e073b95be9555c57bde',0,0,52,86,0,'FF',9,0.00,'',0,14,0,'',3,'','Maximum:','','on',2,4),(460,'5d6dff9c14c71dc1ebf83e87f1c25695',0,0,52,85,20,'7F',8,0.00,'',0,14,0,'',1,'','Available','','',2,5),(461,'b27cb9a158187d29d17abddc6fdf0f15',0,0,52,85,0,'FF',9,0.00,'',0,14,0,'',4,'','Current:','','',2,6),(462,'6c0555013bb9b964e51d22f108dae9b0',0,0,52,85,0,'FF',9,0.00,'',0,14,0,'',1,'','Average:','','',2,7),(463,'42ce58ec17ef5199145fbf9c6ee39869',0,0,52,85,0,'FF',9,0.00,'',0,14,0,'',3,'','Maximum:','','on',2,8),(464,'9bdff98f2394f666deea028cbca685f3',0,0,52,0,1,'FF',5,0.00,'',0,15,0,'',1,'','Total','','',2,9),(465,'fb831fefcf602bc31d9d24e8e456c2e6',0,0,52,0,0,'FF',9,0.00,'',0,15,0,'',4,'','Current:','','',2,10),(466,'5a958d56785a606c08200ef8dbf8deef',0,0,52,0,0,'FF',9,0.00,'',0,15,0,'',1,'','Average:','','',2,11),(467,'5ce67a658cec37f526dc84ac9e08d6e7',0,0,52,0,0,'FF',9,0.00,'',0,15,0,'',3,'','Maximum:','','on',2,12),(468,'ac0ffc9f0f2cb7f8c6cb9eb8fa73b390',0,0,52,86,48,'FF',4,1.00,'',0,0,0,'',3,'','','','',2,13),(469,'d9fc8b516374885c6c45153803e5b90a',0,0,52,85,20,'FF',20,1.00,'',0,0,0,'',3,'','','','',2,14),(470,'d77d2050be357ab067666a9485426e6b',0,0,53,87,15,'7F',7,0.00,'',0,0,0,'',1,'','1 Minute Average','','',2,1),(471,'664b23027b847964b9cf92e16538ee66',0,0,53,87,0,'FF',9,0.00,'',0,0,0,'',4,'','Current:','','',4,2),(472,'2832fe3cb648e0c7a0905d04c39e7093',0,0,53,87,0,'FF',9,0.00,'',0,0,0,'',1,'','Average:','','',4,3),(473,'12b7126f3ced07574b1e5f8bf3f1b4bc',0,0,53,87,0,'FF',9,0.00,'',0,0,0,'',3,'','Maximum:','','on',4,4),(474,'8580230d31d2851ec667c296a665cbf9',0,0,53,88,8,'7F',8,0.00,'',0,0,0,'',1,'','5 Minute Average','','',2,5),(475,'48099998fd7cddeab6685b6e3bf07b1a',0,0,53,88,0,'FF',9,0.00,'',0,0,0,'',4,'','Current:','','',4,6),(476,'af5b1e90e9ad3e2a5ce0e0cd58bdb76b',0,0,53,88,0,'FF',9,0.00,'',0,0,0,'',1,'','Average:','','',4,7),(477,'28953315320fc3bea62f8a9a094825e3',0,0,53,88,0,'FF',9,0.00,'',0,0,0,'',3,'','Maximum:','','on',4,8),(478,'2ec10edf4bfaa866b7efd544d4c3f446',0,0,53,89,9,'7F',8,0.00,'',0,0,0,'',1,'','15 Minute Average','','',2,9),(479,'efc200ea9c770725ffed0f5b75976035',0,0,53,89,0,'FF',9,0.00,'',0,0,0,'',4,'','Current:','','',4,10),(480,'b81c4fba7c56fb91f722b41c806d3fe8',0,0,53,89,0,'FF',9,0.00,'',0,0,0,'',1,'','Average:','','',4,11),(481,'520a2b1fed006bf79bd81c30b7478781',0,0,53,89,0,'FF',9,0.00,'',0,0,0,'',3,'','Maximum:','','on',4,12),(482,'f1e343e458e95676cb4fa98ccfa89be2',0,0,53,87,15,'FF',4,1.00,'',0,0,0,'',3,'','','','',2,13),(483,'401fc06aff694aef1333b2aeaafc598e',0,0,53,88,8,'FF',20,1.00,'',0,0,0,'',3,'','','','',2,14),(484,'96698209a56e2765d6b31c6a15cef66b',0,0,53,89,9,'FF',20,1.00,'',0,0,0,'',3,'','','','',2,15),(485,'5dcf25ffb22516593f0989c350e23976',0,0,54,93,142,'7F',7,1.00,'',0,14,0,'',1,'','Memory Total','','',2,1),(486,'4813c1df025417d45dd0fb5062d4f095',0,0,54,93,0,'FF',9,1.00,'',0,14,0,'',4,'','Current:','','',2,2),(487,'749d182a551ada29c6db6992cd791dbd',0,0,54,93,0,'FF',9,1.00,'',0,14,0,'',1,'','Average:','','',2,3),(488,'68beff095c894bf5336982459f8763e3',0,0,54,93,0,'FF',9,1.00,'',0,0,0,'',3,'','Maximum:','','on',2,4),(489,'95d6e4e5110b456f34324f7941d08318',0,0,54,90,35,'7F',7,0.00,'',0,14,0,'',1,'','Memory Buffers','','',2,5),(490,'0c631bfc0785a9cca68489ea87a6c3da',0,0,54,90,0,'FF',9,0.00,'',0,14,0,'',4,'','Current:','','',2,6),(491,'3468579d3b671dfb788696df7dcc1ec9',0,0,54,90,0,'FF',9,0.00,'',0,14,0,'',1,'','Average:','','',2,7),(492,'c3ddfdaa65449f99b7f1a735307f9abe',0,0,54,90,0,'FF',9,0.00,'',0,14,0,'',3,'','Maximum:','','on',2,8),(493,'8a1b44ab97d3b56207d0e9e77a035d25',0,0,54,92,30,'7F',8,0.00,'',0,14,0,'',1,'','Cache Memory','','',2,9),(494,'6db3f439e9764941ff43fbaae348f5dc',0,0,54,92,0,'FF',9,0.00,'',0,14,0,'',4,'','Current:','','',2,10),(495,'cc9b2fe7acf0820caa61c1519193f65e',0,0,54,92,0,'FF',9,0.00,'',0,14,0,'',1,'','Average:','','',2,11),(496,'9eea140bdfeaa40d50c5cdcd1f23f72d',0,0,54,92,0,'FF',9,0.00,'',0,14,0,'',3,'','Maximum:','','on',2,12),(497,'7517a40d478e28ed88ba2b2a65e16b57',0,0,54,91,52,'7F',8,0.00,'',0,14,0,'',1,'','Memory Free','','',2,13),(498,'df0c8b353d26c334cb909dc6243957c5',0,0,54,91,0,'FF',9,0.00,'',0,14,0,'',4,'','Current:','','',2,14),(499,'c41a4cf6fefaf756a24f0a9510580724',0,0,54,91,0,'FF',9,0.00,'',0,14,0,'',1,'','Average:','','',2,15),(500,'9efa8f01c6ed11364a21710ff170f422',0,0,54,91,0,'FF',9,0.00,'',0,14,0,'',3,'','Maximum:','','on',2,16),(501,'2cc00941cd1690789f952f5c9976db1a',0,0,54,93,143,'FF',4,1.00,'',0,14,0,'',3,'','','','',2,17),(502,'479deb05c1b4bc8491ddca5cdb4801a4',0,0,54,90,35,'FF',4,1.00,'',0,14,0,'',3,'','','','',2,18),(503,'876c3723c5dbd6654d13259e5976dfd0',0,0,54,92,30,'FF',20,1.00,'',0,14,0,'',3,'','','','',2,19),(504,'d35384da14f3df0baf3f276a9140661a',0,0,54,91,52,'FF',20,1.00,'',0,14,0,'',3,'','','','',2,20),(505,'38f6891b0db92aa8950b4ce7ae902741',0,0,55,94,67,'7F',7,0.00,'',0,0,0,'',1,'','Users','','',2,1),(506,'af13152956a20aa894ef4a4067b88f63',0,0,55,94,0,'FF',9,0.00,'',0,0,0,'',4,'','Current:','','',3,2),(507,'1b2388bbede4459930c57dc93645284e',0,0,55,94,0,'FF',9,0.00,'',0,0,0,'',1,'','Average:','','',3,3),(508,'6407dc226db1d03be9730f4d6f3eeccf',0,0,55,94,0,'FF',9,0.00,'',0,0,0,'',3,'','Maximum:','','on',3,4),(509,'26b0e9922e1e4c1961b9120e90881985',0,0,55,94,67,'FF',4,1.00,'',0,0,0,'',3,'','','','',2,5),(510,'fca6a530c8f37476b9004a90b42ee988',0,0,56,95,48,'7F',7,0.00,'',0,0,0,'',1,'','Running Processes','','',2,1),(511,'5acebbde3dc65e02f8fda03955852fbe',0,0,56,95,0,'FF',9,0.00,'',0,0,0,'',4,'','Current:','','',3,2),(512,'311079ffffac75efaab2837df8123122',0,0,56,95,0,'FF',9,0.00,'',0,0,0,'',1,'','Average:','','',3,3),(513,'724d27007ebf31016cfa5530fee1b867',0,0,56,95,0,'FF',9,0.00,'',0,0,0,'',3,'','Maximum:','','',3,4),(514,'aa2be4ba323b0ded621b3e34737b26a1',0,0,56,95,48,'FF',4,1.00,'',0,0,0,'',3,'','','','',2,5),(515,'53c9b0999e402a4a7cbeface3ea84479',0,0,57,96,48,'7F',7,0.00,'',0,0,0,'',1,'','System:','','',2,1),(516,'23ce25454b19d116c2665f36276178cd',0,0,57,96,0,'FF',9,0.00,'',0,0,0,'',4,'','Current:','','',5,2),(517,'8f8f596cda649b141e6fb33753328441',0,0,57,96,0,'FF',9,0.00,'',0,0,0,'',1,'','Average:','','',5,3),(518,'f64a0489181fca04c3ab9756d599cd2a',0,0,57,96,0,'FF',9,0.00,'',0,0,0,'',3,'','Maximum:','','on',5,4),(519,'444155b1d39f0414b8f7536d05725f10',0,0,57,97,6,'7F',8,0.00,'',0,0,0,'',1,'','User:','','',2,5),(520,'ff1636dec0cf9582770ebc8d41f8ad92',0,0,57,97,0,'FF',9,0.00,'',0,0,0,'',4,'','Current:','','',5,6),(521,'a9814713bdd7982063ede15294e44353',0,0,57,97,0,'FF',9,0.00,'',0,0,0,'',1,'','Average:','','',5,7),(522,'b74446b41339040c50769c528f140afc',0,0,57,97,0,'FF',9,0.00,'',0,0,0,'',3,'','Maximum:','','on',5,8),(523,'7a8fd8ba66b859e766b4b5f4f634dbce',0,0,57,98,112,'7F',8,0.00,'',0,0,0,'',1,'','Idle:','','',2,9),(524,'073b77aec68c56fb703c95e4999a99a6',0,0,57,98,0,'FF',9,0.00,'',0,0,0,'',4,'','Current:','','',5,10),(525,'3c0f7af8872c51acbf79b71b79f0bad5',0,0,57,98,0,'FF',9,0.00,'',0,0,0,'',1,'','Average:','','',5,11),(526,'ca50f081abe0f8718977f2982f2209f1',0,0,57,98,0,'FF',9,0.00,'',0,0,0,'',3,'','Maximum:','','on',5,12),(527,'709a9acaaab34bc6976eb8499f1828ce',0,0,57,0,69,'7F',8,0.00,'',0,18,0,'',1,'','IO Wait:','','',2,13),(528,'7d4a7f4d52491c0b25dcbbe2222d0f0d',0,0,57,0,0,'FF',9,0.00,'',0,18,0,'',4,'','Current:','','',5,14),(529,'75390a70fc7589c23295d9ed45aa7614',0,0,57,0,0,'FF',9,0.00,'',0,18,0,'',1,'','Average:','','',5,15),(530,'ee981253aa7b49d9761a80ec0ad1541a',0,0,57,0,0,'FF',9,0.00,'',0,18,0,'',3,'','Maximum:','','on',5,16),(531,'857bb546882bc5049e673c4188cdda8b',0,0,58,99,46,'FF',4,0.00,'',0,0,0,'',3,'','','','',2,1),(532,'e7261d3093976dbe63de4937296a9a96',0,0,58,99,46,'7F',7,0.00,'',0,0,0,'',1,'','Interrupts:','','',2,2),(533,'959854c407cfa371240c0744d44618a6',0,0,58,99,0,'FF',9,0.00,'',0,0,0,'',4,'','Current:','','',3,3),(534,'1fbdf8aef7acfbc90ba7d24b6644e432',0,0,58,99,0,'FF',9,0.00,'',0,0,0,'',1,'','Average:','','',3,4),(535,'2df153e12b5db6ae3dea51df70f73651',0,0,58,99,0,'FF',9,0.00,'',0,0,0,'',3,'','Maximum:','','on',3,5),(536,'0b502e0b5d0228d17d3c30f5a04c7083',0,0,59,100,65,'FF',4,0.00,'',0,0,0,'',3,'','','','',2,1),(537,'64c92d07fe3877e99dcc3b570ee90966',0,0,59,100,65,'7F',7,0.00,'',0,0,0,'',1,'','Context Switches:','','',2,2),(538,'72c6b8ab332e09e2894f18bcf5ba92fe',0,0,59,100,0,'FF',9,0.00,'',0,0,0,'',4,'','Current:','','',3,3),(539,'37f9956018cb4615de77aec4695fbb0c',0,0,59,100,0,'FF',9,0.00,'',0,0,0,'',1,'','Average:','','',3,4),(540,'1d7fe63be7b044229b79b6203298e506',0,0,59,100,0,'FF',9,0.00,'',0,0,0,'',3,'','Maximum:','','on',3,5),(541,'c6034b9950f1eedb9623215773ac4c0e',0,0,60,101,67,'7F',7,0.00,'',0,19,0,'',1,'','Reads:','','',2,1),(542,'fc50e9a07b1662f659e87807228fcd50',0,0,60,101,0,'FF',9,0.00,'',0,19,0,'',4,'','Current:','','',3,2),(543,'fe48830387c7065ec8411d7509d4d387',0,0,60,101,0,'FF',9,0.00,'',0,19,0,'',1,'','Average:','','',3,3),(544,'f003813991610aa5f6889a2e5a526cca',0,0,60,101,0,'FF',9,0.00,'',0,19,0,'',3,'','Maximum:','','on',3,4),(545,'822b07e6f130a6ea9c4e56b745d456bb',0,0,60,102,41,'7F',8,0.00,'',0,19,0,'',1,'','Writes:','','',2,5),(546,'9cca58312cb9a95693e7e2a2d36de347',0,0,60,102,0,'FF',9,0.00,'',0,19,0,'',4,'','Current:','','',3,6),(547,'b51a340cee28a09462ff313592a69a72',0,0,60,102,0,'FF',9,0.00,'',0,19,0,'',1,'','Average:','','',3,7),(548,'818864becb9866cf3a2121c5d4478d80',0,0,60,102,0,'FF',9,0.00,'',0,19,0,'',3,'','Maximum:','','on',3,8),(549,'4a1e068ffc8c910ee9c5307d779c2db8',0,0,60,101,67,'FF',4,1.00,'',0,19,0,'',3,'','','','',2,9),(550,'f066a69f356fc13e266d4c7b737f8c0b',0,0,60,102,41,'FF',20,1.00,'',0,19,0,'',3,'','','','',2,10),(551,'46d2518edca9b8c584eb56da6e0d8591',0,0,61,103,60,'7F',7,0.00,'',0,19,0,'',1,'','Bytes Read:','','',2,1),(552,'278e15e34511ac2901776a5b2f57d86a',0,0,61,103,0,'FF',9,0.00,'',0,19,0,'',4,'','Current:','','',2,2),(553,'af0663bb419f274a0ed0136d4bd72367',0,0,61,103,0,'FF',9,0.00,'',0,19,0,'',1,'','Average:','','',2,3),(554,'bf1430f6ead0841deedd0453863d6f12',0,0,61,103,0,'FF',9,0.00,'',0,19,0,'',3,'','Maximum:','','on',2,4),(555,'0d501ca8ba8d40edaaf84251ce59c423',0,0,61,104,31,'7F',8,0.00,'',0,19,0,'',1,'','Bytes Written:','','',2,5),(556,'214d9cdbf3964e6b96b3040a9d346cd1',0,0,61,104,0,'FF',9,0.00,'',0,19,0,'',4,'','Current:','','',2,6),(557,'9cc55857c9a94c366c7530a0c04aebe4',0,0,61,104,0,'FF',9,0.00,'',0,19,0,'',1,'','Average:','','',2,7),(558,'9e0b34da9be24a05c4e35d199158d7a8',0,0,61,104,0,'FF',9,0.00,'',0,19,0,'',3,'','Maximum:','','on',2,8),(559,'aa49ac76638f30cd1e4b873155bdb1c1',0,0,61,103,60,'FF',4,1.00,'',0,19,0,'',3,'','','','',2,9),(560,'684c38d947eb1b9b64d718ab7a3552f3',0,0,61,104,31,'FF',20,1.00,'',0,19,0,'',3,'','','','',2,10),(561,'b561ed15b3ba66d277e6d7c1640b86f7',0,0,62,106,48,'7F',7,0.00,'',0,14,0,'',1,'','Used','','',2,1),(562,'99ef051057fa6adfa6834a7632e9d8a2',0,0,62,106,0,'FF',9,0.00,'',0,14,0,'',4,'','Current:','','',2,2),(563,'3986695132d3f4716872df4c6fbccb65',0,0,62,106,0,'FF',9,0.00,'',0,14,0,'',1,'','Average:','','',2,3),(564,'0444300017b368e6257f010dca8bbd0d',0,0,62,106,0,'FF',9,0.00,'',0,14,0,'',3,'','Maximum:','','on',2,4),(565,'4d6a0b9063124ca60e2d1702b3e15e41',0,0,62,105,20,'7F',8,0.00,'',0,14,0,'',1,'','Available','','',2,5),(566,'181b08325e4d00cd50b8cdc8f8ae8e77',0,0,62,105,0,'FF',9,0.00,'',0,14,0,'',4,'','Current:','','',2,6),(567,'bba0a9ff1357c990df50429d64314340',0,0,62,105,0,'FF',9,0.00,'',0,14,0,'',1,'','Average:','','',2,7),(568,'d4a67883d53bc1df8aead21c97c0bc52',0,0,62,105,0,'FF',9,0.00,'',0,14,0,'',3,'','Maximum:','','on',2,8),(569,'253c9ec2d66905245149c1c2dc8e536e',0,0,62,0,1,'FF',5,0.00,'',0,15,0,'',1,'','Total','','',2,9),(570,'ea9ea883383f4eb462fec6aa309ba7b5',0,0,62,0,0,'FF',9,0.00,'',0,15,0,'',4,'','Current:','','',2,10),(571,'83b746bcaba029eeca170a9f77ec4864',0,0,62,0,0,'FF',9,0.00,'',0,15,0,'',1,'','Average:','','',2,11),(572,'82e01dd92fd37887c0696192efe7af65',0,0,62,0,0,'FF',9,0.00,'',0,15,0,'',3,'','Maximum:','','on',2,12),(573,'a198acfb7af4b149e97b2eeae05f7854',0,0,62,106,48,'FF',4,1.00,'',0,0,0,'',3,'','','','',2,13),(574,'fa2011b811862c238b476b5cd1d648e4',0,0,62,105,20,'FF',20,1.00,'',0,0,0,'',3,'','','','',2,14),(575,'d80e4a4901ab86ee39c9cc613e13532f',0,0,63,108,20,'7F',7,0.00,'',0,0,0,'',1,'','Total','','',2,1),(576,'567c2214ee4753aa712c3d101ea49a5d',0,0,63,108,0,'FF',9,0.00,'',0,0,0,'',4,'','Current:','','',2,2),(577,'ba0b6a9e316ef9be66abba68b80f7587',0,0,63,108,0,'FF',9,0.00,'',0,0,0,'',1,'','Average:','','',2,3),(578,'4b8e4a6bf2757f04c3e3a088338a2f7a',0,0,63,108,0,'FF',9,0.00,'',0,0,0,'',3,'','Maximum:','','on',2,4),(579,'16d6a9a7f608762ad65b0841e5ef4e9c',0,0,63,107,48,'7F',7,0.00,'',0,0,0,'',1,'','Used','','',2,5),(580,'2c35b5cae64c5f146a55fcb416dd14b5',0,0,63,107,0,'FF',9,0.00,'',0,0,0,'',4,'','Current:','','',2,6),(581,'36fa8063df3b07cece878d54443db727',0,0,63,107,0,'FF',9,0.00,'',0,0,0,'',1,'','Average:','','',2,7),(582,'b7b381d47972f836785d338a3bef6661',0,0,63,107,0,'FF',9,0.00,'',0,0,0,'',3,'','Maximum:','','on',2,8),(583,'fd1f89bda6ca439507b8b10a6895ef83',0,0,63,108,20,'FF',4,1.00,'',0,0,0,'',1,'','','','',2,9),(584,'204c34152b67dada375e7a147ebe7b3f',0,0,63,107,344,'FF',4,1.00,'',0,0,0,'',1,'','','','',2,10),(585,'42537599b5fb8ea852240b58a58633de',0,0,64,109,9,'7F',7,0.00,'',0,0,0,'',1,'','CPU Utilization','','',2,1),(586,'d478a76de1df9edf896c9ce51506c483',0,0,64,109,0,'FF',9,0.00,'',0,0,0,'',4,'','Current:','','',3,2),(587,'8536e034ab5268a61473f1ff2f6bd88f',0,0,64,109,0,'FF',9,0.00,'',0,0,0,'',1,'','Average:','','',3,3),(588,'87e10f9942b625aa323a0f39b60058e7',0,0,64,109,0,'FF',9,0.00,'',0,0,0,'',3,'','Maximum:','','on',3,4),(589,'309fd90f1a335fc13383a332a06504f1',0,0,64,109,9,'FF',4,1.00,'',0,0,0,'',3,'','','','',2,5),(590,'5f1c879abc0726777fca0fc789389c83',0,0,65,116,81,'7F',7,0.00,'',0,0,0,'',1,'','Bytes Read','','',2,1),(591,'51c0118319b44f47189ae31f0309f9f0',0,0,65,116,0,'FF',9,0.00,'',0,0,0,'',4,'','Current:','','',2,2),(592,'0f89b5078bf70f0af2bf78234b23f00d',0,0,65,116,0,'FF',9,0.00,'',0,0,0,'',1,'','Average:','','',2,3),(593,'0120d481227fa168959c10bb270caa18',0,0,65,116,0,'FF',9,0.00,'',0,0,0,'',3,'','Maximum:','','on',2,4),(594,'e73e2f5934a93891e7cbc573904bd6b4',0,0,65,111,31,'7F',8,0.00,'',0,0,0,'',1,'','Bytes Written','','',2,5),(595,'1c6656d52338c4abb6dadf149bfed8bf',0,0,65,111,0,'FF',9,0.00,'',0,0,0,'',4,'','Current:','','',2,6),(596,'e37e7851de6f4fbcb7d56a154a105e87',0,0,65,111,0,'FF',9,0.00,'',0,0,0,'',1,'','Average:','','',2,7),(597,'70eee256f03cfc9b2c94b79764c919f7',0,0,65,111,0,'FF',9,0.00,'',0,0,0,'',3,'','Maximum:','','on',2,8),(598,'bdca605f97fdfba3d40218f3fd1c6cb2',0,0,65,116,81,'FF',4,1.00,'',0,0,0,'',3,'','','','',2,9),(599,'592330a782c1e3234b068ba5c654b27e',0,0,65,111,31,'FF',20,1.00,'',0,0,0,'',3,'','','','',2,10),(600,'2f92441bafd3b0ac3d8a7b8f14f7e7f4',0,0,66,113,25,'7F',7,0.00,'',0,0,0,'',1,'','1 Minute:','','',2,1),(601,'95c77bfdeab8864b3308a8ddae8a16d6',0,0,66,113,0,'FF',9,1.00,'',0,0,0,'',4,'','Current:','','',2,2),(602,'3742a4866a8778864fc50f1f9ae10b06',0,0,66,113,0,'FF',9,1.00,'',0,0,0,'',1,'','Average:','','',2,3),(603,'aaaaa65c1525d22a62fd821c2b2ed7c5',0,0,66,113,0,'FF',9,1.00,'',0,0,0,'',3,'','Maximum:','','on',2,4),(604,'0a493360ea80b6c42fab0a25a4035ac9',0,0,66,114,31,'7F',8,0.00,'',0,0,0,'',1,'','5 Minute:','','',2,5),(605,'b60da656f73dc1d11635625c2e6ef8c1',0,0,66,114,0,'FF',9,1.00,'',0,0,0,'',4,'','Current:','','',2,6),(606,'d44df4adf7c34dc15e76ab871c0f7ce6',0,0,66,114,0,'FF',9,1.00,'',0,0,0,'',1,'','Average:','','',2,7),(607,'e087987a73b788ff5661f66a9874fa59',0,0,66,114,0,'FF',9,1.00,'',0,0,0,'',3,'','Maximum:','','on',2,8),(608,'c970fc901877e404e96c0f5e3ff294b5',0,0,66,115,9,'7F',8,0.00,'',0,0,0,'',1,'','15 Minute:','','',2,9),(609,'3794dae61e4e3edbdede2cb237154dc6',0,0,66,115,0,'FF',9,1.00,'',0,0,0,'',4,'','Current:','','',2,10),(610,'e585d22bc3d118452e586f731769954e',0,0,66,115,0,'FF',9,1.00,'',0,0,0,'',1,'','Average:','','',2,11),(611,'31e471174c77bdb8c2b88f126732e2ea',0,0,66,115,0,'FF',9,1.00,'',0,0,0,'',3,'','Maximum:','','on',2,12),(612,'de8cc8b4d0b3bce5a15e0332abcc89f3',0,0,66,113,25,'FF',4,1.00,'',0,0,0,'',4,'','','','',2,13),(613,'9ab1319b03c5582751de0e918d27ba36',0,0,66,114,31,'FF',20,1.00,'',0,0,0,'',3,'','','','',2,14),(614,'5642ca20de5f7a517d4fe1b32c67d05f',0,0,66,115,9,'FF',20,1.00,'',0,0,0,'',3,'','','','',2,15),(615,'6b85618a4561027dc8dcb67583fdca53',0,0,67,110,21,'7F',7,0.00,'',0,0,0,'',1,'','Device Reads:','','',3,1),(616,'44c288205e20b2728a49386848edef0b',0,0,67,110,0,'FF',9,0.00,'',0,0,0,'',4,'','Last:','','',3,2),(617,'582b30daf33cec747505d4aa1b5beab3',0,0,67,110,0,'FF',9,0.00,'',0,0,0,'',2,'','Minimum:','','',3,3),(618,'0e1db768b3c884e7b70ef9c5f1b5c299',0,0,67,110,0,'FF',9,0.00,'',0,0,0,'',1,'','Average:','','',3,4),(619,'d22a3018c9394f9c72e6a39535facd0d',0,0,67,110,0,'FF',9,0.00,'',0,0,0,'',3,'','Maximum:','','on',3,5),(620,'169f60ae37d15d6981fca7ab5b5899bb',0,0,67,112,9,'7F',8,0.00,'',0,0,0,'',1,'','Device Writes:','','',3,6),(621,'36692ccb814a0c7d7c1c4ed1fa51a185',0,0,67,112,0,'FF',9,0.00,'',0,0,0,'',4,'','Last:','','',3,7),(622,'8a880165df484c71ab809559158e2a15',0,0,67,112,0,'FF',9,0.00,'',0,0,0,'',2,'','Minumum:','','',3,8),(623,'634c71aa9ed03895176a26aceb375d83',0,0,67,112,0,'FF',9,0.00,'',0,0,0,'',1,'','Average:','','',3,9),(624,'168911021bc829a8abf4d4bfeacbe1d3',0,0,67,112,0,'FF',9,0.00,'',0,0,0,'',3,'','Maximum:','','on',3,10),(625,'ce2b53b34a50ce8c54c8849b1c8baf9e',0,0,67,110,21,'FF',4,1.00,'',0,0,0,'',3,'','','','',2,11),(626,'7675101daedceb6fd63d927e304f6273',0,0,67,112,9,'FF',20,1.00,'',0,0,0,'',3,'','','','',2,12),(631,'',427,2,49,118,15,'7F',7,0.00,'',0,0,0,'',1,'','1 Minute Average','','',2,1),(632,'',428,2,49,118,0,'FF',9,1.00,'',0,0,0,'',4,'','Current:','','',4,2),(633,'',429,2,49,118,0,'FF',9,1.00,'',0,0,0,'',1,'','Average:','','',4,3),(634,'',430,2,49,118,0,'FF',9,1.00,'',0,0,0,'',3,'','Maximum:','','on',4,4),(635,'',431,2,49,119,8,'7F',8,0.00,'',0,0,0,'',1,'','5 Minute Average','','',2,5),(636,'',432,2,49,119,0,'FF',9,1.00,'',0,0,0,'',4,'','Current:','','',4,6),(637,'',433,2,49,119,0,'FF',9,1.00,'',0,0,0,'',1,'','Average:','','',4,7),(638,'',434,2,49,119,0,'FF',9,1.00,'',0,0,0,'',3,'','Maximum:','','on',4,8),(639,'',435,2,49,120,9,'7F',8,0.00,'',0,0,0,'',1,'','15 Minute Average','','',2,9),(640,'',436,2,49,120,0,'FF',9,1.00,'',0,0,0,'',4,'','Current:','','',4,10),(641,'',437,2,49,120,0,'FF',9,1.00,'',0,0,0,'',1,'','Average:','','',4,11),(642,'',438,2,49,120,0,'FF',9,1.00,'',0,0,0,'',3,'','Maximum:','','on',4,12),(643,'',439,2,49,0,1,'FF',4,0.00,'',0,12,0,'',1,'','','','on',2,13),(644,'',440,2,49,118,15,'FF',4,1.00,'',0,0,0,'',3,'','','','',2,14),(645,'',441,2,49,119,8,'FF',20,1.00,'',0,0,0,'',3,'','','','',2,15),(646,'',442,2,49,120,9,'FF',20,1.00,'',0,0,0,'',3,'','','','',2,16),(647,'',443,3,50,121,67,'7F',7,0.00,'',0,0,0,'',1,'','Users','','',2,1),(648,'',444,3,50,121,0,'FF',9,0.00,'',0,0,0,'',4,'','Current:','','',3,2),(649,'',445,3,50,121,0,'FF',9,0.00,'',0,0,0,'',1,'','Average:','','',3,3),(650,'',446,3,50,121,0,'FF',9,0.00,'',0,0,0,'',3,'','Maximum:','','on',3,4),(651,'',447,3,50,121,67,'FF',4,1.00,'',0,0,0,'',3,'','','','',2,5),(652,'',448,4,51,122,41,'FF',7,0.00,'',0,14,0,'',1,'','Free','','',2,9),(653,'',449,4,51,122,0,'FF',9,0.00,'',0,14,0,'',4,'','Current:','','',2,10),(654,'',450,4,51,122,0,'FF',9,0.00,'',0,14,0,'',1,'','Average:','','',2,11),(655,'',451,4,51,122,0,'FF',9,0.00,'',0,14,0,'',3,'','Maximum:','','on',2,12),(656,'',452,4,51,123,30,'FF',8,0.00,'',0,14,0,'',1,'','Swap','','',2,13),(657,'',453,4,51,123,0,'FF',9,0.00,'',0,14,0,'',4,'','Current:','','',2,14),(658,'',454,4,51,123,0,'FF',9,0.00,'',0,14,0,'',1,'','Average:','','',2,15),(659,'',455,4,51,123,0,'FF',9,0.00,'',0,14,0,'',3,'','Maximum:','','on',2,16),(660,'22054bac891981d4b7a8cd38c15be41a',0,0,68,124,440,'FF',7,0.00,NULL,NULL,0,0,NULL,1,NULL,'Interrupts','','',8,1),(661,'e4572c874a0065c696c9ccad4594034c',0,0,68,124,0,'FF',9,0.00,NULL,NULL,0,0,NULL,4,NULL,'Cur:','','',8,2),(662,'0142c5d04512e9013d7f1b486b33306c',0,0,68,124,0,'FF',9,0.00,NULL,NULL,0,0,NULL,1,NULL,'Avg:','','',8,3),(663,'52ea939cc7d7c635e50c0c70196fad4b',0,0,68,124,0,'FF',9,0.00,NULL,NULL,0,0,NULL,3,NULL,'Max:','','on',8,4),(664,'1380de3931494ffe7b5ae6259eb48b03',0,0,69,125,441,'FF',7,0.00,NULL,NULL,0,0,NULL,1,NULL,'Context Switches','','',8,1),(665,'c5123a4a16cff2363d8bec2af50ff998',0,0,69,125,0,'FF',9,0.00,NULL,NULL,0,0,NULL,4,NULL,'Cur:','','',8,2),(666,'be4e2cdfc5b38cb4ed811692ddb6e647',0,0,69,125,0,'FF',9,0.00,NULL,NULL,0,0,NULL,1,NULL,'Avg:','','',8,3),(667,'807a10332ec369786f8069d119a9fcc4',0,0,69,125,0,'FF',9,0.00,NULL,NULL,0,0,NULL,3,NULL,'Max:','','on',8,4),(668,'447f8b789b87a3fa53babc373b3a5d7e',0,0,70,126,442,'FF',7,0.00,NULL,NULL,0,0,NULL,1,NULL,'Forks','','',8,1),(669,'473bc72c12b0b5dc842a3ef7fd551c98',0,0,70,126,0,'FF',9,0.00,NULL,NULL,0,0,NULL,4,NULL,'Cur:','','',8,2),(670,'b8fa7b01e96061381a2e680cba32f92c',0,0,70,126,0,'FF',9,0.00,NULL,NULL,0,0,NULL,1,NULL,'Avg:','','',8,3),(671,'b12a44e35676bcb31a6537ff6ee778c0',0,0,70,126,0,'FF',9,0.00,NULL,NULL,0,0,NULL,3,NULL,'Max:','','on',8,4),(672,'0031124ec89d286db4a5e146d53d2d90',0,0,71,135,443,'FF',7,0.00,NULL,NULL,0,0,NULL,1,NULL,'CPU User','','',8,1),(673,'a49276a61d5ecc57e3fc3a86606eb215',0,0,71,135,0,'FF',9,0.00,NULL,NULL,0,0,NULL,4,NULL,'Cur:','','',8,2),(674,'7a744f615eefb2a83669bbe7739062c8',0,0,71,135,0,'FF',9,0.00,NULL,NULL,0,0,NULL,1,NULL,'Avg:','','',8,3),(675,'73f2393e45c0d793930a681c717e7b7a',0,0,71,135,0,'FF',9,0.00,NULL,NULL,0,0,NULL,3,NULL,'Max:','','on',8,4),(676,'eb79b16dd7ff0b40a011af533d064e0d',0,0,71,127,444,'FF',8,0.00,NULL,NULL,0,0,NULL,1,NULL,'CPU Nice','','',8,5),(677,'1606fedb06c13eab32a720f0e646bda2',0,0,71,127,0,'FF',9,0.00,NULL,NULL,0,0,NULL,4,NULL,'Cur:','','',8,6),(678,'88d36eb8108f160aa455aee950f90cb2',0,0,71,127,0,'FF',9,0.00,NULL,NULL,0,0,NULL,1,NULL,'Avg:','','',8,7),(679,'7121a29c2b911568bca76e563a911d3c',0,0,71,127,0,'FF',9,0.00,NULL,NULL,0,0,NULL,3,NULL,'Max:','','on',8,8),(680,'60a36cee9db9adff502780a891abb0e7',0,0,71,132,445,'FF',8,0.00,NULL,NULL,0,0,NULL,1,NULL,'CPU System','','',8,9),(681,'6ccad6e74f733c6ee9d76343a34a4a41',0,0,71,132,0,'FF',9,0.00,NULL,NULL,0,0,NULL,4,NULL,'Cur:','','',8,10),(682,'ad42d705f2109e399de01b37361e2238',0,0,71,132,0,'FF',9,0.00,NULL,NULL,0,0,NULL,1,NULL,'Avg:','','',8,11),(683,'80a0a8eece76fc31b49271478079d6b7',0,0,71,132,0,'FF',9,0.00,NULL,NULL,0,0,NULL,3,NULL,'Max:','','on',8,12),(684,'f832578db2ef5ef285db9cecbf11fb67',0,0,71,129,446,'FF',8,0.00,NULL,NULL,0,0,NULL,1,NULL,'CPU Idle','','',8,13),(685,'99e50f2e9ef5781f5ae1cbc09adae4e6',0,0,71,129,0,'FF',9,0.00,NULL,NULL,0,0,NULL,4,NULL,'Cur:','','',8,14),(686,'996f45f6d9f46643eab6f6b6bd9eb044',0,0,71,129,0,'FF',9,0.00,NULL,NULL,0,0,NULL,1,NULL,'Avg:','','',8,15),(687,'2acf9b025db8e415df2e4bd1a4e89499',0,0,71,129,0,'FF',9,0.00,NULL,NULL,0,0,NULL,3,NULL,'Max:','','on',8,16),(688,'2b8d9ca581713356b604d11284b2702a',0,0,71,131,447,'FF',8,0.00,NULL,NULL,0,0,NULL,1,NULL,'CPU Iowait','','',8,17),(689,'0bc2ab8ddb34298d4d74c2fe81f12a20',0,0,71,131,0,'FF',9,0.00,NULL,NULL,0,0,NULL,4,NULL,'Cur:','','',8,18),(690,'9e66f22a5b3774ac05365fcc5bbe4597',0,0,71,131,0,'FF',9,0.00,NULL,NULL,0,0,NULL,1,NULL,'Avg:','','',8,19),(691,'78fc3702052739522405ce2a04d7f900',0,0,71,131,0,'FF',9,0.00,NULL,NULL,0,0,NULL,3,NULL,'Max:','','on',8,20),(692,'20ee87e7aa87119cc9300b1fd7461e56',0,0,71,130,448,'FF',8,0.00,NULL,NULL,0,0,NULL,1,NULL,'CPU Irq','','',8,21),(693,'6b075aeac860719b2d93fd734502d474',0,0,71,130,0,'FF',9,0.00,NULL,NULL,0,0,NULL,4,NULL,'Cur:','','',8,22),(694,'75fdd8e12f7beb1e7cc434a3684af54a',0,0,71,130,0,'FF',9,0.00,NULL,NULL,0,0,NULL,1,NULL,'Avg:','','',8,23),(695,'7458a87ae3b0ffb9d725cbe0619cc33e',0,0,71,130,0,'FF',9,0.00,NULL,NULL,0,0,NULL,3,NULL,'Max:','','on',8,24),(696,'e7bea63f607b7df35e6df47c20638176',0,0,71,134,449,'FF',8,0.00,NULL,NULL,0,0,NULL,1,NULL,'CPU Softirq','','',8,25),(697,'426df079310d545203643cf0ce6c245f',0,0,71,134,0,'FF',9,0.00,NULL,NULL,0,0,NULL,4,NULL,'Cur:','','',8,26),(698,'fdd67cd8df0f910c5b22375eb587a24a',0,0,71,134,0,'FF',9,0.00,NULL,NULL,0,0,NULL,1,NULL,'Avg:','','',8,27),(699,'726cdeaf525af857f74902ceb4770a45',0,0,71,134,0,'FF',9,0.00,NULL,NULL,0,0,NULL,3,NULL,'Max:','','on',8,28),(700,'37f8cf6298e9d69fa673b451ff35bc75',0,0,71,128,450,'FF',8,0.00,NULL,NULL,0,0,NULL,1,NULL,'CPU Steal','','',8,29),(701,'0ef955eb1a66d8d5f4365fa22eff8716',0,0,71,128,0,'FF',9,0.00,NULL,NULL,0,0,NULL,4,NULL,'Cur:','','',8,30),(702,'44631975e776cbfcd4ba75a8754909ef',0,0,71,128,0,'FF',9,0.00,NULL,NULL,0,0,NULL,1,NULL,'Avg:','','',8,31),(703,'2f71941334aabf48878c3c8504587e96',0,0,71,128,0,'FF',9,0.00,NULL,NULL,0,0,NULL,3,NULL,'Max:','','on',8,32),(704,'835385d981be2945c35ff927b8be9fcf',0,0,71,133,451,'FF',8,0.00,NULL,NULL,0,0,NULL,1,NULL,'CPU Guest','','',8,33),(705,'c6f5cd25f79e518d9436a80023e58756',0,0,71,133,0,'FF',9,0.00,NULL,NULL,0,0,NULL,4,NULL,'Cur:','','',8,34),(706,'b65525d19acbf94309b6f44b7f3441c9',0,0,71,133,0,'FF',9,0.00,NULL,NULL,0,0,NULL,1,NULL,'Avg:','','',8,35),(707,'94ff5b7e4f5c503ac487a62c884fe940',0,0,71,133,0,'FF',9,0.00,NULL,NULL,0,0,NULL,3,NULL,'Max:','','on',8,36),(708,'1bfb6e6725b57dafbeb954627641e2cd',0,0,72,136,452,'FF',7,0.00,NULL,NULL,0,0,NULL,1,NULL,'Loadavg','','',8,1),(709,'e9602c4a04306f30e28541c57942d997',0,0,72,136,0,'FF',9,0.00,NULL,NULL,0,0,NULL,4,NULL,'Cur:','','',8,2),(710,'59094f514eb8da9a39c03a51967ede7b',0,0,72,136,0,'FF',9,0.00,NULL,NULL,0,0,NULL,1,NULL,'Avg:','','',8,3),(711,'4dce368b77bddedf42f6b3d5bda13bf3',0,0,72,136,0,'FF',9,0.00,NULL,NULL,0,0,NULL,3,NULL,'Max:','','on',8,4),(712,'6fcc9bd8e2dd56a5968d0d4584285bae',0,0,73,137,453,'FF',7,0.00,NULL,NULL,0,0,NULL,1,NULL,'Numusers','','',8,1),(713,'1dbae9452124c348fb341dc39dd2100e',0,0,73,137,0,'FF',9,0.00,NULL,NULL,0,0,NULL,4,NULL,'Cur:','','',8,2),(714,'53e2e4c722b0346817585f49c75ebf0a',0,0,73,137,0,'FF',9,0.00,NULL,NULL,0,0,NULL,1,NULL,'Avg:','','',8,3),(715,'7ee6ff2ed0290c2cd10f10377734df7e',0,0,73,137,0,'FF',9,0.00,NULL,NULL,0,0,NULL,3,NULL,'Max:','','on',8,4),(716,'0ed6b827a88d97548edf092f43ddc1fc',0,0,74,138,454,'FF',7,0.00,NULL,NULL,0,0,NULL,1,NULL,'Memused','','',8,1),(717,'b7d9c50e29ebe0691bb23a0480aa3b99',0,0,74,138,0,'FF',9,0.00,NULL,NULL,0,0,NULL,4,NULL,'Cur:','','',8,2),(718,'81595a4f42a4c2a194a9288b897c9f8d',0,0,74,138,0,'FF',9,0.00,NULL,NULL,0,0,NULL,1,NULL,'Avg:','','',8,3),(719,'0218ccf8640013d2d7cb1e25e1b0f2c7',0,0,74,138,0,'FF',9,0.00,NULL,NULL,0,0,NULL,3,NULL,'Max:','','on',8,4),(720,'196d434f91ef45fd4c0ed04f3bfd1195',0,0,74,140,455,'FF',8,0.00,NULL,NULL,0,0,NULL,1,NULL,'Memcached','','',8,5),(721,'bbd9c66754936c652a2ee730b7aaf81c',0,0,74,140,0,'FF',9,0.00,NULL,NULL,0,0,NULL,4,NULL,'Cur:','','',8,6),(722,'eb5321a04459e2c6c16281ab014e1524',0,0,74,140,0,'FF',9,0.00,NULL,NULL,0,0,NULL,1,NULL,'Avg:','','',8,7),(723,'c32c1a65f09a032af587cd200625b0b5',0,0,74,140,0,'FF',9,0.00,NULL,NULL,0,0,NULL,3,NULL,'Max:','','on',8,8),(724,'523984c60bc1acdaea63a207ff2de339',0,0,74,139,456,'FF',8,0.00,NULL,NULL,0,0,NULL,1,NULL,'Membuffer','','',8,9),(725,'9f764a92c3b504cdeeaccc6e85c39fee',0,0,74,139,0,'FF',9,0.00,NULL,NULL,0,0,NULL,4,NULL,'Cur:','','',8,10),(726,'1b10d005fbbc21131d6a1f1a93326b7e',0,0,74,139,0,'FF',9,0.00,NULL,NULL,0,0,NULL,1,NULL,'Avg:','','',8,11),(727,'fddbadd79d1784c78fc58fe04a6c4228',0,0,74,139,0,'FF',9,0.00,NULL,NULL,0,0,NULL,3,NULL,'Max:','','on',8,12),(728,'e9934f4ee9ab742f470a71b9cd1afdc6',0,0,74,142,457,'FF',8,0.00,NULL,NULL,0,0,NULL,1,NULL,'Memshared','','',8,13),(729,'0f80429ab6d2f04207f60c1ebe4563ae',0,0,74,142,0,'FF',9,0.00,NULL,NULL,0,0,NULL,4,NULL,'Cur:','','',8,14),(730,'2e83d986f9cabdc8e9975e82b4c3989a',0,0,74,142,0,'FF',9,0.00,NULL,NULL,0,0,NULL,1,NULL,'Avg:','','',8,15),(731,'6d7cb7a7a4ed9110902bc54dc04497b4',0,0,74,142,0,'FF',9,0.00,NULL,NULL,0,0,NULL,3,NULL,'Max:','','on',8,16),(732,'9eac3e83b1c23ff10007fb398bb60a7c',0,0,74,141,458,'FF',8,0.00,NULL,NULL,0,0,NULL,1,NULL,'Memfree','','',8,17),(733,'09c04ad62dcccb58d5cc1345525692c0',0,0,74,141,0,'FF',9,0.00,NULL,NULL,0,0,NULL,4,NULL,'Cur:','','',8,18),(734,'b1868a36676abc3c36b8a7bc60369254',0,0,74,141,0,'FF',9,0.00,NULL,NULL,0,0,NULL,1,NULL,'Avg:','','',8,19),(735,'3f878ee094eab1e8e0ce5ea025ef5f80',0,0,74,141,0,'FF',9,0.00,NULL,NULL,0,0,NULL,3,NULL,'Max:','','on',8,20),(736,'5dff74f87d75201a107e2d571e6229c6',0,0,75,145,459,'FF',7,0.00,NULL,NULL,0,0,NULL,1,NULL,'Reads','','',8,1),(737,'635fe1b6f079313ba7912ddacdcf4b7d',0,0,75,145,0,'FF',9,0.00,NULL,NULL,0,0,NULL,4,NULL,'Cur:','','',8,2),(738,'b8fd759d3da66243b8cc573b7e4a9092',0,0,75,145,0,'FF',9,0.00,NULL,NULL,0,0,NULL,1,NULL,'Avg:','','',8,3),(739,'7a67bf1b846293a345a418c4c80441c8',0,0,75,145,0,'FF',9,0.00,NULL,NULL,0,0,NULL,3,NULL,'Max:','','on',8,4),(740,'0e674a2b85632f25a372595d6030d987',0,0,75,147,460,'FF',8,0.00,NULL,NULL,0,0,NULL,1,NULL,'Reads Merged','','',8,5),(741,'3f6e0a30d7cda21b0f7065426eee0888',0,0,75,147,0,'FF',9,0.00,NULL,NULL,0,0,NULL,4,NULL,'Cur:','','',8,6),(742,'6f8339aa3b8088f332565d5bb985f138',0,0,75,147,0,'FF',9,0.00,NULL,NULL,0,0,NULL,1,NULL,'Avg:','','',8,7),(743,'af1d96a35bee65c8779e9d52f7aa8a7b',0,0,75,147,0,'FF',9,0.00,NULL,NULL,0,0,NULL,3,NULL,'Max:','','on',8,8),(744,'01ef9478893603249f91e0a016649466',0,0,75,146,461,'FF',7,0.00,NULL,NULL,21,0,NULL,1,NULL,'Writes','','',8,9),(745,'5f3c804e327941a58f137d2301839491',0,0,75,146,0,'FF',9,0.00,NULL,NULL,0,0,NULL,4,NULL,'Cur:','','',8,10),(746,'5e62f46fcd76bb4974cb18cc8f46c492',0,0,75,146,0,'FF',9,0.00,NULL,NULL,0,0,NULL,1,NULL,'Avg:','','',8,11),(747,'054ded217b8c6a43a02f136b356c9607',0,0,75,146,0,'FF',9,0.00,NULL,NULL,0,0,NULL,3,NULL,'Max:','','on',8,12),(748,'3e5ae41f743d8432af0c6dcf2b406b1b',0,0,75,144,462,'FF',8,0.00,NULL,NULL,21,0,NULL,1,NULL,'Writes Merged','','',8,13),(749,'2a844c6f35d1232215842fe413ac3547',0,0,75,144,0,'FF',9,0.00,NULL,NULL,0,0,NULL,4,NULL,'Cur:','','',8,14),(750,'f1f2e0a65bbad6d1d80dc319c119b110',0,0,75,144,0,'FF',9,0.00,NULL,NULL,0,0,NULL,1,NULL,'Avg:','','',8,15),(751,'ccc2547ac9c9d1466544fb07c1e97622',0,0,75,144,0,'FF',9,0.00,NULL,NULL,0,0,NULL,3,NULL,'Max:','','on',8,16),(752,'1322603c1478b9c269a3a9d48cd7d666',0,0,76,149,463,'FF',7,0.00,NULL,NULL,0,0,NULL,1,NULL,'Sectors Read','','',8,1),(753,'1c73abb91257171cda23e17fc752c7f3',0,0,76,149,0,'FF',9,0.00,NULL,NULL,0,0,NULL,4,NULL,'Cur:','','',8,2),(754,'97de8dd7f20fd120c4928e93c259eb50',0,0,76,149,0,'FF',9,0.00,NULL,NULL,0,0,NULL,1,NULL,'Avg:','','',8,3),(755,'76d92af79f53dfd78f08dbf288cdf911',0,0,76,149,0,'FF',9,0.00,NULL,NULL,0,0,NULL,3,NULL,'Max:','','on',8,4),(756,'e728b0da074268c913517b4afbf5f5ee',0,0,76,148,464,'FF',7,0.00,NULL,NULL,21,0,NULL,1,NULL,'Sectors Written','','',8,5),(757,'e2d13c3ecf15741177b2d4acbf996474',0,0,76,148,0,'FF',9,0.00,NULL,NULL,0,0,NULL,4,NULL,'Cur:','','',8,6),(758,'485b60345e90c88b62f2fcc73e3c3fd5',0,0,76,148,0,'FF',9,0.00,NULL,NULL,0,0,NULL,1,NULL,'Avg:','','',8,7),(759,'da93e70aed7ccf2e031ca8b5d7ce0cc8',0,0,76,148,0,'FF',9,0.00,NULL,NULL,0,0,NULL,3,NULL,'Max:','','on',8,8),(760,'d93dc59c223c20df0b8445e78702ed83',0,0,77,151,465,'FF',7,0.00,NULL,NULL,0,0,NULL,1,NULL,'Time Spent Reading','','',8,1),(761,'8f43c3d55a513c83b9eb7ec4fc5ebc2a',0,0,77,151,0,'FF',9,0.00,NULL,NULL,0,0,NULL,4,NULL,'Cur:','','',8,2),(762,'6006021609ce0d7340804aa4f4cf1eff',0,0,77,151,0,'FF',9,0.00,NULL,NULL,0,0,NULL,1,NULL,'Avg:','','',8,3),(763,'49fbe22678e639298f5c2ee7add8a003',0,0,77,151,0,'FF',9,0.00,NULL,NULL,0,0,NULL,3,NULL,'Max:','','on',8,4),(764,'620cfacee3a24a5bea731882f9fa9970',0,0,77,150,466,'FF',7,0.00,NULL,NULL,21,0,NULL,1,NULL,'Time Spent Writing','','',8,5),(765,'917d1ba0256e20f8d2523b7b1583e0d8',0,0,77,150,0,'FF',9,0.00,NULL,NULL,0,0,NULL,4,NULL,'Cur:','','',8,6),(766,'8b5aaa11f29fa85fc73a8aa456d00aea',0,0,77,150,0,'FF',9,0.00,NULL,NULL,0,0,NULL,1,NULL,'Avg:','','',8,7),(767,'e55dd0056e78acc018384699ced1916e',0,0,77,150,0,'FF',9,0.00,NULL,NULL,0,0,NULL,3,NULL,'Max:','','on',8,8),(768,'022c37d7f3c4c3fc8058983e044c5d79',0,0,78,152,467,'FF',7,0.00,NULL,NULL,24,0,NULL,1,NULL,'Read Time per IO','','',8,1),(769,'36b65564077a54cfd7de22b13cdfd696',0,0,78,152,0,'FF',9,0.00,NULL,NULL,24,0,NULL,4,NULL,'Cur:','','',8,2),(770,'3ce943d0548949504b78c15bfbb51611',0,0,78,152,0,'FF',9,0.00,NULL,NULL,24,0,NULL,1,NULL,'Avg:','','',8,3),(771,'ba7fb6841c3adb81ec725d01bce31ef1',0,0,78,152,0,'FF',9,0.00,NULL,NULL,24,0,NULL,3,NULL,'Max:','','on',8,4),(772,'8b464b836ea901813efd2071ff03b5f5',0,0,78,155,468,'FF',7,0.00,NULL,NULL,23,0,NULL,1,NULL,'Write Time per IO','','',8,5),(773,'43e74481ec8d66ff535d7e03f4a95674',0,0,78,155,0,'FF',9,0.00,NULL,NULL,22,0,NULL,4,NULL,'Cur:','','',8,6),(774,'bb4eebac2addf8a2333027bcb75249a7',0,0,78,155,0,'FF',9,0.00,NULL,NULL,22,0,NULL,1,NULL,'Avg:','','',8,7),(775,'e6155d0b442051210e698515c2d6a79d',0,0,78,155,0,'FF',9,0.00,NULL,NULL,22,0,NULL,3,NULL,'Max:','','on',8,8),(776,'5a43f7094fb30d04e8858907dc67f894',0,0,79,157,469,'FF',4,0.00,NULL,NULL,0,0,NULL,1,NULL,'Io Time','','',8,1),(777,'19fb33ec515fdc8dbb69259e766c6065',0,0,79,157,0,'FF',9,0.00,NULL,NULL,0,0,NULL,4,NULL,'Cur:','','',8,2),(778,'1aa16e95acaf6258349722c64c545a21',0,0,79,157,0,'FF',9,0.00,NULL,NULL,0,0,NULL,1,NULL,'Avg:','','',8,3),(779,'bfc77bcd39f6efa10aade1680db7ca97',0,0,79,157,0,'FF',9,0.00,NULL,NULL,0,0,NULL,3,NULL,'Max:','','on',8,4),(780,'c5e694db200337a2c070f59c6c585bfd',0,0,79,156,470,'FF',4,0.00,NULL,NULL,0,0,NULL,1,NULL,'Io Time Weighted','','',8,5),(781,'159f269656bdf5d77414ace864ee7f4a',0,0,79,156,0,'FF',9,0.00,NULL,NULL,0,0,NULL,4,NULL,'Cur:','','',8,6),(782,'2c6fecf1f30c2aac8c327e610a3629f2',0,0,79,156,0,'FF',9,0.00,NULL,NULL,0,0,NULL,1,NULL,'Avg:','','',8,7),(783,'8e7d81985d52d17c4cda7d1f29927a11',0,0,79,156,0,'FF',9,0.00,NULL,NULL,0,0,NULL,3,NULL,'Max:','','on',8,8),(784,'e2e5174608b012cffb4c9cb79e4df93b',0,0,80,158,471,'FF',7,0.00,NULL,NULL,0,0,NULL,1,NULL,'Io Ops','','',8,1),(785,'0613f3be05727a2e4dfc19b7a98d0fb6',0,0,80,158,0,'FF',9,0.00,NULL,NULL,0,0,NULL,4,NULL,'Cur:','','',8,2),(786,'1d3beb52f4a1c00844ca7369f6219003',0,0,80,158,0,'FF',9,0.00,NULL,NULL,0,0,NULL,1,NULL,'Avg:','','',8,3),(787,'7b63e71259524509b63b06dbaeaebe3e',0,0,80,158,0,'FF',9,0.00,NULL,NULL,0,0,NULL,3,NULL,'Max:','','on',8,4),(788,'2d46e5f5be1e127d281f5a330d871ad5',0,0,81,159,472,'FF',7,0.00,NULL,NULL,0,0,NULL,1,NULL,'Used','','',8,1),(789,'5bad17b9bf1c228ece530c3cf27d800e',0,0,81,159,0,'FF',9,0.00,NULL,NULL,0,0,NULL,4,NULL,'Cur:','','',8,2),(790,'5e2651c62f10c46ffd86c7c2d5aef4b0',0,0,81,159,0,'FF',9,0.00,NULL,NULL,0,0,NULL,1,NULL,'Avg:','','',8,3),(791,'c61f1df4dadc94df9c26bb6c059e533e',0,0,81,159,0,'FF',9,0.00,NULL,NULL,0,0,NULL,3,NULL,'Max:','','on',8,4),(792,'689107b33e2d9e41e6e097eb3b92d097',0,0,81,160,473,'FF',8,0.00,NULL,NULL,0,0,NULL,1,NULL,'Available','','',8,5),(793,'43d0171e2384ccf90e04ee4fff2366bf',0,0,81,160,0,'FF',9,0.00,NULL,NULL,0,0,NULL,4,NULL,'Cur:','','',8,6),(794,'926c0979234050421ee978f8d5b46900',0,0,81,160,0,'FF',9,0.00,NULL,NULL,0,0,NULL,1,NULL,'Avg:','','',8,7),(795,'e8e60165457173e59b1528c1f5040a7d',0,0,81,160,0,'FF',9,0.00,NULL,NULL,0,0,NULL,3,NULL,'Max:','','on',8,8),(796,'ba37c31f9b986c98e0d9738c264e520b',0,0,82,162,22,'FF',7,0.00,NULL,NULL,20,0,NULL,1,NULL,'Inbound','','',8,1),(797,'49a9aacadfd8eba4221b5743cc056847',0,0,82,162,0,'FF',9,0.00,NULL,NULL,20,0,NULL,4,NULL,'Cur:','','',8,2),(798,'dfd8b4964a5f5b0282551d65cb80b71a',0,0,82,162,0,'FF',9,0.00,NULL,NULL,20,0,NULL,1,NULL,'Avg:','','',8,3),(799,'c277294a3d867b35c81200588ffaf1cc',0,0,82,162,0,'FF',9,0.00,NULL,NULL,20,0,NULL,3,NULL,'Max:','','on',8,4),(800,'fd3c2eae30d53866483951c3e21d00d0',0,0,82,161,20,'FF',4,0.00,NULL,NULL,20,0,NULL,1,NULL,'Outbound','','',8,5),(801,'272171450759a8dd6b387eec9e8db6aa',0,0,82,161,0,'FF',9,0.00,NULL,NULL,20,0,NULL,4,NULL,'Cur:','','',8,6),(802,'1d9e11b6c810a5a7099abe30d99c17bc',0,0,82,161,0,'FF',9,0.00,NULL,NULL,20,0,NULL,1,NULL,'Avg:','','',8,7),(803,'4f475685baeac1e635646d2551647231',0,0,82,161,0,'FF',9,0.00,NULL,NULL,20,0,NULL,3,NULL,'Max:','','on',8,8),(804,'7287087246c402ba73fcce86f915f760',0,0,83,167,474,'FF',4,0.00,NULL,NULL,0,0,NULL,1,NULL,'Rxerrs','','',8,1),(805,'2b2b26c7666c86c82887cc139f2eb7fb',0,0,83,167,0,'FF',9,0.00,NULL,NULL,0,0,NULL,4,NULL,'Cur:','','',8,2),(806,'6acbf3cc25854d069e8a99dba1974f4b',0,0,83,167,0,'FF',9,0.00,NULL,NULL,0,0,NULL,1,NULL,'Avg:','','',8,3),(807,'4271a56c4115191966777bcb6f94ab40',0,0,83,167,0,'FF',9,0.00,NULL,NULL,0,0,NULL,3,NULL,'Max:','','on',8,4),(808,'7ecef20147056bf122550163b0f9adef',0,0,83,168,475,'FF',4,0.00,NULL,NULL,0,0,NULL,1,NULL,'Rxdrop','','',8,5),(809,'4abfe5265349caf206867c761a05863b',0,0,83,168,0,'FF',9,0.00,NULL,NULL,0,0,NULL,4,NULL,'Cur:','','',8,6),(810,'2f9239fa2723b65267e3ba4a183c97d4',0,0,83,168,0,'FF',9,0.00,NULL,NULL,0,0,NULL,1,NULL,'Avg:','','',8,7),(811,'13b19049ac84ffae4d9f5e444d0e3171',0,0,83,168,0,'FF',9,0.00,NULL,NULL,0,0,NULL,3,NULL,'Max:','','on',8,8),(812,'b635e1774e7f6eeeb9bb7ccd04eb3da4',0,0,83,170,476,'FF',4,0.00,NULL,NULL,0,0,NULL,1,NULL,'Rxfifo','','',8,9),(813,'e1e74fbf450f98878a4465bb7fac3804',0,0,83,170,0,'FF',9,0.00,NULL,NULL,0,0,NULL,4,NULL,'Cur:','','',8,10),(814,'5d4cdb28a27e9a58026e6299dcf5a352',0,0,83,170,0,'FF',9,0.00,NULL,NULL,0,0,NULL,1,NULL,'Avg:','','',8,11),(815,'8a16aeb83a691a00a9f2570c93bbca89',0,0,83,170,0,'FF',9,0.00,NULL,NULL,0,0,NULL,3,NULL,'Max:','','on',8,12),(816,'88bc0990bffac4f052a54e4a6040c694',0,0,83,169,477,'FF',4,0.00,NULL,NULL,0,0,NULL,1,NULL,'Rxframe','','',8,13),(817,'7497e394bd1fc55f7bc9f0e1a8dd9151',0,0,83,169,0,'FF',9,0.00,NULL,NULL,0,0,NULL,4,NULL,'Cur:','','',8,14),(818,'55ac118ecc62d981014460e74b4a3ba5',0,0,83,169,0,'FF',9,0.00,NULL,NULL,0,0,NULL,1,NULL,'Avg:','','',8,15),(819,'66557493fcdff219996b125d662b96cb',0,0,83,169,0,'FF',9,0.00,NULL,NULL,0,0,NULL,3,NULL,'Max:','','on',8,16),(820,'dee3b486a239536eda0b58fb6d4fcd9a',0,0,83,164,474,'FF',4,0.00,NULL,NULL,21,0,NULL,1,NULL,'Txerrs','','',8,17),(821,'507717536e2fbe98781f77f6abf93830',0,0,83,164,0,'FF',9,0.00,NULL,NULL,0,0,NULL,4,NULL,'Cur:','','',8,18),(822,'8ef8007564f5b1b9df11543cd0b7e86b',0,0,83,164,0,'FF',9,0.00,NULL,NULL,0,0,NULL,1,NULL,'Avg:','','',8,19),(823,'cfc87a535d32447a5a345035f6efd767',0,0,83,164,0,'FF',9,0.00,NULL,NULL,0,0,NULL,3,NULL,'Max:','','on',8,20),(824,'42de96329ad2531aa52ef589a9f5d694',0,0,83,171,475,'FF',4,0.00,NULL,NULL,21,0,NULL,1,NULL,'Txdrop','','',8,21),(825,'db5e458333efbff085e0a48e1d24674d',0,0,83,171,0,'FF',9,0.00,NULL,NULL,0,0,NULL,4,NULL,'Cur:','','',8,22),(826,'be0d3eb4ec827db1e4d7f06c3cb8041b',0,0,83,171,0,'FF',9,0.00,NULL,NULL,0,0,NULL,1,NULL,'Avg:','','',8,23),(827,'6f7081ea6b918d0eebc91e03444146d6',0,0,83,171,0,'FF',9,0.00,NULL,NULL,0,0,NULL,3,NULL,'Max:','','on',8,24),(828,'81f81d7b58eb086b76ac6ad9d6b15ee0',0,0,83,166,476,'FF',4,0.00,NULL,NULL,21,0,NULL,1,NULL,'Txfifo','','',8,25),(829,'429ab7441dd22d8f5cb3b0b78c5a9870',0,0,83,166,0,'FF',9,0.00,NULL,NULL,0,0,NULL,4,NULL,'Cur:','','',8,26),(830,'79e030392238a7ceb5973c4007d742f1',0,0,83,166,0,'FF',9,0.00,NULL,NULL,0,0,NULL,1,NULL,'Avg:','','',8,27),(831,'84b295d795a090002d295d693a2fb243',0,0,83,166,0,'FF',9,0.00,NULL,NULL,0,0,NULL,3,NULL,'Max:','','on',8,28),(832,'0a2e9e71d2e1d99a4370155a8db5d45f',0,0,83,165,478,'FF',4,0.00,NULL,NULL,21,0,NULL,1,NULL,'Txcolls','','',8,29),(833,'04379d981a4d2180a52d20183539b6e4',0,0,83,165,0,'FF',9,0.00,NULL,NULL,0,0,NULL,4,NULL,'Cur:','','',8,30),(834,'7a34b5f0a23a1d1c08225c1d8e0210f2',0,0,83,165,0,'FF',9,0.00,NULL,NULL,0,0,NULL,1,NULL,'Avg:','','',8,31),(835,'5d50a5d3553626022b20ebce33f575de',0,0,83,165,0,'FF',9,0.00,NULL,NULL,0,0,NULL,3,NULL,'Max:','','on',8,32),(836,'019ed7f88bb5df2639144995ad27c5ef',0,0,83,163,479,'FF',4,0.00,NULL,NULL,21,0,NULL,1,NULL,'Txcarrier','','',8,33),(837,'3393c314bbac61165dd0e06a926d5fa7',0,0,83,163,0,'FF',9,0.00,NULL,NULL,0,0,NULL,4,NULL,'Cur:','','',8,34),(838,'0bc89b24bad465731dbce9f68b336b4e',0,0,83,163,0,'FF',9,0.00,NULL,NULL,0,0,NULL,1,NULL,'Avg:','','',8,35),(839,'1fbcc8809403f58ddbd2b449e915a527',0,0,83,163,0,'FF',9,0.00,NULL,NULL,0,0,NULL,3,NULL,'Max:','','on',8,36),(840,'17424d8807e449cca7363f4dbf908aad',0,0,84,172,480,'FF',7,0.00,NULL,NULL,0,0,NULL,1,NULL,'Established','','',8,1),(841,'f0f23f9ad7b1b3e7ecd2439d65b13138',0,0,84,172,0,'FF',9,0.00,NULL,NULL,0,0,NULL,4,NULL,'Cur:','','',8,2),(842,'90a37152c9d7284fda0cfe0b3d44cb0b',0,0,84,172,0,'FF',9,0.00,NULL,NULL,0,0,NULL,1,NULL,'Avg:','','',8,3),(843,'3fcdee4cbd92158da7c4518eff906afb',0,0,84,172,0,'FF',9,0.00,NULL,NULL,0,0,NULL,3,NULL,'Max:','','on',8,4),(844,'e33f934640665658962e1bfa4f1844fb',0,0,84,175,481,'FF',8,0.00,NULL,NULL,0,0,NULL,1,NULL,'Syn Sent','','',8,5),(845,'fef818200901e473023793702eb8766d',0,0,84,175,0,'FF',9,0.00,NULL,NULL,0,0,NULL,4,NULL,'Cur:','','',8,6),(846,'9ffe319fdff1f4f619f2ad33940ea8e8',0,0,84,175,0,'FF',9,0.00,NULL,NULL,0,0,NULL,1,NULL,'Avg:','','',8,7),(847,'5761452e973beaa31cce4d230aea909a',0,0,84,175,0,'FF',9,0.00,NULL,NULL,0,0,NULL,3,NULL,'Max:','','on',8,8),(848,'1c198691e2d0815a1d4254034563ecbf',0,0,84,179,482,'FF',8,0.00,NULL,NULL,0,0,NULL,1,NULL,'Syn Recv','','',8,9),(849,'ac896c56127854d15a29457082ffdc6b',0,0,84,179,0,'FF',9,0.00,NULL,NULL,0,0,NULL,4,NULL,'Cur:','','',8,10),(850,'8a7f072d0e4e3259fd5430cb99c475f8',0,0,84,179,0,'FF',9,0.00,NULL,NULL,0,0,NULL,1,NULL,'Avg:','','',8,11),(851,'f64a6e78309ac3af1c3807e1f4ec61ef',0,0,84,179,0,'FF',9,0.00,NULL,NULL,0,0,NULL,3,NULL,'Max:','','on',8,12),(852,'c0e38999e1a2c8020108afa56a5c5038',0,0,84,183,483,'FF',8,0.00,NULL,NULL,0,0,NULL,1,NULL,'Fin Wait1','','',8,13),(853,'f028f04627931c3756c15e77a9581bd6',0,0,84,183,0,'FF',9,0.00,NULL,NULL,0,0,NULL,4,NULL,'Cur:','','',8,14),(854,'f68fbc90a05b2dfe444d5980b522b90a',0,0,84,183,0,'FF',9,0.00,NULL,NULL,0,0,NULL,1,NULL,'Avg:','','',8,15),(855,'479d2918efa718cecc97595930c07c61',0,0,84,183,0,'FF',9,0.00,NULL,NULL,0,0,NULL,3,NULL,'Max:','','on',8,16),(856,'8cb8569682a4aca97d99fafd3ba4763f',0,0,84,174,484,'FF',8,0.00,NULL,NULL,0,0,NULL,1,NULL,'Fin Wait2','','',8,17),(857,'498b91e65ce56425ac73577451195dd6',0,0,84,174,0,'FF',9,0.00,NULL,NULL,0,0,NULL,4,NULL,'Cur:','','',8,18),(858,'f92b29999ea0cf5d01a9192eda5e8048',0,0,84,174,0,'FF',9,0.00,NULL,NULL,0,0,NULL,1,NULL,'Avg:','','',8,19),(859,'c68456624048625bb8e84d4b8939bc3a',0,0,84,174,0,'FF',9,0.00,NULL,NULL,0,0,NULL,3,NULL,'Max:','','on',8,20),(860,'dc40dbc7afa5176b4b04da76761922cd',0,0,84,177,476,'FF',8,0.00,NULL,NULL,0,0,NULL,1,NULL,'Time Wait','','',8,21),(861,'295e35b7a5fa0152d9e9ee87f96f0c7f',0,0,84,177,0,'FF',9,0.00,NULL,NULL,0,0,NULL,4,NULL,'Cur:','','',8,22),(862,'195e7b96091d25ae1d322e8d623e9f0b',0,0,84,177,0,'FF',9,0.00,NULL,NULL,0,0,NULL,1,NULL,'Avg:','','',8,23),(863,'58144c5ad7e23a8e839b955310659db7',0,0,84,177,0,'FF',9,0.00,NULL,NULL,0,0,NULL,3,NULL,'Max:','','on',8,24),(864,'0451f316904fa57f84824978de4bee4f',0,0,84,173,475,'FF',8,0.00,NULL,NULL,0,0,NULL,1,NULL,'Close','','',8,25),(865,'43fa1c9291d427a1b3df623d81c64a71',0,0,84,173,0,'FF',9,0.00,NULL,NULL,0,0,NULL,4,NULL,'Cur:','','',8,26),(866,'5617731fc041ded958a4944abcf5530d',0,0,84,173,0,'FF',9,0.00,NULL,NULL,0,0,NULL,1,NULL,'Avg:','','',8,27),(867,'c24f5390b1f2025cbf9e25a4de1f8b4d',0,0,84,173,0,'FF',9,0.00,NULL,NULL,0,0,NULL,3,NULL,'Max:','','on',8,28),(868,'cf87c41f088d77991f1cd4ad2b7bfbcf',0,0,84,182,474,'FF',8,0.00,NULL,NULL,0,0,NULL,1,NULL,'Close Wait','','',8,29),(869,'181028db4b2520474a158d5509a45610',0,0,84,182,0,'FF',9,0.00,NULL,NULL,0,0,NULL,4,NULL,'Cur:','','',8,30),(870,'c9bb9514d9d43ea876b13a49be07501b',0,0,84,182,0,'FF',9,0.00,NULL,NULL,0,0,NULL,1,NULL,'Avg:','','',8,31),(871,'f665b51c2365b30519bcba74c69cb9d4',0,0,84,182,0,'FF',9,0.00,NULL,NULL,0,0,NULL,3,NULL,'Max:','','on',8,32),(872,'7bc5ba4da3bef2056d2010aa647209b5',0,0,84,180,478,'FF',8,0.00,NULL,NULL,0,0,NULL,1,NULL,'Last Ack','','',8,33),(873,'62b9ab92d3d1c7f345d06913016f11bb',0,0,84,180,0,'FF',9,0.00,NULL,NULL,0,0,NULL,4,NULL,'Cur:','','',8,34),(874,'0a8421fa8bbde30a0d337cf28aeb2f6e',0,0,84,180,0,'FF',9,0.00,NULL,NULL,0,0,NULL,1,NULL,'Avg:','','',8,35),(875,'7269e53b1eb62c347b8aaea7dfde2bcd',0,0,84,180,0,'FF',9,0.00,NULL,NULL,0,0,NULL,3,NULL,'Max:','','on',8,36),(876,'30c63b09112d4b0369128066bc5dd010',0,0,84,176,485,'FF',8,0.00,NULL,NULL,0,0,NULL,1,NULL,'Listen','','',8,37),(877,'0801b95b7d155227fcc41dba62cbe8d3',0,0,84,176,0,'FF',9,0.00,NULL,NULL,0,0,NULL,4,NULL,'Cur:','','',8,38),(878,'712bd258ff7945d9d594e20ac98aa1c1',0,0,84,176,0,'FF',9,0.00,NULL,NULL,0,0,NULL,1,NULL,'Avg:','','',8,39),(879,'1d800a5bdc92dc6be2615189193755e5',0,0,84,176,0,'FF',9,0.00,NULL,NULL,0,0,NULL,3,NULL,'Max:','','on',8,40),(880,'628820972c6d80b767c25de66e36bef2',0,0,84,178,486,'FF',8,0.00,NULL,NULL,0,0,NULL,1,NULL,'Closing','','',8,41),(881,'1bcc796b249df46c7ce96fc3738ec4d7',0,0,84,178,0,'FF',9,0.00,NULL,NULL,0,0,NULL,4,NULL,'Cur:','','',8,42),(882,'c592ad18c43282f23dbe986d64d7079e',0,0,84,178,0,'FF',9,0.00,NULL,NULL,0,0,NULL,1,NULL,'Avg:','','',8,43),(883,'8864b75cd89ebe6d3753e9ae0875afe0',0,0,84,178,0,'FF',9,0.00,NULL,NULL,0,0,NULL,3,NULL,'Max:','','on',8,44),(884,'eea8db617a44c3ad9c9e89f08706ffc6',0,0,84,181,487,'FF',8,0.00,NULL,NULL,0,0,NULL,1,NULL,'Unknown','','',8,45),(885,'3027d8ef57d39951e34fb7de4e13eac9',0,0,84,181,0,'FF',9,0.00,NULL,NULL,0,0,NULL,4,NULL,'Cur:','','',8,46),(886,'68e30623864abee4a3c39d79386cbef6',0,0,84,181,0,'FF',9,0.00,NULL,NULL,0,0,NULL,1,NULL,'Avg:','','',8,47),(887,'01934ebaae64e19b80120114e3bebca8',0,0,84,181,0,'FF',9,0.00,NULL,NULL,0,0,NULL,3,NULL,'Max:','','on',8,48),(888,'e1efbb460489ce77a749b6140d8ae7af',0,0,85,184,488,'FF',7,0.00,NULL,NULL,0,0,NULL,1,NULL,'Pswpin','','',8,1),(889,'104febce5ecfc805368f816ad1dc308a',0,0,85,184,0,'FF',9,0.00,NULL,NULL,0,0,NULL,4,NULL,'Cur:','','',8,2),(890,'ca1d2950732c13201ee64b23068f4738',0,0,85,184,0,'FF',9,0.00,NULL,NULL,0,0,NULL,1,NULL,'Avg:','','',8,3),(891,'ccce7b1a4fdff662cbd52690b72887b6',0,0,85,184,0,'FF',9,0.00,NULL,NULL,0,0,NULL,3,NULL,'Max:','','on',8,4),(892,'2dee09c88901350e50e9441be5e81e44',0,0,85,185,489,'FF',7,0.00,NULL,NULL,21,0,NULL,1,NULL,'Pswpout','','',8,5),(893,'7d993c0625d92a2cfb8950fbdea4f31d',0,0,85,185,0,'FF',9,0.00,NULL,NULL,0,0,NULL,4,NULL,'Cur:','','',8,6),(894,'7011c686018b13ac1752fe33fe503cf2',0,0,85,185,0,'FF',9,0.00,NULL,NULL,0,0,NULL,1,NULL,'Avg:','','',8,7),(895,'db4438d64b12a3b16141e6d6bad7601c',0,0,85,185,0,'FF',9,0.00,NULL,NULL,0,0,NULL,3,NULL,'Max:','','on',8,8),(896,'4886ba8ff63f3b35ac8676e162508b39',0,0,86,186,452,'FF',7,0.00,NULL,NULL,0,0,NULL,1,NULL,'Requests','','',8,1),(897,'7ba4f3bdf4f08239d69e512b40f9d1a1',0,0,86,186,0,'FF',9,0.00,NULL,NULL,0,0,NULL,4,NULL,'Cur:','','',8,2),(898,'942fe5f115709960781d6486c18f5db7',0,0,86,186,0,'FF',9,0.00,NULL,NULL,0,0,NULL,1,NULL,'Avg:','','',8,3),(899,'e686f710621eb420c27f00b2e593bc97',0,0,86,186,0,'FF',9,0.00,NULL,NULL,0,0,NULL,3,NULL,'Max:','','on',8,4),(900,'c8bdabf9d6a22c115829f34593fa04b1',0,0,87,187,490,'FF',7,0.00,NULL,NULL,0,0,NULL,1,NULL,'Bytes Sent','','',8,1),(901,'329f0530c5e785da7624fcdcd2538a22',0,0,87,187,0,'FF',9,0.00,NULL,NULL,0,0,NULL,4,NULL,'Cur:','','',8,2),(902,'85bbe6b237894fd386a3565499b15e2d',0,0,87,187,0,'FF',9,0.00,NULL,NULL,0,0,NULL,1,NULL,'Avg:','','',8,3),(903,'ccef1b50cdd8eec456a0891c33f0270c',0,0,87,187,0,'FF',9,0.00,NULL,NULL,0,0,NULL,3,NULL,'Max:','','on',8,4),(904,'3d3b9d125d38be561fb2268bb9fcbfd4',0,0,88,188,491,'FF',7,0.00,NULL,NULL,0,0,NULL,1,NULL,'CPU Load','','',8,1),(905,'e7e2240b1c2be0ef31811ba2b6c45527',0,0,88,188,0,'FF',9,0.00,NULL,NULL,0,0,NULL,4,NULL,'Cur:','','',8,2),(906,'6209381b6d51190e9d57694d0b1479ec',0,0,88,188,0,'FF',9,0.00,NULL,NULL,0,0,NULL,1,NULL,'Avg:','','',8,3),(907,'3c1b7135e33109978896ba0d9ad811e4',0,0,88,188,0,'FF',9,0.00,NULL,NULL,0,0,NULL,3,NULL,'Max:','','on',8,4),(908,'d00ac8145df4e1dfe30126e51be3dd61',0,0,88,188,1,'FF',4,0.00,NULL,NULL,0,0,NULL,1,NULL,'CPU Load','','on',8,5),(909,'d77fcbc477938fa63a1c28b5f1c01348',0,0,89,189,492,'FF',7,0.00,NULL,NULL,0,0,NULL,1,NULL,'Idle Workers','','',8,1),(910,'81d32fd494417bd7b46d5f277b4e2365',0,0,89,189,0,'FF',9,0.00,NULL,NULL,0,0,NULL,4,NULL,'Cur:','','',8,2),(911,'e2dd730f7a6c8dd3a87ef4891564da4b',0,0,89,189,0,'FF',9,0.00,NULL,NULL,0,0,NULL,1,NULL,'Avg:','','',8,3),(912,'d32bfe77e561aacf253aa02ea3516ef4',0,0,89,189,0,'FF',9,0.00,NULL,NULL,0,0,NULL,3,NULL,'Max:','','on',8,4),(913,'75c78940bd02a05c1309f7378e70fec3',0,0,89,190,493,'FF',8,0.00,NULL,NULL,0,0,NULL,1,NULL,'Busy Workers','','',8,5),(914,'0479a4b4122812fa5d2908170511ee2e',0,0,89,190,0,'FF',9,0.00,NULL,NULL,0,0,NULL,4,NULL,'Cur:','','',8,6),(915,'6da60cb7eea1c6bf40df9b8eb64a2522',0,0,89,190,0,'FF',9,0.00,NULL,NULL,0,0,NULL,1,NULL,'Avg:','','',8,7),(916,'20dbd04b3324fd7ca36515ce0a662321',0,0,89,190,0,'FF',9,0.00,NULL,NULL,0,0,NULL,3,NULL,'Max:','','on',8,8),(917,'8e38a88fbb19a2222b29c4dc0bd0fc8d',0,0,90,200,49,'FF',7,0.00,NULL,NULL,0,0,NULL,1,NULL,'Waiting For Connection','','',8,1),(918,'14b75abfd17f3c5ac640d7723ac16cf4',0,0,90,200,0,'FF',9,0.00,NULL,NULL,0,0,NULL,4,NULL,'Cur:','','',8,2),(919,'210e2c423b65c98a0be1df5db95ddcab',0,0,90,200,0,'FF',9,0.00,NULL,NULL,0,0,NULL,1,NULL,'Avg:','','',8,3),(920,'51748a634f48468d636c96f953adecb2',0,0,90,200,0,'FF',9,0.00,NULL,NULL,0,0,NULL,3,NULL,'Max:','','on',8,4),(921,'f0e0dc0ed69bb21a1cc08929968d9b05',0,0,90,191,494,'FF',8,0.00,NULL,NULL,0,0,NULL,1,NULL,'Starting Up','','',8,5),(922,'52bc6b651e868ebc8834cd73df4230db',0,0,90,191,0,'FF',9,0.00,NULL,NULL,0,0,NULL,4,NULL,'Cur:','','',8,6),(923,'0dbb240bac7a2319fb51114f12c7e596',0,0,90,191,0,'FF',9,0.00,NULL,NULL,0,0,NULL,1,NULL,'Avg:','','',8,7),(924,'2949a121cfb8b9253c7730ed62e542c6',0,0,90,191,0,'FF',9,0.00,NULL,NULL,0,0,NULL,3,NULL,'Max:','','on',8,8),(925,'3324c9d0c2b32749511c083bbc8f6de6',0,0,90,194,495,'FF',8,0.00,NULL,NULL,0,0,NULL,1,NULL,'Reading Request','','',8,9),(926,'12eca125791c0031173196817a656e3e',0,0,90,194,0,'FF',9,0.00,NULL,NULL,0,0,NULL,4,NULL,'Cur:','','',8,10),(927,'c0d8877f8d539e0868293457394c44fe',0,0,90,194,0,'FF',9,0.00,NULL,NULL,0,0,NULL,1,NULL,'Avg:','','',8,11),(928,'e64318deb6813163a57761867b94e7d6',0,0,90,194,0,'FF',9,0.00,NULL,NULL,0,0,NULL,3,NULL,'Max:','','on',8,12),(929,'43ef3f81769b5825318aab786f6597b4',0,0,90,199,496,'FF',8,0.00,NULL,NULL,0,0,NULL,1,NULL,'Sending Reply','','',8,13),(930,'a848dcb6d2e6cb236d74feecd4665dc8',0,0,90,199,0,'FF',9,0.00,NULL,NULL,0,0,NULL,4,NULL,'Cur:','','',8,14),(931,'ba81d789ec90dcac77fcba150a993c2b',0,0,90,199,0,'FF',9,0.00,NULL,NULL,0,0,NULL,1,NULL,'Avg:','','',8,15),(932,'384ffdd9154e378da2164fbdb5d2911d',0,0,90,199,0,'FF',9,0.00,NULL,NULL,0,0,NULL,3,NULL,'Max:','','on',8,16),(933,'4126af1166975a1f29b5f897f2e02624',0,0,90,196,497,'FF',8,0.00,NULL,NULL,0,0,NULL,1,NULL,'Keepalive','','',8,17),(934,'29e037bba6ef0d4be45c3d459a7ea3d5',0,0,90,196,0,'FF',9,0.00,NULL,NULL,0,0,NULL,4,NULL,'Cur:','','',8,18),(935,'cb3585d91618ff8b09507922176437f0',0,0,90,196,0,'FF',9,0.00,NULL,NULL,0,0,NULL,1,NULL,'Avg:','','',8,19),(936,'75561b968a3ac85a83a919047a53fdb0',0,0,90,196,0,'FF',9,0.00,NULL,NULL,0,0,NULL,3,NULL,'Max:','','on',8,20),(937,'aff3474f146a819358f3f6d9c2b621aa',0,0,90,201,49,'FF',8,0.00,NULL,NULL,0,0,NULL,1,NULL,'DNS Lookup','','',8,21),(938,'c4d5b7b33264109f21f36501ca648770',0,0,90,201,0,'FF',9,0.00,NULL,NULL,0,0,NULL,4,NULL,'Cur:','','',8,22),(939,'1adfe31481e04218240afd91d1bee9b1',0,0,90,201,0,'FF',9,0.00,NULL,NULL,0,0,NULL,1,NULL,'Avg:','','',8,23),(940,'bc25d3e35d0e439c63474183c0e8abdb',0,0,90,201,0,'FF',9,0.00,NULL,NULL,0,0,NULL,3,NULL,'Max:','','on',8,24),(941,'77ad183429b299aedc29676e72c40d2e',0,0,90,195,498,'FF',8,0.00,NULL,NULL,0,0,NULL,1,NULL,'Closing Connection','','',8,25),(942,'2e24a9eb579094caba9215e406dd2b23',0,0,90,195,0,'FF',9,0.00,NULL,NULL,0,0,NULL,4,NULL,'Cur:','','',8,26),(943,'910964396a523d50bb6f12014be0d5e9',0,0,90,195,0,'FF',9,0.00,NULL,NULL,0,0,NULL,1,NULL,'Avg:','','',8,27),(944,'fba625d3eedb73abd4d3399cf36cabce',0,0,90,195,0,'FF',9,0.00,NULL,NULL,0,0,NULL,3,NULL,'Max:','','on',8,28),(945,'8b09886507f8233875fe93ef0b24ca58',0,0,90,198,33,'FF',8,0.00,NULL,NULL,0,0,NULL,1,NULL,'Logging','','',8,29),(946,'cd0ea9b511e4f2b3e4a2b6f270196b01',0,0,90,198,0,'FF',9,0.00,NULL,NULL,0,0,NULL,4,NULL,'Cur:','','',8,30),(947,'23076f41cd1ccee831d00908d823815a',0,0,90,198,0,'FF',9,0.00,NULL,NULL,0,0,NULL,1,NULL,'Avg:','','',8,31),(948,'808230a30be8b51ab1dc6bc7f4115fed',0,0,90,198,0,'FF',9,0.00,NULL,NULL,0,0,NULL,3,NULL,'Max:','','on',8,32),(949,'b8ec43fbea7ac6d147f41e44cb68f6c8',0,0,90,193,499,'FF',8,0.00,NULL,NULL,0,0,NULL,1,NULL,'Gracefully Finishing','','',8,33),(950,'5654785da70d2161933204e834392b61',0,0,90,193,0,'FF',9,0.00,NULL,NULL,0,0,NULL,4,NULL,'Cur:','','',8,34),(951,'ec54958c8153e29cf0f869e364737e3c',0,0,90,193,0,'FF',9,0.00,NULL,NULL,0,0,NULL,1,NULL,'Avg:','','',8,35),(952,'deba211070590241a2c58e3f2a12dc5d',0,0,90,193,0,'FF',9,0.00,NULL,NULL,0,0,NULL,3,NULL,'Max:','','on',8,36),(953,'93e67aab28dc09bb7ab53cdfbab3dbe6',0,0,90,197,453,'FF',8,0.00,NULL,NULL,0,0,NULL,1,NULL,'Idle Cleanup','','',8,37),(954,'b2a57c635fddb84ee34e89a900462c70',0,0,90,197,0,'FF',9,0.00,NULL,NULL,0,0,NULL,4,NULL,'Cur:','','',8,38),(955,'7178419370c89bb6ff82b2c1ed65073b',0,0,90,197,0,'FF',9,0.00,NULL,NULL,0,0,NULL,1,NULL,'Avg:','','',8,39),(956,'4d051614ada7203d727bc65d166b0636',0,0,90,197,0,'FF',9,0.00,NULL,NULL,0,0,NULL,3,NULL,'Max:','','on',8,40),(957,'0609dfe3177b880beddcc0f1c68f47bc',0,0,90,192,500,'FF',8,0.00,NULL,NULL,0,0,NULL,1,NULL,'Open Slot','','',8,41),(958,'bdb6a987087674f282ff2af8d4fa7a9a',0,0,90,192,0,'FF',9,0.00,NULL,NULL,0,0,NULL,4,NULL,'Cur:','','',8,42),(959,'35a1a7d8495b07f431aacb1252899328',0,0,90,192,0,'FF',9,0.00,NULL,NULL,0,0,NULL,1,NULL,'Avg:','','',8,43),(960,'a029caad27fedd71986e3a8ac51443e2',0,0,90,192,0,'FF',9,0.00,NULL,NULL,0,0,NULL,3,NULL,'Max:','','on',8,44),(961,'25851df84aba0c8f18aae7936d630db5',0,0,91,204,17,'FF',7,0.00,NULL,NULL,0,0,NULL,1,NULL,'Key Read Requests','','',8,1),(962,'8e5265c3da767760caa7e68726f68d5d',0,0,91,204,0,'FF',9,0.00,NULL,NULL,0,0,NULL,4,NULL,'Cur:','','',8,2),(963,'7f8add14ebe32b40f5a45e4661707766',0,0,91,204,0,'FF',9,0.00,NULL,NULL,0,0,NULL,1,NULL,'Avg:','','',8,3),(964,'e6d2c41f406b387ac18d7aaabce9a0fd',0,0,91,204,0,'FF',9,0.00,NULL,NULL,0,0,NULL,3,NULL,'Max:','','on',8,4),(965,'8623ea9e977a28a10e5618289250d6fc',0,0,91,202,80,'FF',4,0.00,NULL,NULL,0,0,NULL,1,NULL,'Key Reads','','',8,5),(966,'0298b69cadac59e5be27664b9846a72c',0,0,91,202,0,'FF',9,0.00,NULL,NULL,0,0,NULL,4,NULL,'Cur:','','',8,6),(967,'bc6b44d4a3b36a49d059cf13e39ffea0',0,0,91,202,0,'FF',9,0.00,NULL,NULL,0,0,NULL,1,NULL,'Avg:','','',8,7),(968,'475c0599aec3c9be5c6830cf662d6970',0,0,91,202,0,'FF',9,0.00,NULL,NULL,0,0,NULL,3,NULL,'Max:','','on',8,8),(969,'b890bc8caca92cb55365c7a7bb8215ce',0,0,91,203,45,'FF',7,0.00,NULL,NULL,21,0,NULL,1,NULL,'Key Write Requests','','',8,9),(970,'97a01afff58e9b63e20f5021674f3ddc',0,0,91,203,0,'FF',9,0.00,NULL,NULL,0,0,NULL,4,NULL,'Cur:','','',8,10),(971,'7b57079bab2309705c50b77788cd22b3',0,0,91,203,0,'FF',9,0.00,NULL,NULL,0,0,NULL,1,NULL,'Avg:','','',8,11),(972,'9655b367665592f7628edce0af27649f',0,0,91,203,0,'FF',9,0.00,NULL,NULL,0,0,NULL,3,NULL,'Max:','','on',8,12),(973,'ad38ba5c5c6b758e6b3e66934b5dfd72',0,0,91,205,48,'FF',4,0.00,NULL,NULL,21,0,NULL,1,NULL,'Key Writes','','',8,13),(974,'fccd86f534b2baba5dfb7d540b48d7f3',0,0,91,205,0,'FF',9,0.00,NULL,NULL,0,0,NULL,4,NULL,'Cur:','','',8,14),(975,'33bc51a9be430c978f4837ee14323fcb',0,0,91,205,0,'FF',9,0.00,NULL,NULL,0,0,NULL,1,NULL,'Avg:','','',8,15),(976,'edf87fc329169b9e3cc307fb930dda2d',0,0,91,205,0,'FF',9,0.00,NULL,NULL,0,0,NULL,3,NULL,'Max:','','on',8,16),(977,'b774f2cbe2a18c5a7f719644e9e81c3c',0,0,92,207,501,'FF',7,0.00,NULL,NULL,0,0,NULL,1,NULL,'Key Buffer Size','','',8,1),(978,'d4d65fa946724517422bce99218bbd0b',0,0,92,207,0,'FF',9,0.00,NULL,NULL,0,0,NULL,4,NULL,'Cur:','','',8,2),(979,'e06b0f6d9ec3852448579121b60a8536',0,0,92,207,0,'FF',9,0.00,NULL,NULL,0,0,NULL,1,NULL,'Avg:','','',8,3),(980,'e84d0e54291b37e944053db7c3b6dfe5',0,0,92,207,0,'FF',9,0.00,NULL,NULL,0,0,NULL,3,NULL,'Max:','','on',8,4),(981,'cdc83efde5a1466be2a602dbf1d9d740',0,0,92,208,502,'FF',7,0.00,NULL,NULL,0,0,NULL,1,NULL,'Key Buf Bytes Used','','',8,5),(982,'81913784ebc3cfea4ef3c69a09aaab97',0,0,92,208,0,'FF',9,0.00,NULL,NULL,0,0,NULL,4,NULL,'Cur:','','',8,6),(983,'12ba3137e6c13e1eab927505d09980ff',0,0,92,208,0,'FF',9,0.00,NULL,NULL,0,0,NULL,1,NULL,'Avg:','','',8,7),(984,'de8f79462ef857108626de2dde31ac21',0,0,92,208,0,'FF',9,0.00,NULL,NULL,0,0,NULL,3,NULL,'Max:','','on',8,8),(985,'99107edef0e39f2218aa3d3430b2c132',0,0,92,206,503,'FF',7,0.00,NULL,NULL,0,0,NULL,1,NULL,'Key Buf Bytes Unflushed','','',8,9),(986,'70b00f3c13269b055b0a82db4b54fcaf',0,0,92,206,0,'FF',9,0.00,NULL,NULL,0,0,NULL,4,NULL,'Cur:','','',8,10),(987,'cc69a95ca70aea638b613e9239cb43ab',0,0,92,206,0,'FF',9,0.00,NULL,NULL,0,0,NULL,1,NULL,'Avg:','','',8,11),(988,'4a03206f51cf873611de8558ef17a18a',0,0,92,206,0,'FF',9,0.00,NULL,NULL,0,0,NULL,3,NULL,'Max:','','on',8,12),(989,'b4bd5fdb3236aea87296b9dc62c113d6',0,0,93,212,504,'FF',7,0.00,NULL,NULL,0,0,NULL,1,NULL,'Pool Size','','',8,1),(990,'2da016c09d901ef1874c603df5066c62',0,0,93,212,0,'FF',9,0.00,NULL,NULL,0,0,NULL,4,NULL,'Cur:','','on',8,2),(991,'d5f840ff7108fe8f8ed7ed721968aed4',0,0,93,211,505,'FF',7,0.00,NULL,NULL,0,0,NULL,1,NULL,'Database Pages','','',8,3),(992,'322ef245758eadc47da7345813906c23',0,0,93,211,0,'FF',9,0.00,NULL,NULL,0,0,NULL,4,NULL,'Cur:','','',8,4),(993,'9ac84c6cf3bd0e365ebb8297650bfda2',0,0,93,211,0,'FF',9,0.00,NULL,NULL,0,0,NULL,1,NULL,'Avg:','','',8,5),(994,'ff00e877e3fbb2d6936ee7d96811b802',0,0,93,211,0,'FF',9,0.00,NULL,NULL,0,0,NULL,3,NULL,'Max:','','on',8,6),(995,'0b94c5cca325085b521b3b2f4bbf853c',0,0,93,209,506,'FF',8,0.00,NULL,NULL,0,0,NULL,1,NULL,'Free Pages','','',8,7),(996,'c310b852490c8b2b4366a70a2bd327c1',0,0,93,209,0,'FF',9,0.00,NULL,NULL,0,0,NULL,4,NULL,'Cur:','','',8,8),(997,'055c392c96c9c3d1330144e086d8e538',0,0,93,209,0,'FF',9,0.00,NULL,NULL,0,0,NULL,1,NULL,'Avg:','','',8,9),(998,'374ee660d24ea0226bda45a5cac068bd',0,0,93,209,0,'FF',9,0.00,NULL,NULL,0,0,NULL,3,NULL,'Max:','','on',8,10),(999,'b6164822d12842115a1dd8f83c64dde1',0,0,93,210,507,'FF',4,0.00,NULL,NULL,0,0,NULL,1,NULL,'Modified Pages','','',8,11),(1000,'fdbe4095e1849e4552c7a05bde424408',0,0,93,210,0,'FF',9,0.00,NULL,NULL,0,0,NULL,4,NULL,'Cur:','','',8,12),(1001,'c9a2caced895ccfdf4ebb8611a90e120',0,0,93,210,0,'FF',9,0.00,NULL,NULL,0,0,NULL,1,NULL,'Avg:','','',8,13),(1002,'cb0850a50efd438e5198bac4bdd62258',0,0,93,210,0,'FF',9,0.00,NULL,NULL,0,0,NULL,3,NULL,'Max:','','on',8,14),(1003,'a6a335fe4c74dd311e287538d3dd15a3',0,0,94,214,508,'FF',4,0.00,NULL,NULL,0,0,NULL,1,NULL,'File Reads','','',8,1),(1004,'bc8ef36feffa49e3890e7a275f445cd1',0,0,94,214,0,'FF',9,0.00,NULL,NULL,0,0,NULL,4,NULL,'Cur:','','',8,2),(1005,'8e419b91a0c32f716541aead2d12eb53',0,0,94,214,0,'FF',9,0.00,NULL,NULL,0,0,NULL,1,NULL,'Avg:','','',8,3),(1006,'db42097b80bebc76b2b55b52df74afff',0,0,94,214,0,'FF',9,0.00,NULL,NULL,0,0,NULL,3,NULL,'Max:','','on',8,4),(1007,'aa3de554cedc7fd5a46b9613289bb3dd',0,0,94,215,509,'FF',4,0.00,NULL,NULL,0,0,NULL,1,NULL,'File Writes','','',8,5),(1008,'1f83e05e3b809a322cba8eb8a3686764',0,0,94,215,0,'FF',9,0.00,NULL,NULL,0,0,NULL,4,NULL,'Cur:','','',8,6),(1009,'c885a4cf0180e2b0243835317b69472d',0,0,94,215,0,'FF',9,0.00,NULL,NULL,0,0,NULL,1,NULL,'Avg:','','',8,7),(1010,'153308d2691b5d394442873fecea842b',0,0,94,215,0,'FF',9,0.00,NULL,NULL,0,0,NULL,3,NULL,'Max:','','on',8,8),(1011,'a223e6ea1b8a8e19a3d009de1cbacfb5',0,0,94,213,510,'FF',4,0.00,NULL,NULL,0,0,NULL,1,NULL,'Log Writes','','',8,9),(1012,'8944c8d5734a1be2bb7277f090dad550',0,0,94,213,0,'FF',9,0.00,NULL,NULL,0,0,NULL,4,NULL,'Cur:','','',8,10),(1013,'1f179326d248b7a4cc03bec2fec82c79',0,0,94,213,0,'FF',9,0.00,NULL,NULL,0,0,NULL,1,NULL,'Avg:','','',8,11),(1014,'0fd84962ffe3e9c18c93c73a3f6f9e8c',0,0,94,213,0,'FF',9,0.00,NULL,NULL,0,0,NULL,3,NULL,'Max:','','on',8,12),(1015,'2cf042efeab03fa38c9b654856148b33',0,0,94,216,511,'FF',4,0.00,NULL,NULL,0,0,NULL,1,NULL,'File Fsyncs','','',8,13),(1016,'82cd1541b60c4819e5fdbc6027df76ca',0,0,94,216,0,'FF',9,0.00,NULL,NULL,0,0,NULL,4,NULL,'Cur:','','',8,14),(1017,'4d396724ccd4b53e994dd16bac39b2a0',0,0,94,216,0,'FF',9,0.00,NULL,NULL,0,0,NULL,1,NULL,'Avg:','','',8,15),(1018,'fe9bfffacca651c310d8cc43de44d70f',0,0,94,216,0,'FF',9,0.00,NULL,NULL,0,0,NULL,3,NULL,'Max:','','on',8,16),(1019,'9cb1247035cba45b4d751b1595543e3e',0,0,95,218,17,'FF',4,0.00,NULL,NULL,0,0,NULL,1,NULL,'Ibuf Inserts','','',8,1),(1020,'b7ac95c24b19416cefb581967e7d6551',0,0,95,218,0,'FF',9,0.00,NULL,NULL,0,0,NULL,4,NULL,'Cur:','','',8,2),(1021,'0b5b57a17bc1393b7d8fdef1950c9562',0,0,95,218,0,'FF',9,0.00,NULL,NULL,0,0,NULL,1,NULL,'Avg:','','',8,3),(1022,'e94a57d5a9d652d6bd166891f4585a6e',0,0,95,218,0,'FF',9,0.00,NULL,NULL,0,0,NULL,3,NULL,'Max:','','on',8,4),(1023,'0e20d50b8874f4006b0daaafea050eb3',0,0,95,219,21,'FF',4,0.00,NULL,NULL,0,0,NULL,1,NULL,'Ibuf Merged','','',8,5),(1024,'090fb06d94e34636b7030efbac897e09',0,0,95,219,0,'FF',9,0.00,NULL,NULL,0,0,NULL,4,NULL,'Cur:','','',8,6),(1025,'fb579db4b46828709df9bdeac6640086',0,0,95,219,0,'FF',9,0.00,NULL,NULL,0,0,NULL,1,NULL,'Avg:','','',8,7),(1026,'242d1ee903dd87174cb4a339cd0e3af8',0,0,95,219,0,'FF',9,0.00,NULL,NULL,0,0,NULL,3,NULL,'Max:','','on',8,8),(1027,'2b2fccb255ea08ed2ccc611119da713e',0,0,95,217,45,'FF',4,0.00,NULL,NULL,0,0,NULL,1,NULL,'Ibuf Merges','','',8,9),(1028,'1c53cce3463db28a9a1a15175b023d2f',0,0,95,217,0,'FF',9,0.00,NULL,NULL,0,0,NULL,4,NULL,'Cur:','','',8,10),(1029,'eced2ca89ae4e3d577657680de77257e',0,0,95,217,0,'FF',9,0.00,NULL,NULL,0,0,NULL,1,NULL,'Avg:','','',8,11),(1030,'acd7b935f51d737bbb6c1be8774d9e9e',0,0,95,217,0,'FF',9,0.00,NULL,NULL,0,0,NULL,3,NULL,'Max:','','on',8,12),(1031,'58336ffde1cd3276036fd5193aaa3f5e',0,0,96,220,512,'FF',7,0.00,NULL,NULL,0,0,NULL,1,NULL,'Ibuf Cell Count','','',8,1),(1032,'45c6509aae3f1fff2d653ef4c01ffbf3',0,0,96,220,0,'FF',9,0.00,NULL,NULL,0,0,NULL,4,NULL,'Cur:','','',8,2),(1033,'b666d5286527bfc6cf11befb7fa8b90e',0,0,96,220,0,'FF',9,0.00,NULL,NULL,0,0,NULL,1,NULL,'Avg:','','',8,3),(1034,'26f8d4d1445b0a16c246495d3e85ec6e',0,0,96,220,0,'FF',9,0.00,NULL,NULL,0,0,NULL,3,NULL,'Max:','','on',8,4),(1035,'bf3ed8074e6d47ffab2bed3cbedf0d07',0,0,96,221,513,'FF',7,0.00,NULL,NULL,0,0,NULL,1,NULL,'Ibuf Used Cells','','',8,5),(1036,'024d0b20aef8ea9e84245262c989de0a',0,0,96,221,0,'FF',9,0.00,NULL,NULL,0,0,NULL,4,NULL,'Cur:','','',8,6),(1037,'e97fa4f69bbcc768c0c51f5482112057',0,0,96,221,0,'FF',9,0.00,NULL,NULL,0,0,NULL,1,NULL,'Avg:','','',8,7),(1038,'9a62414f4fd7e38d8ae3d2408834222f',0,0,96,221,0,'FF',9,0.00,NULL,NULL,0,0,NULL,3,NULL,'Max:','','on',8,8),(1039,'3f0753621bb40689af1ad8ba1f4056db',0,0,96,222,514,'FF',8,0.00,NULL,NULL,0,0,NULL,1,NULL,'Ibuf Free Cells','','',8,9),(1040,'59eb567a738daf4d75881b0519971c48',0,0,96,222,0,'FF',9,0.00,NULL,NULL,0,0,NULL,4,NULL,'Cur:','','',8,10),(1041,'78c95090afa06327d9da80719a4023c7',0,0,96,222,0,'FF',9,0.00,NULL,NULL,0,0,NULL,1,NULL,'Avg:','','',8,11),(1042,'4fd10fa2f5ec97238f94d9b3228e9983',0,0,96,222,0,'FF',9,0.00,NULL,NULL,0,0,NULL,3,NULL,'Max:','','on',8,12),(1043,'0cfacd629425b9382e397d924eb9e5b9',0,0,97,225,515,'FF',4,0.00,NULL,NULL,0,0,NULL,1,NULL,'Spin Rounds','','',8,1),(1044,'015d0e3d82c07dd8f5e5d5eed3c06fb6',0,0,97,225,0,'FF',9,0.00,NULL,NULL,0,0,NULL,4,NULL,'Cur:','','',8,2),(1045,'823a47c154850710cfcd32f1ae031998',0,0,97,225,0,'FF',9,0.00,NULL,NULL,0,0,NULL,1,NULL,'Avg:','','',8,3),(1046,'f9c635324cc6e5071f1f2e61972bafc8',0,0,97,225,0,'FF',9,0.00,NULL,NULL,0,0,NULL,3,NULL,'Max:','','on',8,4),(1047,'668cd623ef34db23760452ca900a7d02',0,0,97,224,10,'FF',4,0.00,NULL,NULL,0,0,NULL,1,NULL,'Spin Waits','','',8,5),(1048,'910e179d05b8bfc973d33180bbb74ed4',0,0,97,224,0,'FF',9,0.00,NULL,NULL,0,0,NULL,4,NULL,'Cur:','','',8,6),(1049,'d6d33c7ebac1e3b5f0b8abe82c913777',0,0,97,224,0,'FF',9,0.00,NULL,NULL,0,0,NULL,1,NULL,'Avg:','','',8,7),(1050,'f0599853dff3eb73de3b2b8bb87c8437',0,0,97,224,0,'FF',9,0.00,NULL,NULL,0,0,NULL,3,NULL,'Max:','','on',8,8),(1051,'a9d9931314c74f4ea750cb7413c64288',0,0,97,223,17,'FF',4,0.00,NULL,NULL,0,0,NULL,1,NULL,'Os Waits','','',8,9),(1052,'9ebe098865391dc5bd03c19f95a40e9b',0,0,97,223,0,'FF',9,0.00,NULL,NULL,0,0,NULL,4,NULL,'Cur:','','',8,10),(1053,'6a971684e07940b60bfbbfa662766844',0,0,97,223,0,'FF',9,0.00,NULL,NULL,0,0,NULL,1,NULL,'Avg:','','',8,11),(1054,'6f463319ae13a3ba870f27abb4aa24cb',0,0,97,223,0,'FF',9,0.00,NULL,NULL,0,0,NULL,3,NULL,'Max:','','on',8,12),(1055,'bfcc4e719305835965556611a24247c8',0,0,98,229,80,'FF',7,0.00,NULL,NULL,0,0,NULL,1,NULL,'Rows Read','','',8,1),(1056,'8af4489202e51afbe103caba5b7df587',0,0,98,229,0,'FF',9,0.00,NULL,NULL,0,0,NULL,4,NULL,'Cur:','','',8,2),(1057,'c0b6a77c6b83235d092c37760c80dbb6',0,0,98,229,0,'FF',9,0.00,NULL,NULL,0,0,NULL,1,NULL,'Avg:','','',8,3),(1058,'391a128d80c44a94a76e4f48cd99a82a',0,0,98,229,0,'FF',9,0.00,NULL,NULL,0,0,NULL,3,NULL,'Max:','','on',8,4),(1059,'b7b29c621bce81b6ce14f3d4d91ad191',0,0,98,226,42,'FF',8,0.00,NULL,NULL,0,0,NULL,1,NULL,'Rows Deleted','','',8,5),(1060,'7555e285f6b9465345bc45b5f7def374',0,0,98,226,0,'FF',9,0.00,NULL,NULL,0,0,NULL,4,NULL,'Cur:','','',8,6),(1061,'1b5b41e853e676e7914822ea5b8fdcbd',0,0,98,226,0,'FF',9,0.00,NULL,NULL,0,0,NULL,1,NULL,'Avg:','','',8,7),(1062,'21e7e1e385609130de4ec07325afb341',0,0,98,226,0,'FF',9,0.00,NULL,NULL,0,0,NULL,3,NULL,'Max:','','on',8,8),(1063,'b2e1a6bf7ebcf02421455f7d10e7c44d',0,0,98,228,8,'FF',8,0.00,NULL,NULL,0,0,NULL,1,NULL,'Rows Updated','','',8,9),(1064,'06770892cb00d89fc55c09f673b3d81f',0,0,98,228,0,'FF',9,0.00,NULL,NULL,0,0,NULL,4,NULL,'Cur:','','',8,10),(1065,'b10dce738a425c7ab4a9dcb532deae80',0,0,98,228,0,'FF',9,0.00,NULL,NULL,0,0,NULL,1,NULL,'Avg:','','',8,11),(1066,'207a4e18f64d6666c87bc65494eabfd4',0,0,98,228,0,'FF',9,0.00,NULL,NULL,0,0,NULL,3,NULL,'Max:','','on',8,12),(1067,'12af420b052ee41f80d2051c0d749cd7',0,0,98,227,94,'FF',8,0.00,NULL,NULL,0,0,NULL,1,NULL,'Rows Inserted','','',8,13),(1068,'03c41074174819824c44e3f3c3ebb431',0,0,98,227,0,'FF',9,0.00,NULL,NULL,0,0,NULL,4,NULL,'Cur:','','',8,14),(1069,'d4e082f244e43956a4e3201499deb19b',0,0,98,227,0,'FF',9,0.00,NULL,NULL,0,0,NULL,1,NULL,'Avg:','','',8,15),(1070,'8e405f87ef89d9c53ba75b28d8994e54',0,0,98,227,0,'FF',9,0.00,NULL,NULL,0,0,NULL,3,NULL,'Max:','','on',8,16),(1071,'916607bf3ac2a807b9be8b6f05defc72',0,0,99,230,63,'FF',7,0.00,NULL,NULL,0,0,NULL,1,NULL,'Table Locks Immediate','','on',8,1),(1072,'017943a75dd5401b90c89390f3972af5',0,0,99,230,72,'FF',4,0.00,NULL,NULL,0,0,NULL,1,NULL,'Table Locks Immediate','','',8,2),(1073,'1cc51160f8e8a16733d30d06e5707dd0',0,0,99,230,0,'FF',9,0.00,NULL,NULL,0,0,NULL,4,NULL,'Cur:','','',8,3),(1074,'7c50d34458db6fc5b9b4c2024ff260c1',0,0,99,230,0,'FF',9,0.00,NULL,NULL,0,0,NULL,1,NULL,'Avg:','','',8,4),(1075,'104490b88a906db80e9ba3bec887bed5',0,0,99,230,0,'FF',9,0.00,NULL,NULL,0,0,NULL,3,NULL,'Max:','','on',8,5),(1076,'1440318d1ff98253cbf767e736bc2d13',0,0,99,232,44,'FF',7,0.00,NULL,NULL,0,0,NULL,1,NULL,'Table Locks Waited','','',8,6),(1077,'6f5f7ef641d3aa210d44ca586934cdd4',0,0,99,232,0,'FF',9,0.00,NULL,NULL,0,0,NULL,4,NULL,'Cur:','','',8,7),(1078,'765cfae9cc347000119f2aac56c03409',0,0,99,232,0,'FF',9,0.00,NULL,NULL,0,0,NULL,1,NULL,'Avg:','','',8,8),(1079,'ce9fb640f081136b351aedd160ff6930',0,0,99,232,0,'FF',9,0.00,NULL,NULL,0,0,NULL,3,NULL,'Max:','','on',8,9),(1080,'d1fd5b95b4dbc7b7616b6c258fb3565d',0,0,99,231,94,'FF',4,0.00,NULL,NULL,0,0,NULL,1,NULL,'Slow Queries','','',8,10),(1081,'38b30e965c31c5f891437ac09c070ce7',0,0,99,231,0,'FF',9,0.00,NULL,NULL,0,0,NULL,4,NULL,'Cur:','','',8,11),(1082,'2a8e7912f3224a1bd4b8f165b746a029',0,0,99,231,0,'FF',9,0.00,NULL,NULL,0,0,NULL,1,NULL,'Avg:','','',8,12),(1083,'29875910115e1e96159dd9611f8ca060',0,0,99,231,0,'FF',9,0.00,NULL,NULL,0,0,NULL,3,NULL,'Max:','','on',8,13),(1084,'b407366c7b77195834928cca70e57fb5',0,0,100,235,5,'FF',7,0.00,NULL,NULL,0,0,NULL,1,NULL,'Max Connections','','',8,1),(1085,'d38bc5f3a0c90cb174d5536574c8973f',0,0,100,235,0,'FF',9,0.00,NULL,NULL,0,0,NULL,4,NULL,'Cur:','','on',8,2),(1086,'012d8d1c201c1fbbac02ad1725f50ccc',0,0,100,237,29,'FF',7,0.00,NULL,NULL,0,0,NULL,1,NULL,'Max Used Connections','','',8,3),(1087,'a3322eabf1361ab3245cb94a0d1a4ffd',0,0,100,237,0,'FF',9,0.00,NULL,NULL,0,0,NULL,4,NULL,'Cur:','','on',8,4),(1088,'1eca47b5501d6883663c370f5d1d78a2',0,0,100,236,44,'FF',4,0.00,NULL,NULL,0,0,NULL,1,NULL,'Aborted Clients','','',8,5),(1089,'5aca02a8aa21a5f5eda4b8316b4011b1',0,0,100,236,0,'FF',9,0.00,NULL,NULL,0,0,NULL,4,NULL,'Cur:','','',8,6),(1090,'97715c22b902c80edaa91c26d361c45c',0,0,100,236,0,'FF',9,0.00,NULL,NULL,0,0,NULL,1,NULL,'Avg:','','',8,7),(1091,'f1396330d3ccdcae150a9c08133f5961',0,0,100,236,0,'FF',9,0.00,NULL,NULL,0,0,NULL,3,NULL,'Max:','','on',8,8),(1092,'bc775e0e79e4352cb8a599f628e47e94',0,0,100,238,12,'FF',4,0.00,NULL,NULL,0,0,NULL,1,NULL,'Aborted Connects','','',8,9),(1093,'69a397d3d6652e5c619801054ca4b9ec',0,0,100,238,0,'FF',9,0.00,NULL,NULL,0,0,NULL,4,NULL,'Cur:','','',8,10),(1094,'d024f2bd6465b634f3ecc8a87fe31552',0,0,100,238,0,'FF',9,0.00,NULL,NULL,0,0,NULL,1,NULL,'Avg:','','',8,11),(1095,'7d3cc577042ec01a3b0f0b98bf490609',0,0,100,238,0,'FF',9,0.00,NULL,NULL,0,0,NULL,3,NULL,'Max:','','on',8,12),(1096,'fee53bd507ef0eec287bbf43b45954c5',0,0,100,233,33,'FF',5,0.00,NULL,NULL,0,0,NULL,1,NULL,'Threads Connected','','',8,13),(1097,'f175443559fb386d8d3e88a0f2f4dfcc',0,0,100,233,0,'FF',9,0.00,NULL,NULL,0,0,NULL,4,NULL,'Cur:','','',8,14),(1098,'f1704851a8d470ae51c3f0882c57c789',0,0,100,233,0,'FF',9,0.00,NULL,NULL,0,0,NULL,1,NULL,'Avg:','','',8,15),(1099,'62202f9bf84b6c29ffe22967fa63846f',0,0,100,233,0,'FF',9,0.00,NULL,NULL,0,0,NULL,3,NULL,'Max:','','on',8,16),(1100,'88424e1e9429ba83586889a04981af80',0,0,100,234,10,'FF',4,0.00,NULL,NULL,0,0,NULL,1,NULL,'Connections','','',8,17),(1101,'8effd39a2ef226831a5f57463ac02947',0,0,100,234,0,'FF',9,0.00,NULL,NULL,0,0,NULL,4,NULL,'Cur:','','',8,18),(1102,'f22f83a2a5dd1b87c4a03503e755b6a3',0,0,100,234,0,'FF',9,0.00,NULL,NULL,0,0,NULL,1,NULL,'Avg:','','',8,19),(1103,'3574a5072a462c79490ad5c19b9f569d',0,0,100,234,0,'FF',9,0.00,NULL,NULL,0,0,NULL,3,NULL,'Max:','','on',8,20),(1104,'af71b4656fde264757f8a53179503145',0,0,101,239,92,'FF',7,0.00,NULL,NULL,0,0,NULL,1,NULL,'Slave Running','','on',8,1),(1105,'49b52aec5512934f3f25a8e62eb0ca94',0,0,101,241,99,'FF',7,0.00,NULL,NULL,0,0,NULL,1,NULL,'Slave Stopped','','on',8,2),(1106,'7c1d40d9c8c82b10cfa96c08348c1a57',0,0,101,243,10,'FF',4,0.00,NULL,NULL,0,0,NULL,1,NULL,'Slave Lag','','',8,3),(1107,'55205e503099ed4c75d0f02d0d8e66f1',0,0,101,243,0,'FF',9,0.00,NULL,NULL,0,0,NULL,4,NULL,'Cur:','','',8,4),(1108,'c9c0462351963255b74958ddf8720ee1',0,0,101,243,0,'FF',9,0.00,NULL,NULL,0,0,NULL,1,NULL,'Avg:','','',8,5),(1109,'a7bd80a1e4b40239fb50caab6aa8712a',0,0,101,243,0,'FF',9,0.00,NULL,NULL,0,0,NULL,3,NULL,'Max:','','on',8,6),(1110,'785e7cb5e897c4200f919f36c11b42c5',0,0,101,242,58,'FF',4,0.00,NULL,NULL,0,0,NULL,1,NULL,'Slave Open Temp Tables','','',8,7),(1111,'1cf4e32b8d89973733e3e26af5e75007',0,0,101,242,0,'FF',9,0.00,NULL,NULL,0,0,NULL,4,NULL,'Cur:','','',8,8),(1112,'892bed9f93decd0ff3eb9e01f820aa4d',0,0,101,242,0,'FF',9,0.00,NULL,NULL,0,0,NULL,1,NULL,'Avg:','','',8,9),(1113,'b880dae6e4a2ae4f8e803bb295b1d47f',0,0,101,242,0,'FF',9,0.00,NULL,NULL,0,0,NULL,3,NULL,'Max:','','on',8,10),(1114,'829702036497d955ee9fad739884a74f',0,0,101,240,9,'FF',4,0.00,NULL,NULL,0,0,NULL,1,NULL,'Slave Retried Transactions','','',8,11),(1115,'778f34962d95adc4985d3d8d639c108c',0,0,101,240,0,'FF',9,0.00,NULL,NULL,0,0,NULL,4,NULL,'Cur:','','',8,12),(1116,'f9507cbae394b406559beb21efebffd9',0,0,101,240,0,'FF',9,0.00,NULL,NULL,0,0,NULL,1,NULL,'Avg:','','',8,13),(1117,'63c74949ed83fe522c42ac3bd034f0e7',0,0,101,240,0,'FF',9,0.00,NULL,NULL,0,0,NULL,3,NULL,'Max:','','on',8,14),(1118,'fa67369f01e4bd14187e1c3073cc0114',0,0,102,246,10,'FF',5,0.00,NULL,NULL,0,0,NULL,1,NULL,'Qcache Queries In Cache','','',8,1),(1119,'28864ae44a3aee7bcb4ffc31d9ef3b67',0,0,102,246,0,'FF',9,0.00,NULL,NULL,0,0,NULL,4,NULL,'Cur:','','',8,2),(1120,'50e3784ff625222e289cb6f0cf9ecad5',0,0,102,246,0,'FF',9,0.00,NULL,NULL,0,0,NULL,1,NULL,'Avg:','','',8,3),(1121,'efed3077461d037d8368c84337fd8104',0,0,102,246,0,'FF',9,0.00,NULL,NULL,0,0,NULL,3,NULL,'Max:','','on',8,4),(1122,'ace43799392a110da1ee08f0e993588c',0,0,102,248,28,'FF',5,0.00,NULL,NULL,0,0,NULL,1,NULL,'Qcache Hits','','',8,5),(1123,'f9309f2a0522d1f05371d83fb7030120',0,0,102,248,0,'FF',9,0.00,NULL,NULL,0,0,NULL,4,NULL,'Cur:','','',8,6),(1124,'d018ae743d7447ec84fc22f6ef846f99',0,0,102,248,0,'FF',9,0.00,NULL,NULL,0,0,NULL,1,NULL,'Avg:','','',8,7),(1125,'a9fcb8e16eb3899cf28acfd14fd3a406',0,0,102,248,0,'FF',9,0.00,NULL,NULL,0,0,NULL,3,NULL,'Max:','','on',8,8),(1126,'cadf528007c959ff4a5364248c3f7c64',0,0,102,244,17,'FF',4,0.00,NULL,NULL,0,0,NULL,1,NULL,'Qcache Inserts','','',8,9),(1127,'b3d27981d1ab96a0a5b5e0dd800efbf2',0,0,102,244,0,'FF',9,0.00,NULL,NULL,0,0,NULL,4,NULL,'Cur:','','',8,10),(1128,'460678d8ed971beb62ed4f93e6d2a6c4',0,0,102,244,0,'FF',9,0.00,NULL,NULL,0,0,NULL,1,NULL,'Avg:','','',8,11),(1129,'22b8de2307af25915fc8b01bbd931dee',0,0,102,244,0,'FF',9,0.00,NULL,NULL,0,0,NULL,3,NULL,'Max:','','on',8,12),(1130,'e18a5faf15ca4e67bc049f045c5e2156',0,0,102,247,77,'FF',4,0.00,NULL,NULL,0,0,NULL,1,NULL,'Qcache Not Cached','','',8,13),(1131,'116ccdd0ca699c3759b3ba2d4645e85a',0,0,102,247,0,'FF',9,0.00,NULL,NULL,0,0,NULL,4,NULL,'Cur:','','',8,14),(1132,'b0349213843db92c07d18af9effa0c96',0,0,102,247,0,'FF',9,0.00,NULL,NULL,0,0,NULL,1,NULL,'Avg:','','',8,15),(1133,'e82e0b5fb0cd7ec4c73821e822f6f401',0,0,102,247,0,'FF',9,0.00,NULL,NULL,0,0,NULL,3,NULL,'Max:','','on',8,16),(1134,'44000ad3a645e604a0bb6471fd87a5bd',0,0,102,245,9,'FF',4,0.00,NULL,NULL,0,0,NULL,1,NULL,'Qcache Lowmem Prunes','','',8,17),(1135,'3d554a5de87af46c6c35872ae06f666e',0,0,102,245,0,'FF',9,0.00,NULL,NULL,0,0,NULL,4,NULL,'Cur:','','',8,18),(1136,'4b8f60b6e048855c5d986c6d6f456dae',0,0,102,245,0,'FF',9,0.00,NULL,NULL,0,0,NULL,1,NULL,'Avg:','','',8,19),(1137,'f2944154ee8aefb3b34e48affafa066b',0,0,102,245,0,'FF',9,0.00,NULL,NULL,0,0,NULL,3,NULL,'Max:','','on',8,20),(1138,'8cd79d88cf715ed762b83785eda5ca6e',0,0,103,249,6,'FF',7,0.00,NULL,NULL,0,0,NULL,1,NULL,'Query Cache Size','','',8,1),(1139,'33904b0e20bbbe26b546d357dc245860',0,0,103,249,0,'FF',9,0.00,NULL,NULL,0,0,NULL,4,NULL,'Cur:','','',8,2),(1140,'9cafcf883585668c562a824a40d6ab94',0,0,103,249,0,'FF',9,0.00,NULL,NULL,0,0,NULL,1,NULL,'Avg:','','',8,3),(1141,'6e0448b811ed871c76f93609524998f1',0,0,103,249,0,'FF',9,0.00,NULL,NULL,0,0,NULL,3,NULL,'Max:','','on',8,4),(1142,'c505e6f3899dffc80cd61c889ded1f14',0,0,103,252,38,'FF',7,0.00,NULL,NULL,0,0,NULL,1,NULL,'Qcache Free Memory','','',8,5),(1143,'94df6afa6ddf0d66aa4f8cc086f41673',0,0,103,252,0,'FF',9,0.00,NULL,NULL,0,0,NULL,4,NULL,'Cur:','','',8,6),(1144,'2c41e1e44b1f96b5144478e4195bf81e',0,0,103,252,0,'FF',9,0.00,NULL,NULL,0,0,NULL,1,NULL,'Avg:','','',8,7),(1145,'d793864e8533491ccfd95cadbf7baa2c',0,0,103,252,0,'FF',9,0.00,NULL,NULL,0,0,NULL,3,NULL,'Max:','','on',8,8),(1146,'f1c1ae7a529e3caca5cc7f0bcbc33d93',0,0,103,251,58,'FF',4,0.00,NULL,NULL,0,0,NULL,1,NULL,'Qcache Total Blocks','','',8,9),(1147,'0b87994b9b19c1ca50efdd3cb9f91c7e',0,0,103,251,0,'FF',9,0.00,NULL,NULL,0,0,NULL,4,NULL,'Cur:','','',8,10),(1148,'4a26a4e5c8f3da15e51760a7684ad416',0,0,103,251,0,'FF',9,0.00,NULL,NULL,0,0,NULL,1,NULL,'Avg:','','',8,11),(1149,'b75c3281d1eec342ccb22a3bee193a24',0,0,103,251,0,'FF',9,0.00,NULL,NULL,0,0,NULL,3,NULL,'Max:','','on',8,12),(1150,'0b50cb2ab04fdaa006ac96adf97ae35d',0,0,103,250,27,'FF',4,0.00,NULL,NULL,0,0,NULL,1,NULL,'Qcache Free Blocks','','',8,13),(1151,'b24088faf725466c6530a1c97eaadbae',0,0,103,250,0,'FF',9,0.00,NULL,NULL,0,0,NULL,4,NULL,'Cur:','','',8,14),(1152,'dc90dea268cdd22177897808896476d5',0,0,103,250,0,'FF',9,0.00,NULL,NULL,0,0,NULL,1,NULL,'Avg:','','',8,15),(1153,'06dbaaab66a804d1620de61487c01478',0,0,103,250,0,'FF',9,0.00,NULL,NULL,0,0,NULL,3,NULL,'Max:','','on',8,16),(1154,'dd4cfe720debada3fcb1961c84e471d6',0,0,104,262,38,'FF',7,0.00,NULL,NULL,0,0,NULL,1,NULL,'Questions','','',8,1),(1155,'e4a799bf9a7870f7bff19cc2f0b79673',0,0,104,262,0,'FF',9,0.00,NULL,NULL,0,0,NULL,4,NULL,'Cur:','','',8,2),(1156,'f8c1d6ae910e50bd43c07320040e6920',0,0,104,262,0,'FF',9,0.00,NULL,NULL,0,0,NULL,1,NULL,'Avg:','','',8,3),(1157,'37da97f97ac6b285ab9e30a01091e816',0,0,104,262,0,'FF',9,0.00,NULL,NULL,0,0,NULL,3,NULL,'Max:','','on',8,4),(1158,'f988355c1132303304229ac370107765',0,0,104,253,9,'FF',7,0.00,NULL,NULL,0,0,NULL,1,NULL,'Com Select','','',8,5),(1159,'e3398e7b6fe32ed9c177a4163d9dc962',0,0,104,253,0,'FF',9,0.00,NULL,NULL,0,0,NULL,4,NULL,'Cur:','','',8,6),(1160,'2dc358f556cec8486d3f8e96d35f2ecb',0,0,104,253,0,'FF',9,0.00,NULL,NULL,0,0,NULL,1,NULL,'Avg:','','',8,7),(1161,'07982dbac050337aab5e626125212b03',0,0,104,253,0,'FF',9,0.00,NULL,NULL,0,0,NULL,3,NULL,'Max:','','on',8,8),(1162,'76c5acf3f9a59df641737fe0b1ee13d1',0,0,104,255,33,'FF',8,0.00,NULL,NULL,0,0,NULL,1,NULL,'Com Delete','','',8,9),(1163,'58c78115c89f747177e99d5877d376a6',0,0,104,255,0,'FF',9,0.00,NULL,NULL,0,0,NULL,4,NULL,'Cur:','','',8,10),(1164,'586c293f1edc2a839f7a7918e678b02f',0,0,104,255,0,'FF',9,0.00,NULL,NULL,0,0,NULL,1,NULL,'Avg:','','',8,11),(1165,'98eea6e171cb9e34b35609d51acc997c',0,0,104,255,0,'FF',9,0.00,NULL,NULL,0,0,NULL,3,NULL,'Max:','','on',8,12),(1166,'aa9c8ebf0964d91e14b5e5bf4a4906d5',0,0,104,256,25,'FF',8,0.00,NULL,NULL,0,0,NULL,1,NULL,'Com Insert','','',8,13),(1167,'1aef77b53c48414f73d58618b5f09372',0,0,104,256,0,'FF',9,0.00,NULL,NULL,0,0,NULL,4,NULL,'Cur:','','',8,14),(1168,'a11aec0916bfeb24bedfb4bcbb214fa2',0,0,104,256,0,'FF',9,0.00,NULL,NULL,0,0,NULL,1,NULL,'Avg:','','',8,15),(1169,'dea965401d3c9436a614506c6e83ddf9',0,0,104,256,0,'FF',9,0.00,NULL,NULL,0,0,NULL,3,NULL,'Max:','','on',8,16),(1170,'833825c84a7385e8c7e8b45e03977f64',0,0,104,260,22,'FF',8,0.00,NULL,NULL,0,0,NULL,1,NULL,'Com Update','','',8,17),(1171,'05032a6da48c0a78e6f431f15bdb3fb2',0,0,104,260,0,'FF',9,0.00,NULL,NULL,0,0,NULL,4,NULL,'Cur:','','',8,18),(1172,'3052797946ac2189b7a6edc614a79160',0,0,104,260,0,'FF',9,0.00,NULL,NULL,0,0,NULL,1,NULL,'Avg:','','',8,19),(1173,'6b567169e0176fe6d268f8fdd2203f20',0,0,104,260,0,'FF',9,0.00,NULL,NULL,0,0,NULL,3,NULL,'Max:','','on',8,20),(1174,'18335556eca0e60a267defd7d7451ae3',0,0,104,257,73,'FF',8,0.00,NULL,NULL,0,0,NULL,1,NULL,'Com Replace','','',8,21),(1175,'c10c102e58bfebf98c56ef7632a138b1',0,0,104,257,0,'FF',9,0.00,NULL,NULL,0,0,NULL,4,NULL,'Cur:','','',8,22),(1176,'76d2eecc801620b60bd8a3fc977a9c4a',0,0,104,257,0,'FF',9,0.00,NULL,NULL,0,0,NULL,1,NULL,'Avg:','','',8,23),(1177,'508839deb9410e2c84a1ed191a7fa573',0,0,104,257,0,'FF',9,0.00,NULL,NULL,0,0,NULL,3,NULL,'Max:','','on',8,24),(1178,'f85a1ad9451f5a623dff9e9fe4e5986a',0,0,104,263,60,'FF',8,0.00,NULL,NULL,0,0,NULL,1,NULL,'Com Load','','',8,25),(1179,'71581e77f435e6ba99839826189e5d19',0,0,104,263,0,'FF',9,0.00,NULL,NULL,0,0,NULL,4,NULL,'Cur:','','',8,26),(1180,'621923a4994b8042c83f6217060440fc',0,0,104,263,0,'FF',9,0.00,NULL,NULL,0,0,NULL,1,NULL,'Avg:','','',8,27),(1181,'b99a194be758ab516d788333dd51b4ba',0,0,104,263,0,'FF',9,0.00,NULL,NULL,0,0,NULL,3,NULL,'Max:','','on',8,28),(1182,'a738ba150a6d303730ecabd1a94d583b',0,0,104,254,43,'FF',8,0.00,NULL,NULL,0,0,NULL,1,NULL,'Com Delete Multi','','',8,29),(1183,'dfd186b06f5e60e6a659ccac9c42b80b',0,0,104,254,0,'FF',9,0.00,NULL,NULL,0,0,NULL,4,NULL,'Cur:','','',8,30),(1184,'b0e2b3108540b28d4b7a70bced22b546',0,0,104,254,0,'FF',9,0.00,NULL,NULL,0,0,NULL,1,NULL,'Avg:','','',8,31),(1185,'50fe9877c336e254a47ebe60b73ad6a0',0,0,104,254,0,'FF',9,0.00,NULL,NULL,0,0,NULL,3,NULL,'Max:','','on',8,32),(1186,'2a110db33939221b333fd09e0f1c2f8f',0,0,104,261,101,'FF',8,0.00,NULL,NULL,0,0,NULL,1,NULL,'Com Insert Select','','',8,33),(1187,'9497318c48ce3ec4c35498df138bbf0b',0,0,104,261,0,'FF',9,0.00,NULL,NULL,0,0,NULL,4,NULL,'Cur:','','',8,34),(1188,'59ef500abc9ff965b7687673d2a32c9f',0,0,104,261,0,'FF',9,0.00,NULL,NULL,0,0,NULL,1,NULL,'Avg:','','',8,35),(1189,'23ce3c7e3251618d01adec036fdc771e',0,0,104,261,0,'FF',9,0.00,NULL,NULL,0,0,NULL,3,NULL,'Max:','','on',8,36),(1190,'a7fd4e8e86393642ab667e12d1406c0f',0,0,104,258,55,'FF',8,0.00,NULL,NULL,0,0,NULL,1,NULL,'Com Update Multi','','',8,37),(1191,'d8030b1ab622b89ba28b5289862ff7f0',0,0,104,258,0,'FF',9,0.00,NULL,NULL,0,0,NULL,4,NULL,'Cur:','','',8,38),(1192,'49286bd17cdbd1d6623741eab9a94f2c',0,0,104,258,0,'FF',9,0.00,NULL,NULL,0,0,NULL,1,NULL,'Avg:','','',8,39),(1193,'6088d896b040bc39d927c170c1e61a7d',0,0,104,258,0,'FF',9,0.00,NULL,NULL,0,0,NULL,3,NULL,'Max:','','on',8,40),(1194,'621220646f1e0759cfb28054d45a00d2',0,0,104,259,87,'FF',8,0.00,NULL,NULL,0,0,NULL,1,NULL,'Com Replace Select','','',8,41),(1195,'7bb1d93a79d6bd49f8bd94f3d4205798',0,0,104,259,0,'FF',9,0.00,NULL,NULL,0,0,NULL,4,NULL,'Cur:','','',8,42),(1196,'9c9e48155bf23719d46efc12497a38e3',0,0,104,259,0,'FF',9,0.00,NULL,NULL,0,0,NULL,1,NULL,'Avg:','','',8,43),(1197,'af052fe308d3a2d4249448e3a4ad4d1b',0,0,104,259,0,'FF',9,0.00,NULL,NULL,0,0,NULL,3,NULL,'Max:','','on',8,44),(1198,'78a1882c6d0940ed5d85785f02fb46dd',0,0,105,265,504,'FF',7,0.00,NULL,NULL,0,0,NULL,1,NULL,'Select Full Join','','',8,1),(1199,'aa97bb9f53938f76b9cd0580f352f725',0,0,105,265,0,'FF',9,0.00,NULL,NULL,0,0,NULL,4,NULL,'Cur:','','',8,2),(1200,'30f19fdb2c2ec28e0f31c8fa64e6f542',0,0,105,265,0,'FF',9,0.00,NULL,NULL,0,0,NULL,1,NULL,'Avg:','','',8,3),(1201,'2fedeb05dc800c03f19e674c89b54113',0,0,105,265,0,'FF',9,0.00,NULL,NULL,0,0,NULL,3,NULL,'Max:','','on',8,4),(1202,'1ce5170cdf3d815e6008b799d449af71',0,0,105,267,506,'FF',8,0.00,NULL,NULL,0,0,NULL,1,NULL,'Select Full Range Join','','',8,5),(1203,'65dc9971cb10a5c30440249e1fba029e',0,0,105,267,0,'FF',9,0.00,NULL,NULL,0,0,NULL,4,NULL,'Cur:','','',8,6),(1204,'3c6cf3efb0129ad98d9778f78c848282',0,0,105,267,0,'FF',9,0.00,NULL,NULL,0,0,NULL,1,NULL,'Avg:','','',8,7),(1205,'5878df8aed34db668c2ca4394eeaea7b',0,0,105,267,0,'FF',9,0.00,NULL,NULL,0,0,NULL,3,NULL,'Max:','','on',8,8),(1206,'eb43d2d63adbdc3787f6c8580956e0bf',0,0,105,264,505,'FF',8,0.00,NULL,NULL,0,0,NULL,1,NULL,'Select Range','','',8,9),(1207,'a56b898dbe16b35fd01cab804d493ff2',0,0,105,264,0,'FF',9,0.00,NULL,NULL,0,0,NULL,4,NULL,'Cur:','','',8,10),(1208,'79600ab93c52ee1449139c1366961a7f',0,0,105,264,0,'FF',9,0.00,NULL,NULL,0,0,NULL,1,NULL,'Avg:','','',8,11),(1209,'6f57169512eb3ceaa40196373fbd5f49',0,0,105,264,0,'FF',9,0.00,NULL,NULL,0,0,NULL,3,NULL,'Max:','','on',8,12),(1210,'825d1f721a60c3ce4233fda267592367',0,0,105,268,507,'FF',8,0.00,NULL,NULL,0,0,NULL,1,NULL,'Select Range Check','','',8,13),(1211,'d826fae1ecbb27193d7b5a9f67ca3e3a',0,0,105,268,0,'FF',9,0.00,NULL,NULL,0,0,NULL,4,NULL,'Cur:','','',8,14),(1212,'c542c42a2cbcb3c6f5cc83ca9e0558ec',0,0,105,268,0,'FF',9,0.00,NULL,NULL,0,0,NULL,1,NULL,'Avg:','','',8,15),(1213,'305b4eebdb07692cdb7ad699936cf683',0,0,105,268,0,'FF',9,0.00,NULL,NULL,0,0,NULL,3,NULL,'Max:','','on',8,16),(1214,'98401b1b5f0dfb597c5f4099a3a8dc76',0,0,105,266,516,'FF',8,0.00,NULL,NULL,0,0,NULL,1,NULL,'Select Scan','','',8,17),(1215,'08bc850d4eec26b9e3c8d7452321087e',0,0,105,266,0,'FF',9,0.00,NULL,NULL,0,0,NULL,4,NULL,'Cur:','','',8,18),(1216,'835c1210d74eafa7761a8a842649ffa3',0,0,105,266,0,'FF',9,0.00,NULL,NULL,0,0,NULL,1,NULL,'Avg:','','',8,19),(1217,'6656e6af8c3cf5591e79c630bc516f29',0,0,105,266,0,'FF',9,0.00,NULL,NULL,0,0,NULL,3,NULL,'Max:','','on',8,20),(1218,'a740b7c69014ea8e1fcf6b5bb4747f7f',0,0,106,269,31,'FF',7,0.00,NULL,NULL,0,0,NULL,1,NULL,'Sort Rows','','',8,1),(1219,'9a3a20b574368271d24f111ff1f6fdcc',0,0,106,269,0,'FF',9,0.00,NULL,NULL,0,0,NULL,4,NULL,'Cur:','','',8,2),(1220,'81870741cd7488e5e4b9a926fffa93bd',0,0,106,269,0,'FF',9,0.00,NULL,NULL,0,0,NULL,1,NULL,'Avg:','','',8,3),(1221,'86b880de007dcedf9a9498f1ed09e4d3',0,0,106,269,0,'FF',9,0.00,NULL,NULL,0,0,NULL,3,NULL,'Max:','','on',8,4),(1222,'b192171fe1add8e2b5bf10d2a5d4c120',0,0,106,272,17,'FF',4,0.00,NULL,NULL,0,0,NULL,1,NULL,'Sort Range','','',8,5),(1223,'fd4338ae50341d4a81e11b1216b369c9',0,0,106,272,0,'FF',9,0.00,NULL,NULL,0,0,NULL,4,NULL,'Cur:','','',8,6),(1224,'3ef873dce479a66ac8b80f1e2b594ac9',0,0,106,272,0,'FF',9,0.00,NULL,NULL,0,0,NULL,1,NULL,'Avg:','','',8,7),(1225,'630ba9a1c2315021fce22e5fa83485be',0,0,106,272,0,'FF',9,0.00,NULL,NULL,0,0,NULL,3,NULL,'Max:','','on',8,8),(1226,'e3b157d7d5ceec409a04655ae22b69c2',0,0,106,270,42,'FF',4,0.00,NULL,NULL,0,0,NULL,1,NULL,'Sort Merge Passes','','',8,9),(1227,'f3d30ac75381dd99434f982a2a00d6fa',0,0,106,270,0,'FF',9,0.00,NULL,NULL,0,0,NULL,4,NULL,'Cur:','','',8,10),(1228,'6b67fe5b72c13f4c47329aff687eb013',0,0,106,270,0,'FF',9,0.00,NULL,NULL,0,0,NULL,1,NULL,'Avg:','','',8,11),(1229,'b55c762a65cee114206cf813e3d29134',0,0,106,270,0,'FF',9,0.00,NULL,NULL,0,0,NULL,3,NULL,'Max:','','on',8,12),(1230,'e83dabc71fc26a31551142612092b534',0,0,106,271,10,'FF',4,0.00,NULL,NULL,0,0,NULL,1,NULL,'Sort Scan','','',8,13),(1231,'8c2bc89bfa192ec86a0b02c5e2d8742a',0,0,106,271,0,'FF',9,0.00,NULL,NULL,0,0,NULL,4,NULL,'Cur:','','',8,14),(1232,'6c1f0f59b6bf0a023ab30faf54f32897',0,0,106,271,0,'FF',9,0.00,NULL,NULL,0,0,NULL,1,NULL,'Avg:','','',8,15),(1233,'89548663a29e888184d8a0c679915323',0,0,106,271,0,'FF',9,0.00,NULL,NULL,0,0,NULL,3,NULL,'Max:','','on',8,16),(1234,'266aee17a394dac4674e907a560cd583',0,0,107,273,31,'FF',7,0.00,NULL,NULL,0,0,NULL,1,NULL,'Created Tmp Tables','','on',8,1),(1235,'1afc8483110fe70199aade6a3ab7172a',0,0,107,273,27,'FF',4,0.00,NULL,NULL,0,0,NULL,1,NULL,'Created Tmp Tables','','',8,2),(1236,'1b823a55371813c10c19428653385130',0,0,107,273,0,'FF',9,0.00,NULL,NULL,0,0,NULL,4,NULL,'Cur:','','',8,3),(1237,'28d77a44ac6340af4b8b55d0d5fb5b11',0,0,107,273,0,'FF',9,0.00,NULL,NULL,0,0,NULL,1,NULL,'Avg:','','',8,4),(1238,'5cf32b30f3239125797b714af0ef776e',0,0,107,273,0,'FF',9,0.00,NULL,NULL,0,0,NULL,3,NULL,'Max:','','on',8,5),(1239,'ad410eb0d87c37bba36d6b3e0529a9e5',0,0,107,275,48,'FF',4,0.00,NULL,NULL,0,0,NULL,1,NULL,'Created Tmp Disk Tables','','',8,6),(1240,'6bed1f7b2a46d9ec239cd7b346657e43',0,0,107,275,0,'FF',9,0.00,NULL,NULL,0,0,NULL,4,NULL,'Cur:','','',8,7),(1241,'c38df420a06a7f213f156e093392d0d3',0,0,107,275,0,'FF',9,0.00,NULL,NULL,0,0,NULL,1,NULL,'Avg:','','',8,8),(1242,'01d71ae3b70ff36f6d0f99f1e2d90b06',0,0,107,275,0,'FF',9,0.00,NULL,NULL,0,0,NULL,3,NULL,'Max:','','on',8,9),(1243,'38d2340d467bcc7448d4ad39a7a3f541',0,0,107,274,17,'FF',5,0.00,NULL,NULL,0,0,NULL,1,NULL,'Created Tmp Files','','',8,10),(1244,'dbfcd210b13b12d75d6319326d257060',0,0,107,274,0,'FF',9,0.00,NULL,NULL,0,0,NULL,4,NULL,'Cur:','','',8,11),(1245,'2f7226d9f536f05a222f7399591dbfe0',0,0,107,274,0,'FF',9,0.00,NULL,NULL,0,0,NULL,1,NULL,'Avg:','','',8,12),(1246,'91337469aac81c5d0da9914b6f60ebc5',0,0,107,274,0,'FF',9,0.00,NULL,NULL,0,0,NULL,3,NULL,'Max:','','on',8,13),(1247,'32e487739b9c79f27ed89c1d15f7a988',0,0,108,277,517,'FF',7,0.00,NULL,NULL,0,0,NULL,1,NULL,'Bytes Sent','','',8,1),(1248,'84e485be0cebbd7020277f9ebb6d97cb',0,0,108,277,0,'FF',9,0.00,NULL,NULL,0,0,NULL,4,NULL,'Cur:','','',8,2),(1249,'49080ba06909f73558576bdb03364452',0,0,108,277,0,'FF',9,0.00,NULL,NULL,0,0,NULL,1,NULL,'Avg:','','',8,3),(1250,'0c3f8d73e16a10be01b289a7e8ffd0c2',0,0,108,277,0,'FF',9,0.00,NULL,NULL,0,0,NULL,3,NULL,'Max:','','on',8,4),(1251,'11dff519e843d101fcfdaa3a1e357456',0,0,108,276,518,'FF',7,0.00,NULL,NULL,21,0,NULL,1,NULL,'Bytes Received','','',8,5),(1252,'d3b37188a1245b589102539f8eca2f60',0,0,108,276,0,'FF',9,0.00,NULL,NULL,0,0,NULL,4,NULL,'Cur:','','',8,6),(1253,'c62cb1631a5af6c4667f6f4fd681042e',0,0,108,276,0,'FF',9,0.00,NULL,NULL,0,0,NULL,1,NULL,'Avg:','','',8,7),(1254,'6dd4537ed59f8578fb70bbfa700aec67',0,0,108,276,0,'FF',9,0.00,NULL,NULL,0,0,NULL,3,NULL,'Max:','','on',8,8),(1255,'783842a5a255edd82e62bf70e697cdb9',0,0,109,280,519,'FF',5,0.00,NULL,NULL,0,0,NULL,1,NULL,'Pages Created','','',8,1),(1256,'362d7530e26d26a96d4aec9babe4aa85',0,0,109,280,0,'FF',9,0.00,NULL,NULL,0,0,NULL,4,NULL,'Cur:','','',8,2),(1257,'2d3230c6f3a22211c424f467f362b33c',0,0,109,280,0,'FF',9,0.00,NULL,NULL,0,0,NULL,1,NULL,'Avg:','','',8,3),(1258,'35a5944f6cb3912c31f62d8a9c9fbe24',0,0,109,280,0,'FF',9,0.00,NULL,NULL,0,0,NULL,3,NULL,'Max:','','on',8,4),(1259,'59c8c129997e3143dcc1ebb30ac2969b',0,0,109,279,520,'FF',5,0.00,NULL,NULL,0,0,NULL,1,NULL,'Pages Read','','',8,5),(1260,'f2e3648338a0b76651b0f2db5c62efc9',0,0,109,279,0,'FF',9,0.00,NULL,NULL,0,0,NULL,4,NULL,'Cur:','','',8,6),(1261,'40370c1f675e05b242163f98b178081d',0,0,109,279,0,'FF',9,0.00,NULL,NULL,0,0,NULL,1,NULL,'Avg:','','',8,7),(1262,'ea3e43bb706076c720069e9b55a50f9d',0,0,109,279,0,'FF',9,0.00,NULL,NULL,0,0,NULL,3,NULL,'Max:','','on',8,8),(1263,'9da42c140202242d3b92df799f61b3cb',0,0,109,278,521,'FF',5,0.00,NULL,NULL,0,0,NULL,1,NULL,'Pages Written','','',8,9),(1264,'a01e24e2b221c690f65aa173512a5a9a',0,0,109,278,0,'FF',9,0.00,NULL,NULL,0,0,NULL,4,NULL,'Cur:','','',8,10),(1265,'a0e6214cf1c317e520e1fcc7bee51724',0,0,109,278,0,'FF',9,0.00,NULL,NULL,0,0,NULL,1,NULL,'Avg:','','',8,11),(1266,'52f4a0a610e34a6e1ea9d62ffac827a9',0,0,109,278,0,'FF',9,0.00,NULL,NULL,0,0,NULL,3,NULL,'Max:','','on',8,12),(1267,'dd439e4b49c45bbf62c20b746b7cf944',0,0,110,286,9,'FF',4,0.00,NULL,NULL,0,0,NULL,1,NULL,'Pending Aio Log Ios','','',8,1),(1268,'8d65bc74cd5102d8674118428458cfa6',0,0,110,286,0,'FF',9,0.00,NULL,NULL,0,0,NULL,4,NULL,'Cur:','','',8,2),(1269,'1936b847692aaa6fbeda562d94403c26',0,0,110,286,0,'FF',9,0.00,NULL,NULL,0,0,NULL,1,NULL,'Avg:','','',8,3),(1270,'7524d5c2a0d8c767ee6a44d5adce8f36',0,0,110,286,0,'FF',9,0.00,NULL,NULL,0,0,NULL,3,NULL,'Max:','','on',8,4),(1271,'5512e0674dd0a22caed4818febdf7a8b',0,0,110,282,33,'FF',4,0.00,NULL,NULL,0,0,NULL,1,NULL,'Pending Aio Sync Ios','','',8,5),(1272,'b44a8e5c738147d97b473847bfa90b39',0,0,110,282,0,'FF',9,0.00,NULL,NULL,0,0,NULL,4,NULL,'Cur:','','',8,6),(1273,'8c23b992ee316813b9e474fb394e2657',0,0,110,282,0,'FF',9,0.00,NULL,NULL,0,0,NULL,1,NULL,'Avg:','','',8,7),(1274,'6d1471e3ea89f4ff9c08383505bddb3d',0,0,110,282,0,'FF',9,0.00,NULL,NULL,0,0,NULL,3,NULL,'Max:','','on',8,8),(1275,'e41b3643de6b0d0df93d4eba6affb91d',0,0,110,285,25,'FF',4,0.00,NULL,NULL,0,0,NULL,1,NULL,'Pending Buf Pool Flushes','','',8,9),(1276,'1805372f87352f13d84dae6a8af685da',0,0,110,285,0,'FF',9,0.00,NULL,NULL,0,0,NULL,4,NULL,'Cur:','','',8,10),(1277,'4beda20fc795edcb8b0bb742b9408c2f',0,0,110,285,0,'FF',9,0.00,NULL,NULL,0,0,NULL,1,NULL,'Avg:','','',8,11),(1278,'7576b99ae04ad98c66263b3ce26132ff',0,0,110,285,0,'FF',9,0.00,NULL,NULL,0,0,NULL,3,NULL,'Max:','','on',8,12),(1279,'de313f62d55c7dc3375d19a831c2edea',0,0,110,283,90,'FF',4,0.00,NULL,NULL,0,0,NULL,1,NULL,'Pending Chkp Writes','','',8,13),(1280,'15314fd3f31b9edd4b6c715465617277',0,0,110,283,0,'FF',9,0.00,NULL,NULL,0,0,NULL,4,NULL,'Cur:','','',8,14),(1281,'7503f98f651c28f8a163589ecf6d1633',0,0,110,283,0,'FF',9,0.00,NULL,NULL,0,0,NULL,1,NULL,'Avg:','','',8,15),(1282,'f21cc51e23b0485d9c21787ad6be20dd',0,0,110,283,0,'FF',9,0.00,NULL,NULL,0,0,NULL,3,NULL,'Max:','','on',8,16),(1283,'29ef5333addb20d373a2cbc7f75436a4',0,0,110,281,7,'FF',4,0.00,NULL,NULL,0,0,NULL,1,NULL,'Pending Ibuf Aio Reads','','',8,17),(1284,'c012d3c95d817dae73f0ef41b7907d43',0,0,110,281,0,'FF',9,0.00,NULL,NULL,0,0,NULL,4,NULL,'Cur:','','',8,18),(1285,'6367306163494734a25de57dbc28c6ac',0,0,110,281,0,'FF',9,0.00,NULL,NULL,0,0,NULL,1,NULL,'Avg:','','',8,19),(1286,'db9ccc5c7fca0eb9233b496f4128f5de',0,0,110,281,0,'FF',9,0.00,NULL,NULL,0,0,NULL,3,NULL,'Max:','','on',8,20),(1287,'ccbec78d1677a7092ae758474c479cf5',0,0,110,289,10,'FF',4,0.00,NULL,NULL,0,0,NULL,1,NULL,'Pending Log Flushes','','',8,21),(1288,'28ef7d7fe29f98dd0b4332f97bd2d073',0,0,110,289,0,'FF',9,0.00,NULL,NULL,0,0,NULL,4,NULL,'Cur:','','',8,22),(1289,'07d2fe457909f46046e1a792fa77b570',0,0,110,289,0,'FF',9,0.00,NULL,NULL,0,0,NULL,1,NULL,'Avg:','','',8,23),(1290,'5577dc6729f7ed31b857ad414e54aa7a',0,0,110,289,0,'FF',9,0.00,NULL,NULL,0,0,NULL,3,NULL,'Max:','','on',8,24),(1291,'d2e09c1f703e8b83736c32e19aa519f9',0,0,110,287,60,'FF',4,0.00,NULL,NULL,0,0,NULL,1,NULL,'Pending Log Writes','','',8,25),(1292,'75615a7d416993bd4df845e6a7577421',0,0,110,287,0,'FF',9,0.00,NULL,NULL,0,0,NULL,4,NULL,'Cur:','','',8,26),(1293,'3d1839e4a2a2c1f15225c147ad87220b',0,0,110,287,0,'FF',9,0.00,NULL,NULL,0,0,NULL,1,NULL,'Avg:','','',8,27),(1294,'45ceda6e1720c745d3d0ef029d47f51f',0,0,110,287,0,'FF',9,0.00,NULL,NULL,0,0,NULL,3,NULL,'Max:','','on',8,28),(1295,'daf69bca7e1cffa32458699e9ab8ba25',0,0,110,284,51,'FF',4,0.00,NULL,NULL,0,0,NULL,1,NULL,'Pending Normal Aio Reads','','',8,29),(1296,'373f7ba96ddb5d85e1331e9fb321f4b2',0,0,110,284,0,'FF',9,0.00,NULL,NULL,0,0,NULL,4,NULL,'Cur:','','',8,30),(1297,'9b01205230ce16501cccfe974ddec096',0,0,110,284,0,'FF',9,0.00,NULL,NULL,0,0,NULL,1,NULL,'Avg:','','',8,31),(1298,'ad4ff238ff6e4446e0cb9dd58f2ffc3f',0,0,110,284,0,'FF',9,0.00,NULL,NULL,0,0,NULL,3,NULL,'Max:','','on',8,32),(1299,'beb503ebfe31d7c29899e200f026ee83',0,0,110,288,102,'FF',4,0.00,NULL,NULL,0,0,NULL,1,NULL,'Pending Normal Aio Writes','','',8,33),(1300,'9c4ec2393579d1713cb93c7976f055ae',0,0,110,288,0,'FF',9,0.00,NULL,NULL,0,0,NULL,4,NULL,'Cur:','','',8,34),(1301,'2c580ae9c0f556f85e86e794de7810bf',0,0,110,288,0,'FF',9,0.00,NULL,NULL,0,0,NULL,1,NULL,'Avg:','','',8,35),(1302,'5464695dd6a4843f70c47da852903fb9',0,0,110,288,0,'FF',9,0.00,NULL,NULL,0,0,NULL,3,NULL,'Max:','','on',8,36),(1303,'02e289c1613b1a283a54f6c99aeeadaf',0,0,111,293,522,'FF',7,0.00,NULL,NULL,0,0,NULL,1,NULL,'Innodb Log Buffer Size','','',8,1),(1304,'1671c2356f1ea5d6e9128f22f56c619c',0,0,111,293,0,'FF',9,0.00,NULL,NULL,0,0,NULL,4,NULL,'Cur:','','on',8,2),(1305,'c64350e5653b5e9fb14818de1a413476',0,0,111,291,523,'FF',7,0.00,NULL,NULL,0,0,NULL,1,NULL,'Log Bytes Written','','',8,3),(1306,'7d717c2499f9713b5783c76316541708',0,0,111,291,0,'FF',9,0.00,NULL,NULL,0,0,NULL,4,NULL,'Cur:','','',8,4),(1307,'78e153e29946be1448a2b4ed4db3a7c7',0,0,111,291,0,'FF',9,0.00,NULL,NULL,0,0,NULL,1,NULL,'Avg:','','',8,5),(1308,'37762f7e8e2f4d4dc83e28a18cd982d6',0,0,111,291,0,'FF',9,0.00,NULL,NULL,0,0,NULL,3,NULL,'Max:','','on',8,6),(1309,'0bd7d8e50984d8f32686abab1a32293a',0,0,111,292,524,'FF',4,0.00,NULL,NULL,0,0,NULL,1,NULL,'Log Bytes Flushed','','',8,7),(1310,'c2cbbfd6949982cda5ff8371222d443b',0,0,111,292,0,'FF',9,0.00,NULL,NULL,0,0,NULL,4,NULL,'Cur:','','',8,8),(1311,'ce5e716d94990bca8316915fc8c6d295',0,0,111,292,0,'FF',9,0.00,NULL,NULL,0,0,NULL,1,NULL,'Avg:','','',8,9),(1312,'d3fcc946db121ed4de8d8f1f730c6609',0,0,111,292,0,'FF',9,0.00,NULL,NULL,0,0,NULL,3,NULL,'Max:','','on',8,10),(1313,'d085a73e94ab72fbbdaf6eff679203a4',0,0,111,290,80,'FF',7,0.00,NULL,NULL,0,0,NULL,1,NULL,'Unflushed Log','','',8,11),(1314,'1ece8b77f3cd5f215adfb889a60fdea3',0,0,111,290,0,'FF',9,0.00,NULL,NULL,0,0,NULL,4,NULL,'Cur:','','',8,12),(1315,'6f381800df776acad71d99b235af8929',0,0,111,290,0,'FF',9,0.00,NULL,NULL,0,0,NULL,1,NULL,'Avg:','','',8,13),(1316,'c13258cea0f7dc8aebdba8f58a2d09c8',0,0,111,290,0,'FF',9,0.00,NULL,NULL,0,0,NULL,3,NULL,'Max:','','on',8,14),(1317,'bdfbb1b39980e88ed94f16c39985fa4f',0,0,112,294,94,'FF',4,0.00,NULL,NULL,0,0,NULL,1,NULL,'Binlog Cache Use','','',8,1),(1318,'8616af578f90be7a458083fabfeab4e1',0,0,112,294,0,'FF',9,0.00,NULL,NULL,0,0,NULL,4,NULL,'Cur:','','',8,2),(1319,'0ed6c0a25486bc879a034f811e36da34',0,0,112,294,0,'FF',9,0.00,NULL,NULL,0,0,NULL,1,NULL,'Avg:','','',8,3),(1320,'a2c965ce35d96fbce8c3ba07475510de',0,0,112,294,0,'FF',9,0.00,NULL,NULL,0,0,NULL,3,NULL,'Max:','','on',8,4),(1321,'5b61415534d6fd0b7f68e6c75d9fbe51',0,0,112,297,9,'FF',4,0.00,NULL,NULL,0,0,NULL,1,NULL,'Binlog Cache Disk Use','','',8,5),(1322,'3fec21b5b651fd4c7af44cd0af8c9e35',0,0,112,297,0,'FF',9,0.00,NULL,NULL,0,0,NULL,4,NULL,'Cur:','','',8,6),(1323,'3df6144459058a6b8b3c0c0743ac15b1',0,0,112,297,0,'FF',9,0.00,NULL,NULL,0,0,NULL,1,NULL,'Avg:','','',8,7),(1324,'2a0c45b03f2ffeb60090760abae23b86',0,0,112,297,0,'FF',9,0.00,NULL,NULL,0,0,NULL,3,NULL,'Max:','','on',8,8),(1325,'ce9f0c0ab443b3a79da9b94335ac1b71',0,0,112,295,58,'FF',4,0.00,NULL,NULL,0,0,NULL,1,NULL,'Binary Log Space','','',8,9),(1326,'1b57843bf293f4385ef8e346b40f5c71',0,0,112,295,0,'FF',9,0.00,NULL,NULL,0,0,NULL,4,NULL,'Cur:','','',8,10),(1327,'94000e439d20c8ab3890c06419cb253f',0,0,112,295,0,'FF',9,0.00,NULL,NULL,0,0,NULL,1,NULL,'Avg:','','',8,11),(1328,'1720ffc5fda1501119fb88a70ff8afc0',0,0,112,295,0,'FF',9,0.00,NULL,NULL,0,0,NULL,3,NULL,'Max:','','on',8,12),(1329,'f380d5f2072fedbc4db97a04ca573559',0,0,112,296,52,'FF',4,0.00,NULL,NULL,0,0,NULL,1,NULL,'Relay Log Space','','',8,13),(1330,'a778cfaad5b84bc4219bef37ea908bce',0,0,112,296,0,'FF',9,0.00,NULL,NULL,0,0,NULL,4,NULL,'Cur:','','',8,14),(1331,'b5b1c10f5e77f9af13c951341d11c0da',0,0,112,296,0,'FF',9,0.00,NULL,NULL,0,0,NULL,1,NULL,'Avg:','','',8,15),(1332,'5393c8b1c590861e3f01e4154ed91c68',0,0,112,296,0,'FF',9,0.00,NULL,NULL,0,0,NULL,3,NULL,'Max:','','on',8,16),(1333,'555887c11b68bbedd6a8524c6247cb31',0,0,113,298,52,'FF',4,0.00,NULL,NULL,0,0,NULL,1,NULL,'Innodb Transactions','','',8,1),(1334,'7fc8892111a6f33cbbf4cd5b9886a953',0,0,113,298,0,'FF',9,0.00,NULL,NULL,0,0,NULL,4,NULL,'Cur:','','',8,2),(1335,'04f220a42b67c3d288b5ab77e4d8f88d',0,0,113,298,0,'FF',9,0.00,NULL,NULL,0,0,NULL,1,NULL,'Avg:','','',8,3),(1336,'e7acbf4c739cc677be448af321410730',0,0,113,298,0,'FF',9,0.00,NULL,NULL,0,0,NULL,3,NULL,'Max:','','on',8,4),(1337,'05580498fdfe184e3fad1fbbf77ada6b',0,0,113,299,33,'FF',4,0.00,NULL,NULL,0,0,NULL,1,NULL,'History List','','',8,5),(1338,'283cd600fb6ae61b3024df06dd8623e5',0,0,113,299,0,'FF',9,0.00,NULL,NULL,0,0,NULL,4,NULL,'Cur:','','',8,6),(1339,'af966d9a850275d8c0b12fad13ccf71c',0,0,113,299,0,'FF',9,0.00,NULL,NULL,0,0,NULL,1,NULL,'Avg:','','',8,7),(1340,'9e51b283869de058844e0fe9e3cacecb',0,0,113,299,0,'FF',9,0.00,NULL,NULL,0,0,NULL,3,NULL,'Max:','','on',8,8),(1341,'36ea72dd02d1b5b59e7f252b17a3bfbf',0,0,114,302,5,'FF',7,0.00,NULL,NULL,0,0,NULL,1,NULL,'Active Transactions','','',8,1),(1342,'f8114ffe652ccc28835504de31d292b7',0,0,114,302,0,'FF',9,0.00,NULL,NULL,0,0,NULL,4,NULL,'Cur:','','',8,2),(1343,'c6aaa0053e9a9d58d2681734c27b2832',0,0,114,302,0,'FF',9,0.00,NULL,NULL,0,0,NULL,1,NULL,'Avg:','','',8,3),(1344,'654467ff63e010a2ef4912d2e29a1036',0,0,114,302,0,'FF',9,0.00,NULL,NULL,0,0,NULL,3,NULL,'Max:','','on',8,4),(1345,'bb93454d739f7dbbdb75468cd4352ec5',0,0,114,301,9,'FF',4,0.00,NULL,NULL,0,0,NULL,1,NULL,'Locked Transactions','','',8,5),(1346,'5eed22688ab4e23de578a87a4287fb65',0,0,114,301,0,'FF',9,0.00,NULL,NULL,0,0,NULL,4,NULL,'Cur:','','',8,6),(1347,'e674989440124391c9d25220ba00d86b',0,0,114,301,0,'FF',9,0.00,NULL,NULL,0,0,NULL,1,NULL,'Avg:','','',8,7),(1348,'4390b5b70c9bf2b9ac5b58b77dd1687b',0,0,114,301,0,'FF',9,0.00,NULL,NULL,0,0,NULL,3,NULL,'Max:','','on',8,8),(1349,'8c5e57c2540c8b4a0e2aca517ac4c9dd',0,0,114,300,10,'FF',4,0.00,NULL,NULL,0,0,NULL,1,NULL,'Current Transactions','','',8,9),(1350,'6cd40ed62a23c46f7d0c74282dcc2235',0,0,114,300,0,'FF',9,0.00,NULL,NULL,0,0,NULL,4,NULL,'Cur:','','',8,10),(1351,'608844643878340a2103bb7dd7908fc8',0,0,114,300,0,'FF',9,0.00,NULL,NULL,0,0,NULL,1,NULL,'Avg:','','',8,11),(1352,'eccae20cfab8cccabffcb10d824e8b66',0,0,114,300,0,'FF',9,0.00,NULL,NULL,0,0,NULL,3,NULL,'Max:','','on',8,12),(1353,'458bdc7c36ea9ea78b9eade5ef1b3c0f',0,0,114,303,6,'FF',4,0.00,NULL,NULL,0,0,NULL,1,NULL,'Read Views','','',8,13),(1354,'4a743812dad30ce95ce2f4942a1b1015',0,0,114,303,0,'FF',9,0.00,NULL,NULL,0,0,NULL,4,NULL,'Cur:','','',8,14),(1355,'fbd96b8c03c65a46bd26b4ed3c2ebaf8',0,0,114,303,0,'FF',9,0.00,NULL,NULL,0,0,NULL,1,NULL,'Avg:','','',8,15),(1356,'9f25d39e551924c1ef6dd7b9feb8376a',0,0,114,303,0,'FF',9,0.00,NULL,NULL,0,0,NULL,3,NULL,'Max:','','on',8,16),(1357,'bb43289317b8771c767d0e22bba00218',0,0,115,307,525,'FF',7,0.00,NULL,NULL,0,0,NULL,1,NULL,'Table Cache','','',8,1),(1358,'c8366fca8f60ed626fcd72fea8348e55',0,0,115,307,0,'FF',9,0.00,NULL,NULL,0,0,NULL,4,NULL,'Cur:','','on',8,2),(1359,'c7c1fe4a8856989ad6ab1740bfec0d46',0,0,115,306,526,'FF',4,0.00,NULL,NULL,0,0,NULL,1,NULL,'Open Tables','','',8,3),(1360,'497dcd91cd8f2aea215041831e55588d',0,0,115,306,0,'FF',9,0.00,NULL,NULL,0,0,NULL,4,NULL,'Cur:','','',8,4),(1361,'f591f5e9ab50e932b438dad53a7ad088',0,0,115,306,0,'FF',9,0.00,NULL,NULL,0,0,NULL,1,NULL,'Avg:','','',8,5),(1362,'24105e9231849eb7d53440cd1ea107d9',0,0,115,306,0,'FF',9,0.00,NULL,NULL,0,0,NULL,3,NULL,'Max:','','on',8,6),(1363,'ee28157b1a7e0cba078e916bc3d1cf9c',0,0,115,305,527,'FF',4,0.00,NULL,NULL,0,0,NULL,1,NULL,'Open Files','','',8,7),(1364,'797a0953a24f77b4d65f4497ed921659',0,0,115,305,0,'FF',9,0.00,NULL,NULL,0,0,NULL,4,NULL,'Cur:','','',8,8),(1365,'e285cce25b143ad285ac6402744120ee',0,0,115,305,0,'FF',9,0.00,NULL,NULL,0,0,NULL,1,NULL,'Avg:','','',8,9),(1366,'b54bb9acce4f9103099ac687aad182b7',0,0,115,305,0,'FF',9,0.00,NULL,NULL,0,0,NULL,3,NULL,'Max:','','on',8,10),(1367,'00849b44ebd02a9e748620bc7081ee4b',0,0,115,304,49,'FF',4,0.00,NULL,NULL,0,0,NULL,1,NULL,'Opened Tables','','',8,11),(1368,'4ecff81d0dac519307b50a4ec8ccc1a0',0,0,115,304,0,'FF',9,0.00,NULL,NULL,0,0,NULL,4,NULL,'Cur:','','',8,12),(1369,'f497bf0917d531bfc09693159966e9c3',0,0,115,304,0,'FF',9,0.00,NULL,NULL,0,0,NULL,1,NULL,'Avg:','','',8,13),(1370,'d86f135fc819c1e7c645b66ca3fd3526',0,0,115,304,0,'FF',9,0.00,NULL,NULL,0,0,NULL,3,NULL,'Max:','','on',8,14),(1371,'e95f3f5d815d18a499c0fbb46dde74c1',0,0,116,312,54,'FF',7,0.00,NULL,NULL,0,0,NULL,1,NULL,'Thread Cache Size','','',8,1),(1372,'cc06406bf5330f48f9f72131eb7811b4',0,0,116,312,0,'FF',9,0.00,NULL,NULL,0,0,NULL,4,NULL,'Cur:','','on',8,2),(1373,'75f05f3bdbf2da679ff2dea32d070cf8',0,0,116,308,451,'FF',4,0.00,NULL,NULL,0,0,NULL,1,NULL,'Threads Connected','','',8,3),(1374,'b76504d4ed47e962092138e2890dfdeb',0,0,116,308,0,'FF',9,0.00,NULL,NULL,0,0,NULL,4,NULL,'Cur:','','',8,4),(1375,'c85c607bc3651d479babbd9ce71c1dc2',0,0,116,308,0,'FF',9,0.00,NULL,NULL,0,0,NULL,1,NULL,'Avg:','','',8,5),(1376,'0cc56033a63b1ba94739d0ce522570af',0,0,116,308,0,'FF',9,0.00,NULL,NULL,0,0,NULL,3,NULL,'Max:','','on',8,6),(1377,'b95b673dfad1d598fcd5ccf82dc7a469',0,0,116,310,44,'FF',4,0.00,NULL,NULL,0,0,NULL,1,NULL,'Threads Running','','',8,7),(1378,'8a6f588dc568bbfa43bca11303afd99e',0,0,116,310,0,'FF',9,0.00,NULL,NULL,0,0,NULL,4,NULL,'Cur:','','',8,8),(1379,'b3e6c5362bc7261180708bd529b3ed76',0,0,116,310,0,'FF',9,0.00,NULL,NULL,0,0,NULL,1,NULL,'Avg:','','',8,9),(1380,'72f139dc196375878fe3a8095b3b8dc6',0,0,116,310,0,'FF',9,0.00,NULL,NULL,0,0,NULL,3,NULL,'Max:','','on',8,10),(1381,'be5566c7e73156652bba54572da521ec',0,0,116,309,10,'FF',4,0.00,NULL,NULL,0,0,NULL,1,NULL,'Threads Created','','',8,11),(1382,'45af6233f84badff7b1d371d6ce936bf',0,0,116,309,0,'FF',9,0.00,NULL,NULL,0,0,NULL,4,NULL,'Cur:','','',8,12),(1383,'ab20f1a21c6381e85d07467e61a5c365',0,0,116,309,0,'FF',9,0.00,NULL,NULL,0,0,NULL,1,NULL,'Avg:','','',8,13),(1384,'4d4dd16dbc33ac4baa5cbc77f66497c9',0,0,116,309,0,'FF',9,0.00,NULL,NULL,0,0,NULL,3,NULL,'Max:','','on',8,14),(1385,'f5f4248474a749206629369d6bebdb2b',0,0,116,311,448,'FF',4,0.00,NULL,NULL,0,0,NULL,1,NULL,'Threads Cached','','',8,15),(1386,'05a580f4c0a613c5ddf78a1ec430b306',0,0,116,311,0,'FF',9,0.00,NULL,NULL,0,0,NULL,4,NULL,'Cur:','','',8,16),(1387,'d4ac79bee93510730f57e0cbb68b8980',0,0,116,311,0,'FF',9,0.00,NULL,NULL,0,0,NULL,1,NULL,'Avg:','','',8,17),(1388,'493acce101ff1bddec0f6b3a7cedd732',0,0,116,311,0,'FF',9,0.00,NULL,NULL,0,0,NULL,3,NULL,'Max:','','on',8,18),(1389,'b235fb497a3b734da32b8902bdfd823b',0,0,117,313,464,'FF',7,0.00,NULL,NULL,0,0,NULL,1,NULL,'Total Mem Alloc','','',8,1),(1390,'29de8c74aa79b58262c224607b869551',0,0,117,313,0,'FF',9,0.00,NULL,NULL,0,0,NULL,4,NULL,'Cur:','','',8,2),(1391,'31c861c9014aa0ab83311b4398dfbf69',0,0,117,313,0,'FF',9,0.00,NULL,NULL,0,0,NULL,1,NULL,'Avg:','','',8,3),(1392,'55d7c8bac42f254e55f882fa014b81bd',0,0,117,313,0,'FF',9,0.00,NULL,NULL,0,0,NULL,3,NULL,'Max:','','on',8,4),(1393,'4c0565a8268db17867eaf80c18b6ff82',0,0,117,314,466,'FF',4,0.00,NULL,NULL,0,0,NULL,1,NULL,'Additional Pool Alloc','','',8,5),(1394,'21fc38509908af75117fdc4bc9728b1a',0,0,117,314,0,'FF',9,0.00,NULL,NULL,0,0,NULL,4,NULL,'Cur:','','',8,6),(1395,'63937e5acb5247b393c7f25f0db048d6',0,0,117,314,0,'FF',9,0.00,NULL,NULL,0,0,NULL,1,NULL,'Avg:','','',8,7),(1396,'03f430c061c1c952c79350380b62ac22',0,0,117,314,0,'FF',9,0.00,NULL,NULL,0,0,NULL,3,NULL,'Max:','','on',8,8),(1397,'5150fb687ff7dce913f9a5c266d334f8',0,0,118,315,528,'FF',7,0.00,NULL,NULL,0,0,NULL,1,NULL,'Hash Index Cells Total','','',8,1),(1398,'b7f6e003a168fe885fc5cfe51316d1ca',0,0,118,315,0,'FF',9,0.00,NULL,NULL,0,0,NULL,4,NULL,'Cur:','','',8,2),(1399,'604569890dfcc29d3b919b222e91ceff',0,0,118,315,0,'FF',9,0.00,NULL,NULL,0,0,NULL,1,NULL,'Avg:','','',8,3),(1400,'a904dcbec9e75d9619e536405bfea63d',0,0,118,315,0,'FF',9,0.00,NULL,NULL,0,0,NULL,3,NULL,'Max:','','on',8,4),(1401,'e095ab3a1ccabab2f3aab6bb43e05bee',0,0,118,316,529,'FF',7,0.00,NULL,NULL,0,0,NULL,1,NULL,'Hash Index Cells Used','','',8,5),(1402,'f5741589db6d478ecb1e8303fdffdff8',0,0,118,316,0,'FF',9,0.00,NULL,NULL,0,0,NULL,4,NULL,'Cur:','','',8,6),(1403,'d7fa02e162fd9d66ce6e490909018190',0,0,118,316,0,'FF',9,0.00,NULL,NULL,0,0,NULL,1,NULL,'Avg:','','',8,7),(1404,'d4d48ab8e82a1e2eb402da0cf4f8b711',0,0,118,316,0,'FF',9,0.00,NULL,NULL,0,0,NULL,3,NULL,'Max:','','on',8,8),(1405,'d31c7e26a724c41b9353a378284de56e',0,0,119,323,512,'FF',7,0.00,NULL,NULL,0,0,NULL,1,NULL,'Adaptive Hash Memory','','',8,1),(1406,'51427f33667849783485b7bf120690d4',0,0,119,323,0,'FF',9,0.00,NULL,NULL,0,0,NULL,4,NULL,'Cur:','','',8,2),(1407,'c4861fdf9ceb2f49dfbd4c72dbf8351f',0,0,119,323,0,'FF',9,0.00,NULL,NULL,0,0,NULL,1,NULL,'Avg:','','',8,3),(1408,'e0d174344f94638ee20525364c70975f',0,0,119,323,0,'FF',9,0.00,NULL,NULL,0,0,NULL,3,NULL,'Max:','','on',8,4),(1409,'f99c6a6af4d2d8345870354091ba6ef1',0,0,119,319,513,'FF',8,0.00,NULL,NULL,0,0,NULL,1,NULL,'Page Hash Memory','','',8,5),(1410,'d829dda77d609ecfeda4c04ff5bb698c',0,0,119,319,0,'FF',9,0.00,NULL,NULL,0,0,NULL,4,NULL,'Cur:','','',8,6),(1411,'6a20bf1ab722d36a25281a5441676b31',0,0,119,319,0,'FF',9,0.00,NULL,NULL,0,0,NULL,1,NULL,'Avg:','','',8,7),(1412,'9f531be591cf40bdf25eca3634874b85',0,0,119,319,0,'FF',9,0.00,NULL,NULL,0,0,NULL,3,NULL,'Max:','','on',8,8),(1413,'6e2323aaa35a649e611fa7badc5efd5c',0,0,119,321,530,'FF',8,0.00,NULL,NULL,0,0,NULL,1,NULL,'Dictionary Cache Memory','','',8,9),(1414,'f2bea163ebd66b67a3709f02c93fe923',0,0,119,321,0,'FF',9,0.00,NULL,NULL,0,0,NULL,4,NULL,'Cur:','','',8,10),(1415,'c62a4f9581a873a086c17421d12d1e31',0,0,119,321,0,'FF',9,0.00,NULL,NULL,0,0,NULL,1,NULL,'Avg:','','',8,11),(1416,'1ad689a2b8c344e958d0aa1a72509c0e',0,0,119,321,0,'FF',9,0.00,NULL,NULL,0,0,NULL,3,NULL,'Max:','','on',8,12),(1417,'932619cd0c60041a8182a679c28f282f',0,0,119,318,531,'FF',8,0.00,NULL,NULL,0,0,NULL,1,NULL,'File System Memory','','',8,13),(1418,'d9f4d7ccabcd7da117ede5e13e32c6cb',0,0,119,318,0,'FF',9,0.00,NULL,NULL,0,0,NULL,4,NULL,'Cur:','','',8,14),(1419,'d7ec7cad87cba2dc64774df4c317b1dd',0,0,119,318,0,'FF',9,0.00,NULL,NULL,0,0,NULL,1,NULL,'Avg:','','',8,15),(1420,'701c24b70a76e5057d527a637260c476',0,0,119,318,0,'FF',9,0.00,NULL,NULL,0,0,NULL,3,NULL,'Max:','','on',8,16),(1421,'ac9fd6ffb0217ce291b1755f0b0ec6e8',0,0,119,317,514,'FF',8,0.00,NULL,NULL,0,0,NULL,1,NULL,'Lock System Memory','','',8,17),(1422,'07a6ded5ae577760e0be369f5a4478cc',0,0,119,317,0,'FF',9,0.00,NULL,NULL,0,0,NULL,4,NULL,'Cur:','','',8,18),(1423,'1d04d8cfab630e17ebd22002415520dc',0,0,119,317,0,'FF',9,0.00,NULL,NULL,0,0,NULL,1,NULL,'Avg:','','',8,19),(1424,'348a18e12f5ecfa51c7eec625ac29bb2',0,0,119,317,0,'FF',9,0.00,NULL,NULL,0,0,NULL,3,NULL,'Max:','','on',8,20),(1425,'01635daf329b44f4acc46ca64a3c2f83',0,0,119,322,532,'FF',8,0.00,NULL,NULL,0,0,NULL,1,NULL,'Recovery System Memory','','',8,21),(1426,'cd43b17517efc5ea763d0e27f0b15f99',0,0,119,322,0,'FF',9,0.00,NULL,NULL,0,0,NULL,4,NULL,'Cur:','','',8,22),(1427,'73ea06d7bf8dbb8b3c2b293a9100f59c',0,0,119,322,0,'FF',9,0.00,NULL,NULL,0,0,NULL,1,NULL,'Avg:','','',8,23),(1428,'db82c169c0ade793cabe30836eb0645f',0,0,119,322,0,'FF',9,0.00,NULL,NULL,0,0,NULL,3,NULL,'Max:','','on',8,24),(1429,'d1bb6b7a905bfe0ed61f8189fe866bc3',0,0,119,320,533,'FF',8,0.00,NULL,NULL,0,0,NULL,1,NULL,'Thread Hash Memory','','',8,25),(1430,'95558ded8baf5c50cc99024da2817eb6',0,0,119,320,0,'FF',9,0.00,NULL,NULL,0,0,NULL,4,NULL,'Cur:','','',8,26),(1431,'b3259ee760c7d6c7c28a202bd31eed5c',0,0,119,320,0,'FF',9,0.00,NULL,NULL,0,0,NULL,1,NULL,'Avg:','','',8,27),(1432,'eeb84fa744eb65f8e2078a7658e29ba2',0,0,119,320,0,'FF',9,0.00,NULL,NULL,0,0,NULL,3,NULL,'Max:','','on',8,28),(1433,'d10ad18a0a5548817430ca0f39881d0b',0,0,120,325,534,'FF',7,0.00,NULL,NULL,0,0,NULL,1,NULL,'Innodb Tables In Use','','',8,1),(1434,'67e7f1188608e9e7b5d73926caac50e0',0,0,120,325,0,'FF',9,0.00,NULL,NULL,0,0,NULL,4,NULL,'Cur:','','',8,2),(1435,'522fb5fbf1be97ff28ac65d6675f7a5c',0,0,120,325,0,'FF',9,0.00,NULL,NULL,0,0,NULL,1,NULL,'Avg:','','',8,3),(1436,'e042a60fe3a5d663a324dfb3b589e325',0,0,120,325,0,'FF',9,0.00,NULL,NULL,0,0,NULL,3,NULL,'Max:','','on',8,4),(1437,'3c552300a4817b7e479d7add8202830a',0,0,120,324,535,'FF',4,0.00,NULL,NULL,0,0,NULL,1,NULL,'Innodb Locked Tables','','',8,5),(1438,'22799eee7d56cce62fe31d7de536741d',0,0,120,324,0,'FF',9,0.00,NULL,NULL,0,0,NULL,4,NULL,'Cur:','','',8,6),(1439,'b3aebe60ad13347f8848d83a9eb53742',0,0,120,324,0,'FF',9,0.00,NULL,NULL,0,0,NULL,1,NULL,'Avg:','','',8,7),(1440,'dcf87c57b4ddec28ee3f16089b74993c',0,0,120,324,0,'FF',9,0.00,NULL,NULL,0,0,NULL,3,NULL,'Max:','','on',8,8),(1441,'44a5e04dd3e04f5d9378cd748a35dd79',0,0,121,326,536,'FF',4,0.00,NULL,NULL,0,0,NULL,1,NULL,'Innodb Lock Wait Secs','','',8,1),(1442,'d6181c515d6cc04de8d993671c58952a',0,0,121,326,0,'FF',9,0.00,NULL,NULL,0,0,NULL,4,NULL,'Cur:','','',8,2),(1443,'1edc473d4581ca63a6016ee877f18b56',0,0,121,326,0,'FF',9,0.00,NULL,NULL,0,0,NULL,1,NULL,'Avg:','','',8,3),(1444,'6e8e0ea8e1bca207eda7d5c06398a0b0',0,0,121,326,0,'FF',9,0.00,NULL,NULL,0,0,NULL,3,NULL,'Max:','','on',8,4),(1445,'26dfda88b3c8dc15d83e552191dcd378',0,0,122,327,528,'FF',4,0.00,NULL,NULL,0,0,NULL,1,NULL,'Innodb Lock Structs','','',8,1),(1446,'6876a981e759fca71acb125ed3d3a579',0,0,122,327,0,'FF',9,0.00,NULL,NULL,0,0,NULL,4,NULL,'Cur:','','',8,2),(1447,'f8b753cfff01918286f1ff5325070841',0,0,122,327,0,'FF',9,0.00,NULL,NULL,0,0,NULL,1,NULL,'Avg:','','',8,3),(1448,'f353178cef97cacb700e3d158aa60b86',0,0,122,327,0,'FF',9,0.00,NULL,NULL,0,0,NULL,3,NULL,'Max:','','on',8,4),(1449,'442eaef32ea745fd8603aa9a5ef80295',0,0,123,328,537,'FF',4,0.00,NULL,NULL,0,0,NULL,1,NULL,'Uncheckpointed Bytes','','',8,1),(1450,'8a0ff14d3bc4d6fad766e3e17c30d812',0,0,123,328,0,'FF',9,0.00,NULL,NULL,0,0,NULL,4,NULL,'Cur:','','',8,2),(1451,'b0af011746371356f90799a50336807d',0,0,123,328,0,'FF',9,0.00,NULL,NULL,0,0,NULL,1,NULL,'Avg:','','',8,3),(1452,'ee2efd28835e9e95d2e0386643769991',0,0,123,328,0,'FF',9,0.00,NULL,NULL,0,0,NULL,3,NULL,'Max:','','on',8,4),(1453,'3f2e6f7a9a769236a9cf324a076aa362',0,0,124,329,538,'FF',7,0.00,NULL,NULL,0,0,NULL,1,NULL,'Innodb Row Lock Time','','',8,1),(1454,'510a5f3b1584940506b9e04c882470f0',0,0,124,329,0,'FF',9,0.00,NULL,NULL,0,0,NULL,4,NULL,'Cur:','','',8,2),(1455,'a882d7cac776d2a73913140d07e24b9a',0,0,124,329,0,'FF',9,0.00,NULL,NULL,0,0,NULL,1,NULL,'Avg:','','',8,3),(1456,'c030f59dac8c01aadc5d875930c5b92e',0,0,124,329,0,'FF',9,0.00,NULL,NULL,0,0,NULL,3,NULL,'Max:','','on',8,4),(1457,'727d424d76d66234fe807a3476de9c4b',0,0,125,330,539,'FF',7,0.00,NULL,NULL,0,0,NULL,1,NULL,'Innodb Row Lock Waits','','',8,1),(1458,'bdf7cbeefd65c04eb3a34d5581e655af',0,0,125,330,0,'FF',9,0.00,NULL,NULL,0,0,NULL,4,NULL,'Cur:','','',8,2),(1459,'173303a1ce6b7151fff3473e3ab8bff8',0,0,125,330,0,'FF',9,0.00,NULL,NULL,0,0,NULL,1,NULL,'Avg:','','',8,3),(1460,'cfad38c2995f5efd0e190f3e3cccb484',0,0,125,330,0,'FF',9,0.00,NULL,NULL,0,0,NULL,3,NULL,'Max:','','on',8,4),(1461,'18c0d71e0d953e097d4f0f508a86d143',0,0,126,331,540,'FF',7,0.00,NULL,NULL,0,0,NULL,1,NULL,'Innodb Sem Waits','','',8,1),(1462,'c4d6758d17576cea4e41df82641d2585',0,0,126,331,0,'FF',9,0.00,NULL,NULL,0,0,NULL,4,NULL,'Cur:','','',8,2),(1463,'6c4a0de40b79e93f89a67d7cb87fb8f9',0,0,126,331,0,'FF',9,0.00,NULL,NULL,0,0,NULL,1,NULL,'Avg:','','',8,3),(1464,'49bd3bbfe1edeb6b9650829420a924f8',0,0,126,331,0,'FF',9,0.00,NULL,NULL,0,0,NULL,3,NULL,'Max:','','on',8,4),(1465,'359adb5a9ba05d61f32524e4c742866e',0,0,127,332,541,'FF',7,0.00,NULL,NULL,0,0,NULL,1,NULL,'Innodb Sem Wait Time Ms','','',8,1),(1466,'b44684a0de487063f4a5becda6f865b1',0,0,127,332,0,'FF',9,0.00,NULL,NULL,0,0,NULL,4,NULL,'Cur:','','',8,2),(1467,'73215cbee8031b0fb0abe022773d2eb2',0,0,127,332,0,'FF',9,0.00,NULL,NULL,0,0,NULL,1,NULL,'Avg:','','',8,3),(1468,'b676b2a9bf8ff59c5de5eeb3b3463c9b',0,0,127,332,0,'FF',9,0.00,NULL,NULL,0,0,NULL,3,NULL,'Max:','','on',8,4),(1469,'071a5d94c9f210bc89fc7ade424dbb22',0,0,128,334,49,'FF',7,0.00,NULL,NULL,0,0,NULL,1,NULL,'State Closing Tables','','',8,1),(1470,'42253ad481bbb9cae54005f8d843b61a',0,0,128,334,0,'FF',9,0.00,NULL,NULL,0,0,NULL,4,NULL,'Cur:','','',8,2),(1471,'fbefacceedfbd99e389ec2a2072e1f02',0,0,128,334,0,'FF',9,0.00,NULL,NULL,0,0,NULL,1,NULL,'Avg:','','',8,3),(1472,'b5fcf135e3d6ad27219e2923a07959e5',0,0,128,334,0,'FF',9,0.00,NULL,NULL,0,0,NULL,3,NULL,'Max:','','on',8,4),(1473,'792bf0158e312506b509312962b53a97',0,0,128,341,494,'FF',8,0.00,NULL,NULL,0,0,NULL,1,NULL,'State Copying To Tmp Table','','',8,5),(1474,'42eebae764eda85dc5df8e87b53ea43a',0,0,128,341,0,'FF',9,0.00,NULL,NULL,0,0,NULL,4,NULL,'Cur:','','',8,6),(1475,'72a9053d75b10f2215062a949f8e4186',0,0,128,341,0,'FF',9,0.00,NULL,NULL,0,0,NULL,1,NULL,'Avg:','','',8,7),(1476,'9d9132b6af540b2c142420d2912e6b99',0,0,128,341,0,'FF',9,0.00,NULL,NULL,0,0,NULL,3,NULL,'Max:','','on',8,8),(1477,'02a9c240201b1bbc33dfc64824dbc9f3',0,0,128,343,495,'FF',8,0.00,NULL,NULL,0,0,NULL,1,NULL,'State End','','',8,9),(1478,'13ad90254f2970ceae3b0481821a3fa6',0,0,128,343,0,'FF',9,0.00,NULL,NULL,0,0,NULL,4,NULL,'Cur:','','',8,10),(1479,'4db6d26c30231832b5c11975eeea8196',0,0,128,343,0,'FF',9,0.00,NULL,NULL,0,0,NULL,1,NULL,'Avg:','','',8,11),(1480,'050ccb6eef28c19629697021575fe801',0,0,128,343,0,'FF',9,0.00,NULL,NULL,0,0,NULL,3,NULL,'Max:','','on',8,12),(1481,'5fb54a5812c19b81a496199fc4867799',0,0,128,338,496,'FF',8,0.00,NULL,NULL,0,0,NULL,1,NULL,'State Freeing Items','','',8,13),(1482,'1e10f5e6eb83da370c00f85c9e682a21',0,0,128,338,0,'FF',9,0.00,NULL,NULL,0,0,NULL,4,NULL,'Cur:','','',8,14),(1483,'2780822e8ce29851048893a1e9077440',0,0,128,338,0,'FF',9,0.00,NULL,NULL,0,0,NULL,1,NULL,'Avg:','','',8,15),(1484,'32873c00b6dff5616ee005a2d7249fd8',0,0,128,338,0,'FF',9,0.00,NULL,NULL,0,0,NULL,3,NULL,'Max:','','on',8,16),(1485,'22f1ff4f9ed793904002ae6c1dac9e57',0,0,128,337,497,'FF',8,0.00,NULL,NULL,0,0,NULL,1,NULL,'State Init','','',8,17),(1486,'c16bb0bfbf4fbf5a578550cbd0ce0ebc',0,0,128,337,0,'FF',9,0.00,NULL,NULL,0,0,NULL,4,NULL,'Cur:','','',8,18),(1487,'835c4d6533cfbccd71876031f85a3b65',0,0,128,337,0,'FF',9,0.00,NULL,NULL,0,0,NULL,1,NULL,'Avg:','','',8,19),(1488,'dde4033fdfbf0d2eb2cb37d12f89c140',0,0,128,337,0,'FF',9,0.00,NULL,NULL,0,0,NULL,3,NULL,'Max:','','on',8,20),(1489,'f9e50ea99f9fae7e322fd807439f7e78',0,0,128,339,49,'FF',8,0.00,NULL,NULL,0,0,NULL,1,NULL,'State Locked','','',8,21),(1490,'7aafefdea99b722ca04bc6104b56c168',0,0,128,339,0,'FF',9,0.00,NULL,NULL,0,0,NULL,4,NULL,'Cur:','','',8,22),(1491,'941c34a80a36384a1fc2852034636b37',0,0,128,339,0,'FF',9,0.00,NULL,NULL,0,0,NULL,1,NULL,'Avg:','','',8,23),(1492,'1633a37dd00f4a20736c3462f7275959',0,0,128,339,0,'FF',9,0.00,NULL,NULL,0,0,NULL,3,NULL,'Max:','','on',8,24),(1493,'bb48336c5b8333a3ab7329ba66687615',0,0,128,333,498,'FF',8,0.00,NULL,NULL,0,0,NULL,1,NULL,'State Login','','',8,25),(1494,'9c8bb65e23f409afd7e4470cd70e0bdc',0,0,128,333,0,'FF',9,0.00,NULL,NULL,0,0,NULL,4,NULL,'Cur:','','',8,26),(1495,'376977e7f2a31232b81712f48ec71b25',0,0,128,333,0,'FF',9,0.00,NULL,NULL,0,0,NULL,1,NULL,'Avg:','','',8,27),(1496,'2812464e11245d6251b64767514fa2fc',0,0,128,333,0,'FF',9,0.00,NULL,NULL,0,0,NULL,3,NULL,'Max:','','on',8,28),(1497,'9e6cd95cd545e4b5923078d81cf503b1',0,0,128,336,542,'FF',8,0.00,NULL,NULL,0,0,NULL,1,NULL,'State Preparing','','',8,29),(1498,'1d816f92f071e1213648e359664b33c8',0,0,128,336,0,'FF',9,0.00,NULL,NULL,0,0,NULL,4,NULL,'Cur:','','',8,30),(1499,'affb34977c43ccbd62f21c4f3cd0277a',0,0,128,336,0,'FF',9,0.00,NULL,NULL,0,0,NULL,1,NULL,'Avg:','','',8,31),(1500,'1a8d7fbb69c0f6c7456240cbc96cbe57',0,0,128,336,0,'FF',9,0.00,NULL,NULL,0,0,NULL,3,NULL,'Max:','','on',8,32),(1501,'9863f562c387684477211e9751332522',0,0,128,345,543,'FF',8,0.00,NULL,NULL,0,0,NULL,1,NULL,'State Reading From Net','','',8,33),(1502,'be25a35a10a2e75a3e63144393992c6b',0,0,128,345,0,'FF',9,0.00,NULL,NULL,0,0,NULL,4,NULL,'Cur:','','',8,34),(1503,'c70d2cb3ea00989132f48a757bc0a9c5',0,0,128,345,0,'FF',9,0.00,NULL,NULL,0,0,NULL,1,NULL,'Avg:','','',8,35),(1504,'5d158dcf3f91477c63b2caf7d5c1a7ae',0,0,128,345,0,'FF',9,0.00,NULL,NULL,0,0,NULL,3,NULL,'Max:','','on',8,36),(1505,'9e2bb6e808a6b1454d53ed4ea6d125fc',0,0,128,346,544,'FF',8,0.00,NULL,NULL,0,0,NULL,1,NULL,'State Sending Data','','',8,37),(1506,'4f249198d06f5802f32856b8b9d0a6e7',0,0,128,346,0,'FF',9,0.00,NULL,NULL,0,0,NULL,4,NULL,'Cur:','','',8,38),(1507,'a4be0de027ec06f2a227ad0724579d63',0,0,128,346,0,'FF',9,0.00,NULL,NULL,0,0,NULL,1,NULL,'Avg:','','',8,39),(1508,'94285dee91aaed8eedd57936f9c7583d',0,0,128,346,0,'FF',9,0.00,NULL,NULL,0,0,NULL,3,NULL,'Max:','','on',8,40),(1509,'8794a02f7747ed219ee57e805c116ba8',0,0,128,335,499,'FF',8,0.00,NULL,NULL,0,0,NULL,1,NULL,'State Sorting Result','','',8,41),(1510,'68d82026091fbf3eb0ca4c600487f036',0,0,128,335,0,'FF',9,0.00,NULL,NULL,0,0,NULL,4,NULL,'Cur:','','',8,42),(1511,'1d9ce488ee0482369a8a39f6139965ea',0,0,128,335,0,'FF',9,0.00,NULL,NULL,0,0,NULL,1,NULL,'Avg:','','',8,43),(1512,'8124869cd8d39d201a302060faf190a2',0,0,128,335,0,'FF',9,0.00,NULL,NULL,0,0,NULL,3,NULL,'Max:','','on',8,44),(1513,'e8c8f4480cd23520ba18d996cd5e1fe3',0,0,128,347,522,'FF',8,0.00,NULL,NULL,0,0,NULL,1,NULL,'State Statistics','','',8,45),(1514,'383571f54ee493555ce4b8868b9eb28e',0,0,128,347,0,'FF',9,0.00,NULL,NULL,0,0,NULL,4,NULL,'Cur:','','',8,46),(1515,'e3250c78ef3ee96ace553e722a634899',0,0,128,347,0,'FF',9,0.00,NULL,NULL,0,0,NULL,1,NULL,'Avg:','','',8,47),(1516,'fe394d34223d47bf6078341387c0e922',0,0,128,347,0,'FF',9,0.00,NULL,NULL,0,0,NULL,3,NULL,'Max:','','on',8,48),(1517,'25cd6d32db03d451893308bf8b6607fc',0,0,128,348,545,'FF',8,0.00,NULL,NULL,0,0,NULL,1,NULL,'State Updating','','',8,49),(1518,'af0567d70f0d89d50ceb18ce0c611daf',0,0,128,348,0,'FF',9,0.00,NULL,NULL,0,0,NULL,4,NULL,'Cur:','','',8,50),(1519,'548bf880854df8978a67f047c5ceca0d',0,0,128,348,0,'FF',9,0.00,NULL,NULL,0,0,NULL,1,NULL,'Avg:','','',8,51),(1520,'c3fc41c87ce816dc584c2e7b1c64db62',0,0,128,348,0,'FF',9,0.00,NULL,NULL,0,0,NULL,3,NULL,'Max:','','on',8,52),(1521,'2c8d51eacb721f743cf6dc766a760695',0,0,128,340,500,'FF',8,0.00,NULL,NULL,0,0,NULL,1,NULL,'State Writing To Net','','',8,53),(1522,'6a1e3fdfb0e6f16376081e5d9b045178',0,0,128,340,0,'FF',9,0.00,NULL,NULL,0,0,NULL,4,NULL,'Cur:','','',8,54),(1523,'7f38a8b8a558743adf138551c9eea039',0,0,128,340,0,'FF',9,0.00,NULL,NULL,0,0,NULL,1,NULL,'Avg:','','',8,55),(1524,'9e1a4760a22b3ccd43a2d3b125366d48',0,0,128,340,0,'FF',9,0.00,NULL,NULL,0,0,NULL,3,NULL,'Max:','','on',8,56),(1525,'fefcb5f9079a04c61ed44cc8e713d458',0,0,128,344,546,'FF',8,0.00,NULL,NULL,0,0,NULL,1,NULL,'State None','','',8,57),(1526,'75e27a36187562a334b9c6e1acc924cf',0,0,128,344,0,'FF',9,0.00,NULL,NULL,0,0,NULL,4,NULL,'Cur:','','',8,58),(1527,'7908ca613ed4ef2431f2b7f90cdd8a61',0,0,128,344,0,'FF',9,0.00,NULL,NULL,0,0,NULL,1,NULL,'Avg:','','',8,59),(1528,'59c29c0738d4ea1eefad8a21ab7b0820',0,0,128,344,0,'FF',9,0.00,NULL,NULL,0,0,NULL,3,NULL,'Max:','','on',8,60),(1529,'730cf658ad8101066e5571b5ed71de73',0,0,128,342,547,'FF',8,0.00,NULL,NULL,0,0,NULL,1,NULL,'State Other','','',8,61),(1530,'917a903cc2943a25983a4b2c8f561337',0,0,128,342,0,'FF',9,0.00,NULL,NULL,0,0,NULL,4,NULL,'Cur:','','',8,62),(1531,'54fa0c9fc9c3d0ebb8b01a1a0a8962bb',0,0,128,342,0,'FF',9,0.00,NULL,NULL,0,0,NULL,1,NULL,'Avg:','','',8,63),(1532,'107a62ac2c454b1f851a288a329c3b7e',0,0,128,342,0,'FF',9,0.00,NULL,NULL,0,0,NULL,3,NULL,'Max:','','on',8,64),(1533,'98505c91f609a8b020bf2d059789b3b7',0,0,129,349,49,'FF',4,0.00,NULL,NULL,0,0,NULL,1,NULL,'Handler Commit','','',8,1),(1534,'6a2a5794e67abb03d9898a8a66722fea',0,0,129,349,0,'FF',9,0.00,NULL,NULL,0,0,NULL,4,NULL,'Cur:','','',8,2),(1535,'96e7e505f2a52ceb0227423373a8063f',0,0,129,349,0,'FF',9,0.00,NULL,NULL,0,0,NULL,1,NULL,'Avg:','','',8,3),(1536,'1cc06b191eaa191b392eeb53323c35b6',0,0,129,349,0,'FF',9,0.00,NULL,NULL,0,0,NULL,3,NULL,'Max:','','on',8,4),(1537,'b685716756b63e333d1949eace7f70ea',0,0,129,352,494,'FF',4,0.00,NULL,NULL,0,0,NULL,1,NULL,'Handler Rollback','','',8,5),(1538,'1c8c92ed2eb917bff5438f4c15078dfa',0,0,129,352,0,'FF',9,0.00,NULL,NULL,0,0,NULL,4,NULL,'Cur:','','',8,6),(1539,'42598c06533e800fd53be723b47b6d5b',0,0,129,352,0,'FF',9,0.00,NULL,NULL,0,0,NULL,1,NULL,'Avg:','','',8,7),(1540,'a9d38eb0ced6e4db7a30b9bbb6c24f06',0,0,129,352,0,'FF',9,0.00,NULL,NULL,0,0,NULL,3,NULL,'Max:','','on',8,8),(1541,'5bf03010e3ac42c28ac02de2f4680870',0,0,129,350,495,'FF',4,0.00,NULL,NULL,0,0,NULL,1,NULL,'Handler Savepoint','','',8,9),(1542,'9825136839f88f2da94e8d624dc67a8d',0,0,129,350,0,'FF',9,0.00,NULL,NULL,0,0,NULL,4,NULL,'Cur:','','',8,10),(1543,'5b1f6c15fadfcfefbb646b9a591a5029',0,0,129,350,0,'FF',9,0.00,NULL,NULL,0,0,NULL,1,NULL,'Avg:','','',8,11),(1544,'35b68e1ed02d23c1093b17116f5c9600',0,0,129,350,0,'FF',9,0.00,NULL,NULL,0,0,NULL,3,NULL,'Max:','','on',8,12),(1545,'420abbb9c30789fdfd3388bafb3aa025',0,0,129,351,496,'FF',4,0.00,NULL,NULL,0,0,NULL,1,NULL,'Handler Savepoint Rollback','','',8,13),(1546,'abd2ddb6eeba337040feb70e24586007',0,0,129,351,0,'FF',9,0.00,NULL,NULL,0,0,NULL,4,NULL,'Cur:','','',8,14),(1547,'ff9c72e9fb520259e4716a6df4119bc9',0,0,129,351,0,'FF',9,0.00,NULL,NULL,0,0,NULL,1,NULL,'Avg:','','',8,15),(1548,'0a8a1ec90dcb13202d0a9581124da57a',0,0,129,351,0,'FF',9,0.00,NULL,NULL,0,0,NULL,3,NULL,'Max:','','on',8,16),(1549,'a56efbbe29d026f02862bfca809bf590',0,0,130,358,548,'FF',7,0.00,NULL,NULL,0,0,NULL,1,NULL,'Handler Write','','',8,1),(1550,'333b129b710713ea08607822cbed2038',0,0,130,358,0,'FF',9,0.00,NULL,NULL,0,0,NULL,4,NULL,'Cur:','','',8,2),(1551,'18adb81f9b92e701a6712b2409e10173',0,0,130,358,0,'FF',9,0.00,NULL,NULL,0,0,NULL,1,NULL,'Avg:','','',8,3),(1552,'b75669a310ca424b58b66fcf47defe0a',0,0,130,358,0,'FF',9,0.00,NULL,NULL,0,0,NULL,3,NULL,'Max:','','on',8,4),(1553,'99e8c4ac20ef9382cf78d1ffb28fe54d',0,0,130,360,549,'FF',8,0.00,NULL,NULL,0,0,NULL,1,NULL,'Handler Update','','',8,5),(1554,'996f53689776466699d40ab2781f5e82',0,0,130,360,0,'FF',9,0.00,NULL,NULL,0,0,NULL,4,NULL,'Cur:','','',8,6),(1555,'b3929273258422fa2177e6d149b31ab7',0,0,130,360,0,'FF',9,0.00,NULL,NULL,0,0,NULL,1,NULL,'Avg:','','',8,7),(1556,'93a6e48d691eff462e8231b30316a8c2',0,0,130,360,0,'FF',9,0.00,NULL,NULL,0,0,NULL,3,NULL,'Max:','','on',8,8),(1557,'9f24f4b567f0a4b2fe129db2e35d15aa',0,0,130,353,550,'FF',8,0.00,NULL,NULL,0,0,NULL,1,NULL,'Handler Delete','','',8,9),(1558,'e2c31117289de032f8c08cc14ec477f8',0,0,130,353,0,'FF',9,0.00,NULL,NULL,0,0,NULL,4,NULL,'Cur:','','',8,10),(1559,'e25437c079a454c5271f477fe7ea17e6',0,0,130,353,0,'FF',9,0.00,NULL,NULL,0,0,NULL,1,NULL,'Avg:','','',8,11),(1560,'eb8a68723d201d3aec1543199a888956',0,0,130,353,0,'FF',9,0.00,NULL,NULL,0,0,NULL,3,NULL,'Max:','','on',8,12),(1561,'d1d5a2571291994279b7d9f25d0adcb4',0,0,130,354,551,'FF',8,0.00,NULL,NULL,0,0,NULL,1,NULL,'Handler Read First','','',8,13),(1562,'80a47e2fb44870cf631ef6d4de1851c9',0,0,130,354,0,'FF',9,0.00,NULL,NULL,0,0,NULL,4,NULL,'Cur:','','',8,14),(1563,'4476dc4103d83887aca2673a247cd08e',0,0,130,354,0,'FF',9,0.00,NULL,NULL,0,0,NULL,1,NULL,'Avg:','','',8,15),(1564,'f2cf8af8e7ec95afc7b61a18b47eb540',0,0,130,354,0,'FF',9,0.00,NULL,NULL,0,0,NULL,3,NULL,'Max:','','on',8,16),(1565,'a7720b8b3e1acb2bf891dcaa670002b4',0,0,130,356,552,'FF',8,0.00,NULL,NULL,0,0,NULL,1,NULL,'Handler Read Key','','',8,17),(1566,'fe520c3c770514eeef8d56b30edb49b4',0,0,130,356,0,'FF',9,0.00,NULL,NULL,0,0,NULL,4,NULL,'Cur:','','',8,18),(1567,'1e83f4d79d966e8b166b5198c5f428bf',0,0,130,356,0,'FF',9,0.00,NULL,NULL,0,0,NULL,1,NULL,'Avg:','','',8,19),(1568,'34dc1f997d19abdf11736d7afff0c344',0,0,130,356,0,'FF',9,0.00,NULL,NULL,0,0,NULL,3,NULL,'Max:','','on',8,20),(1569,'b0b798535b8d75d4a9585945254f2b4b',0,0,130,361,466,'FF',8,0.00,NULL,NULL,0,0,NULL,1,NULL,'Handler Read Next','','',8,21),(1570,'2e5c22d4cdcea1c9f30ad32211d3836c',0,0,130,361,0,'FF',9,0.00,NULL,NULL,0,0,NULL,4,NULL,'Cur:','','',8,22),(1571,'702f8e111b48c715157ac958658c4b8c',0,0,130,361,0,'FF',9,0.00,NULL,NULL,0,0,NULL,1,NULL,'Avg:','','',8,23),(1572,'7c54b76ce9f272518e8a0ee0bfd39b47',0,0,130,361,0,'FF',9,0.00,NULL,NULL,0,0,NULL,3,NULL,'Max:','','on',8,24),(1573,'5f186d6015dfba3d1106952f4c1bb0ca',0,0,130,355,553,'FF',8,0.00,NULL,NULL,0,0,NULL,1,NULL,'Handler Read Prev','','',8,25),(1574,'252858053548203416049c303ec097a8',0,0,130,355,0,'FF',9,0.00,NULL,NULL,0,0,NULL,4,NULL,'Cur:','','',8,26),(1575,'304e8fb4d95ebea5d589e8ed877d582b',0,0,130,355,0,'FF',9,0.00,NULL,NULL,0,0,NULL,1,NULL,'Avg:','','',8,27),(1576,'14841f4538dadbd51e7ac76e942d0321',0,0,130,355,0,'FF',9,0.00,NULL,NULL,0,0,NULL,3,NULL,'Max:','','on',8,28),(1577,'a987368e5eff28db9cbfe423b5642c0f',0,0,130,359,554,'FF',8,0.00,NULL,NULL,0,0,NULL,1,NULL,'Handler Read Rnd','','',8,29),(1578,'06a1bfbd8f6ba3fd905aa8ab7e938a7b',0,0,130,359,0,'FF',9,0.00,NULL,NULL,0,0,NULL,4,NULL,'Cur:','','',8,30),(1579,'e69ecc53865b44b285fc650265f37c03',0,0,130,359,0,'FF',9,0.00,NULL,NULL,0,0,NULL,1,NULL,'Avg:','','',8,31),(1580,'e05ff5595224800ec56b61c5f225ee9b',0,0,130,359,0,'FF',9,0.00,NULL,NULL,0,0,NULL,3,NULL,'Max:','','on',8,32),(1581,'6d59cc406cd1e7e49c08385942df665f',0,0,130,357,555,'FF',8,0.00,NULL,NULL,0,0,NULL,1,NULL,'Handler Read Rnd Next','','',8,33),(1582,'faeefb662aaa2e819e2601db4ce53dd2',0,0,130,357,0,'FF',9,0.00,NULL,NULL,0,0,NULL,4,NULL,'Cur:','','',8,34),(1583,'39af5daeca97920d8ac6912ec8c62c78',0,0,130,357,0,'FF',9,0.00,NULL,NULL,0,0,NULL,1,NULL,'Avg:','','',8,35),(1584,'f67c01dffaa9f72981b9ec0a36c37004',0,0,130,357,0,'FF',9,0.00,NULL,NULL,0,0,NULL,3,NULL,'Max:','','on',8,36),(1585,'08c10338a942c47eb5d8061d98f89729',0,0,131,375,49,'FF',7,0.00,NULL,NULL,0,0,NULL,1,NULL,'Query Time Count 00','','',8,1),(1586,'f52cf6ca1f6ed26dbfac4b7ad4dfbc5a',0,0,131,375,0,'FF',9,0.00,NULL,NULL,0,0,NULL,4,NULL,'Cur:','','',8,2),(1587,'9dbf8bf3ea1fa803460975f4c5da5f24',0,0,131,375,0,'FF',9,0.00,NULL,NULL,0,0,NULL,1,NULL,'Avg:','','',8,3),(1588,'e683dde882800122c2118a9f743dec95',0,0,131,375,0,'FF',9,0.00,NULL,NULL,0,0,NULL,3,NULL,'Max:','','',8,4),(1589,'5d0981d0c6528379ba4909fed38c652c',0,0,131,375,0,'FF',9,0.00,NULL,NULL,0,0,NULL,2,NULL,'Min:','','on',8,5),(1590,'4b693f09a81ab1db783ab17de3789f26',0,0,131,371,494,'FF',8,0.00,NULL,NULL,0,0,NULL,1,NULL,'Query Time Count 01','','',8,6),(1591,'c26e712241285a2cf22fd73ebb39d020',0,0,131,371,0,'FF',9,0.00,NULL,NULL,0,0,NULL,4,NULL,'Cur:','','',8,7),(1592,'efd33d54976eacc8e0f04636c2185142',0,0,131,371,0,'FF',9,0.00,NULL,NULL,0,0,NULL,1,NULL,'Avg:','','',8,8),(1593,'d97e8b46a4ba423207865222e1dfc9bf',0,0,131,371,0,'FF',9,0.00,NULL,NULL,0,0,NULL,3,NULL,'Max:','','',8,9),(1594,'a6e618818edf9b5ee34084f620564ebe',0,0,131,371,0,'FF',9,0.00,NULL,NULL,0,0,NULL,2,NULL,'Min:','','on',8,10),(1595,'9e785847208c8738d150c9c20ab799a4',0,0,131,369,495,'FF',8,0.00,NULL,NULL,0,0,NULL,1,NULL,'Query Time Count 02','','',8,11),(1596,'4cabdffca2bc82a688911d369883a78a',0,0,131,369,0,'FF',9,0.00,NULL,NULL,0,0,NULL,4,NULL,'Cur:','','',8,12),(1597,'6521db9ce70360fafb032dbeadd69774',0,0,131,369,0,'FF',9,0.00,NULL,NULL,0,0,NULL,1,NULL,'Avg:','','',8,13),(1598,'7152e2a2db4a5dfe0aff0e5f19c1410d',0,0,131,369,0,'FF',9,0.00,NULL,NULL,0,0,NULL,3,NULL,'Max:','','',8,14),(1599,'366bf607ef34d4a72606bd4bac52fbf2',0,0,131,369,0,'FF',9,0.00,NULL,NULL,0,0,NULL,2,NULL,'Min:','','on',8,15),(1600,'62c4840df6b20c9bb01665a26642ec68',0,0,131,373,496,'FF',8,0.00,NULL,NULL,0,0,NULL,1,NULL,'Query Time Count 03','','',8,16),(1601,'2924e8784904f6b5589685cfceaa610d',0,0,131,373,0,'FF',9,0.00,NULL,NULL,0,0,NULL,4,NULL,'Cur:','','',8,17),(1602,'ab7480fa463217e43aca45bb971f926e',0,0,131,373,0,'FF',9,0.00,NULL,NULL,0,0,NULL,1,NULL,'Avg:','','',8,18),(1603,'fe0febf8c7788002fc7fbb732b95d13e',0,0,131,373,0,'FF',9,0.00,NULL,NULL,0,0,NULL,3,NULL,'Max:','','',8,19),(1604,'33a9d7c5a761bca9c3ff7eb6f78eb4e4',0,0,131,373,0,'FF',9,0.00,NULL,NULL,0,0,NULL,2,NULL,'Min:','','on',8,20),(1605,'345a48dacb7cc1a6ca65fdc1cf9550fa',0,0,131,365,497,'FF',8,0.00,NULL,NULL,0,0,NULL,1,NULL,'Query Time Count 04','','',8,21),(1606,'2eb28eda894a2e0563b535baf5c55c0e',0,0,131,365,0,'FF',9,0.00,NULL,NULL,0,0,NULL,4,NULL,'Cur:','','',8,22),(1607,'04393d034850669377a7a8648eba0b72',0,0,131,365,0,'FF',9,0.00,NULL,NULL,0,0,NULL,1,NULL,'Avg:','','',8,23),(1608,'0b2f05ad0d8fbbe04886a5503c8c1307',0,0,131,365,0,'FF',9,0.00,NULL,NULL,0,0,NULL,3,NULL,'Max:','','',8,24),(1609,'f2c1e091ca84baf054e5944f6a6fa2fe',0,0,131,365,0,'FF',9,0.00,NULL,NULL,0,0,NULL,2,NULL,'Min:','','on',8,25),(1610,'04a95cdbf902b5fc977eb122b33e99b1',0,0,131,372,49,'FF',8,0.00,NULL,NULL,0,0,NULL,1,NULL,'Query Time Count 05','','',8,26),(1611,'843ac8ffe0fcba8a34d07e8cbac867a8',0,0,131,372,0,'FF',9,0.00,NULL,NULL,0,0,NULL,4,NULL,'Cur:','','',8,27),(1612,'16d27f325b51f989281f3a4189f60b82',0,0,131,372,0,'FF',9,0.00,NULL,NULL,0,0,NULL,1,NULL,'Avg:','','',8,28),(1613,'ed0fa015ed32e13de13a589f3d3f2960',0,0,131,372,0,'FF',9,0.00,NULL,NULL,0,0,NULL,3,NULL,'Max:','','',8,29),(1614,'6408b0165000992280538aa93a78f3f0',0,0,131,372,0,'FF',9,0.00,NULL,NULL,0,0,NULL,2,NULL,'Min:','','on',8,30),(1615,'57c53baab6f0f75e59f0492b7b914ca8',0,0,131,374,498,'FF',8,0.00,NULL,NULL,0,0,NULL,1,NULL,'Query Time Count 06','','',8,31),(1616,'df699c9622780c8b33510bac3e4e55da',0,0,131,374,0,'FF',9,0.00,NULL,NULL,0,0,NULL,4,NULL,'Cur:','','',8,32),(1617,'dd648b011a8f158f92c08d6d4ee5570c',0,0,131,374,0,'FF',9,0.00,NULL,NULL,0,0,NULL,1,NULL,'Avg:','','',8,33),(1618,'31863aa8b141a94cfc34cf2ea3e09ebe',0,0,131,374,0,'FF',9,0.00,NULL,NULL,0,0,NULL,3,NULL,'Max:','','',8,34),(1619,'5d52fd9ab2cea7e63b38fda279d76b7d',0,0,131,374,0,'FF',9,0.00,NULL,NULL,0,0,NULL,2,NULL,'Min:','','on',8,35),(1620,'5e94c82b137828def8daef5a4199e072',0,0,131,362,542,'FF',8,0.00,NULL,NULL,0,0,NULL,1,NULL,'Query Time Count 07','','',8,36),(1621,'b681bd2e23fb54cdb32baec84dfcf128',0,0,131,362,0,'FF',9,0.00,NULL,NULL,0,0,NULL,4,NULL,'Cur:','','',8,37),(1622,'0f56ee1e90b63609d58f939aa43fcd6b',0,0,131,362,0,'FF',9,0.00,NULL,NULL,0,0,NULL,1,NULL,'Avg:','','',8,38),(1623,'15fd8728f91049dc79f639db7d311c36',0,0,131,362,0,'FF',9,0.00,NULL,NULL,0,0,NULL,3,NULL,'Max:','','',8,39),(1624,'feb4e695c759de471fce8ada5f4681ee',0,0,131,362,0,'FF',9,0.00,NULL,NULL,0,0,NULL,2,NULL,'Min:','','on',8,40),(1625,'c5a2d216430ec1f09c65613af56efa35',0,0,131,368,543,'FF',8,0.00,NULL,NULL,0,0,NULL,1,NULL,'Query Time Count 08','','',8,41),(1626,'69cc8cb6981c01a55dbeb808ac8945c0',0,0,131,368,0,'FF',9,0.00,NULL,NULL,0,0,NULL,4,NULL,'Cur:','','',8,42),(1627,'190770cf3101e3c57ad8931d5ce2cfd8',0,0,131,368,0,'FF',9,0.00,NULL,NULL,0,0,NULL,1,NULL,'Avg:','','',8,43),(1628,'cf1fa0ae56fbd81e550b035bcde7d847',0,0,131,368,0,'FF',9,0.00,NULL,NULL,0,0,NULL,3,NULL,'Max:','','',8,44),(1629,'d3e081a61f7810c6a088af805a78ade0',0,0,131,368,0,'FF',9,0.00,NULL,NULL,0,0,NULL,2,NULL,'Min:','','on',8,45),(1630,'aa66dffd2932c3bd553e089638d6083d',0,0,131,366,544,'FF',8,0.00,NULL,NULL,0,0,NULL,1,NULL,'Query Time Count 09','','',8,46),(1631,'d92523843f91425e89929eea018f8d10',0,0,131,366,0,'FF',9,0.00,NULL,NULL,0,0,NULL,4,NULL,'Cur:','','',8,47),(1632,'4c9cfcc3fb8388158f3dab4fdd7e7603',0,0,131,366,0,'FF',9,0.00,NULL,NULL,0,0,NULL,1,NULL,'Avg:','','',8,48),(1633,'ad38f1e9bb8ed809d77bc70bbf6c2226',0,0,131,366,0,'FF',9,0.00,NULL,NULL,0,0,NULL,3,NULL,'Max:','','',8,49),(1634,'fbac3ece36f63d9baa1dd24fa35711be',0,0,131,366,0,'FF',9,0.00,NULL,NULL,0,0,NULL,2,NULL,'Min:','','on',8,50),(1635,'f80f931d32592fb52c8540ec35fe4033',0,0,131,367,499,'FF',8,0.00,NULL,NULL,0,0,NULL,1,NULL,'Query Time Count 10','','',8,51),(1636,'748227f6c32d810e66e17c93b09f23b7',0,0,131,367,0,'FF',9,0.00,NULL,NULL,0,0,NULL,4,NULL,'Cur:','','',8,52),(1637,'e950775b39dab441e347c0ce89946d57',0,0,131,367,0,'FF',9,0.00,NULL,NULL,0,0,NULL,1,NULL,'Avg:','','',8,53),(1638,'95eef605153a2d5c99a1690711140eb0',0,0,131,367,0,'FF',9,0.00,NULL,NULL,0,0,NULL,3,NULL,'Max:','','',8,54),(1639,'27fdc023a94306b75720021a69eba423',0,0,131,367,0,'FF',9,0.00,NULL,NULL,0,0,NULL,2,NULL,'Min:','','on',8,55),(1640,'5017a55ae7fb1cced36916a9361941da',0,0,131,370,522,'FF',8,0.00,NULL,NULL,0,0,NULL,1,NULL,'Query Time Count 11','','',8,56),(1641,'cdb84bac943b2c9170eef588346d8075',0,0,131,370,0,'FF',9,0.00,NULL,NULL,0,0,NULL,4,NULL,'Cur:','','',8,57),(1642,'14695d26f2801042fd6462b590e539b7',0,0,131,370,0,'FF',9,0.00,NULL,NULL,0,0,NULL,1,NULL,'Avg:','','',8,58),(1643,'ee094474bf06bee4d907157f3864c88c',0,0,131,370,0,'FF',9,0.00,NULL,NULL,0,0,NULL,3,NULL,'Max:','','',8,59),(1644,'5d4f0cf98ae0d9db8f70de927148f468',0,0,131,370,0,'FF',9,0.00,NULL,NULL,0,0,NULL,2,NULL,'Min:','','on',8,60),(1645,'ebd2e2ef8df079f10ac6dc757bda4b3d',0,0,131,363,545,'FF',8,0.00,NULL,NULL,0,0,NULL,1,NULL,'Query Time Count 12','','',8,61),(1646,'219b5f095258b79b7d95bc56304e9066',0,0,131,363,0,'FF',9,0.00,NULL,NULL,0,0,NULL,4,NULL,'Cur:','','',8,62),(1647,'999392ab047be4eb9f6e90b353ce67cb',0,0,131,363,0,'FF',9,0.00,NULL,NULL,0,0,NULL,1,NULL,'Avg:','','',8,63),(1648,'c23afd50d436aef4ff79ccd164d431c7',0,0,131,363,0,'FF',9,0.00,NULL,NULL,0,0,NULL,3,NULL,'Max:','','',8,64),(1649,'d606c6c732905a5b973d7bb20481bb2e',0,0,131,363,0,'FF',9,0.00,NULL,NULL,0,0,NULL,2,NULL,'Min:','','on',8,65),(1650,'771f79379aedbb487ae905ac0413ce0b',0,0,131,364,500,'FF',8,0.00,NULL,NULL,0,0,NULL,1,NULL,'Query Time Count 13','','',8,66),(1651,'a3cbcaf44a5c29a027703c2855544de0',0,0,131,364,0,'FF',9,0.00,NULL,NULL,0,0,NULL,4,NULL,'Cur:','','',8,67),(1652,'54cbe6ba1a056431e26bb3832f23aa7d',0,0,131,364,0,'FF',9,0.00,NULL,NULL,0,0,NULL,1,NULL,'Avg:','','',8,68),(1653,'0438a386e5e83580f913aa8e75f64758',0,0,131,364,0,'FF',9,0.00,NULL,NULL,0,0,NULL,3,NULL,'Max:','','',8,69),(1654,'0acf541af361f6e37e650c28e6840371',0,0,131,364,0,'FF',9,0.00,NULL,NULL,0,0,NULL,2,NULL,'Min:','','on',8,70),(1655,'e1d2019589af76c53450ab4f9e171be7',0,0,132,384,49,'FF',7,0.00,NULL,NULL,0,0,NULL,1,NULL,'Query Time Total 00','','',8,1),(1656,'efbb16cf094e50101d1993b89bbe67ad',0,0,132,384,0,'FF',9,0.00,NULL,NULL,0,0,NULL,4,NULL,'Cur:','','',8,2),(1657,'f168475a43854da77b135fc5f3d2df45',0,0,132,384,0,'FF',9,0.00,NULL,NULL,0,0,NULL,1,NULL,'Avg:','','',8,3),(1658,'6d1aaa24140bfb2394671cc8872ac3e9',0,0,132,384,0,'FF',9,0.00,NULL,NULL,0,0,NULL,3,NULL,'Max:','','',8,4),(1659,'37ea49ebcace4e140e6fdfda2615a942',0,0,132,384,0,'FF',9,0.00,NULL,NULL,0,0,NULL,2,NULL,'Min:','','on',8,5),(1660,'e2a85644503c7fec6975039841d97599',0,0,132,380,494,'FF',8,0.00,NULL,NULL,0,0,NULL,1,NULL,'Query Time Total 01','','',8,6),(1661,'e27d1c3ef2fbd75712806cfa094f67b7',0,0,132,380,0,'FF',9,0.00,NULL,NULL,0,0,NULL,4,NULL,'Cur:','','',8,7),(1662,'4a0c8006b77be53170e372aebd2a7be7',0,0,132,380,0,'FF',9,0.00,NULL,NULL,0,0,NULL,1,NULL,'Avg:','','',8,8),(1663,'142d619cc8906561a22e6731906e1ca8',0,0,132,380,0,'FF',9,0.00,NULL,NULL,0,0,NULL,3,NULL,'Max:','','',8,9),(1664,'2e3da103f231035fc142fefacf4df953',0,0,132,380,0,'FF',9,0.00,NULL,NULL,0,0,NULL,2,NULL,'Min:','','on',8,10),(1665,'5facfda4f89ede6002c1f76a62dc624e',0,0,132,388,495,'FF',8,0.00,NULL,NULL,0,0,NULL,1,NULL,'Query Time Total 02','','',8,11),(1666,'45b150955a90d567c8ce8297569f8443',0,0,132,388,0,'FF',9,0.00,NULL,NULL,0,0,NULL,4,NULL,'Cur:','','',8,12),(1667,'ed1ce7dc2fc7a6179b7bfff8df26c225',0,0,132,388,0,'FF',9,0.00,NULL,NULL,0,0,NULL,1,NULL,'Avg:','','',8,13),(1668,'edf9beec29bd86e55a8165f36e50f642',0,0,132,388,0,'FF',9,0.00,NULL,NULL,0,0,NULL,3,NULL,'Max:','','',8,14),(1669,'e0a3433d0bb05bbe9b932e48dc9f56b2',0,0,132,388,0,'FF',9,0.00,NULL,NULL,0,0,NULL,2,NULL,'Min:','','on',8,15),(1670,'6ae93a14f632c2936c913214abc43d58',0,0,132,377,496,'FF',8,0.00,NULL,NULL,0,0,NULL,1,NULL,'Query Time Total 03','','',8,16),(1671,'2a0d115b7db025d1b2c32f7229e93654',0,0,132,377,0,'FF',9,0.00,NULL,NULL,0,0,NULL,4,NULL,'Cur:','','',8,17),(1672,'55d6915220da6a09e7c4da21a1953762',0,0,132,377,0,'FF',9,0.00,NULL,NULL,0,0,NULL,1,NULL,'Avg:','','',8,18),(1673,'492ff15474b7922ccc8cd024486ee562',0,0,132,377,0,'FF',9,0.00,NULL,NULL,0,0,NULL,3,NULL,'Max:','','',8,19),(1674,'8816294fc01f726eec82f16101b6157e',0,0,132,377,0,'FF',9,0.00,NULL,NULL,0,0,NULL,2,NULL,'Min:','','on',8,20),(1675,'0a48371a4691be6172fa5c409b38fe8c',0,0,132,376,497,'FF',8,0.00,NULL,NULL,0,0,NULL,1,NULL,'Query Time Total 04','','',8,21),(1676,'106463f932a67b2fc35f9a36ca23580a',0,0,132,376,0,'FF',9,0.00,NULL,NULL,0,0,NULL,4,NULL,'Cur:','','',8,22),(1677,'eb61f46a528669f247c84d44288860f4',0,0,132,376,0,'FF',9,0.00,NULL,NULL,0,0,NULL,1,NULL,'Avg:','','',8,23),(1678,'241e0023b6736388df0ab3d6c444993d',0,0,132,376,0,'FF',9,0.00,NULL,NULL,0,0,NULL,3,NULL,'Max:','','',8,24),(1679,'77ef0c17d4811858a0ec0e3db09239f4',0,0,132,376,0,'FF',9,0.00,NULL,NULL,0,0,NULL,2,NULL,'Min:','','on',8,25),(1680,'5657e012b35fbc79f46cc82b85e9f3c6',0,0,132,387,49,'FF',8,0.00,NULL,NULL,0,0,NULL,1,NULL,'Query Time Total 05','','',8,26),(1681,'4fb328de7c91f7e1301d666d661b8c18',0,0,132,387,0,'FF',9,0.00,NULL,NULL,0,0,NULL,4,NULL,'Cur:','','',8,27),(1682,'a8c8ebea881cc1160b84467ecfdcc3c4',0,0,132,387,0,'FF',9,0.00,NULL,NULL,0,0,NULL,1,NULL,'Avg:','','',8,28),(1683,'e19d0c2950098c39c1ff2e6b523fcaa7',0,0,132,387,0,'FF',9,0.00,NULL,NULL,0,0,NULL,3,NULL,'Max:','','',8,29),(1684,'ba336afbf63fe3523fa445e6d866b935',0,0,132,387,0,'FF',9,0.00,NULL,NULL,0,0,NULL,2,NULL,'Min:','','on',8,30),(1685,'725c6ba1ffc5bf2f1ec10507b6c66cfe',0,0,132,379,498,'FF',8,0.00,NULL,NULL,0,0,NULL,1,NULL,'Query Time Total 06','','',8,31),(1686,'1b8d7c1386c46ae29263aa1df4a99866',0,0,132,379,0,'FF',9,0.00,NULL,NULL,0,0,NULL,4,NULL,'Cur:','','',8,32),(1687,'2b59a07e15a73e793e235736fd7da322',0,0,132,379,0,'FF',9,0.00,NULL,NULL,0,0,NULL,1,NULL,'Avg:','','',8,33),(1688,'2fdbc95247f61d14bc9442f1bc1004a9',0,0,132,379,0,'FF',9,0.00,NULL,NULL,0,0,NULL,3,NULL,'Max:','','',8,34),(1689,'58576524edeb3b8cdc3ca0f9e79d62aa',0,0,132,379,0,'FF',9,0.00,NULL,NULL,0,0,NULL,2,NULL,'Min:','','on',8,35),(1690,'54ee5a3c083d259f8f5dee1ce953be7a',0,0,132,386,542,'FF',8,0.00,NULL,NULL,0,0,NULL,1,NULL,'Query Time Total 07','','',8,36),(1691,'ef3356ef4ca699e2ff48aaca9bc9388a',0,0,132,386,0,'FF',9,0.00,NULL,NULL,0,0,NULL,4,NULL,'Cur:','','',8,37),(1692,'2cecffd7a5f0f0ba3add3ee6c08fee10',0,0,132,386,0,'FF',9,0.00,NULL,NULL,0,0,NULL,1,NULL,'Avg:','','',8,38),(1693,'d9917cff306b99aaddee1e4fcb62617d',0,0,132,386,0,'FF',9,0.00,NULL,NULL,0,0,NULL,3,NULL,'Max:','','',8,39),(1694,'0141da3c850d13e871633b521ab65a58',0,0,132,386,0,'FF',9,0.00,NULL,NULL,0,0,NULL,2,NULL,'Min:','','on',8,40),(1695,'1cce50ca8301bf88ba2193b4503bff85',0,0,132,378,543,'FF',8,0.00,NULL,NULL,0,0,NULL,1,NULL,'Query Time Total 08','','',8,41),(1696,'41e529cd908214ba17227fa7712df770',0,0,132,378,0,'FF',9,0.00,NULL,NULL,0,0,NULL,4,NULL,'Cur:','','',8,42),(1697,'ec93a5acc82cfe73ea9658e0990dc9c0',0,0,132,378,0,'FF',9,0.00,NULL,NULL,0,0,NULL,1,NULL,'Avg:','','',8,43),(1698,'35a8f35b2596163d53742519066b82a7',0,0,132,378,0,'FF',9,0.00,NULL,NULL,0,0,NULL,3,NULL,'Max:','','',8,44),(1699,'8eba750335a568105ffcc7ef6854079f',0,0,132,378,0,'FF',9,0.00,NULL,NULL,0,0,NULL,2,NULL,'Min:','','on',8,45),(1700,'f54959e7f1cf6545f0d99ab283543f3b',0,0,132,382,544,'FF',8,0.00,NULL,NULL,0,0,NULL,1,NULL,'Query Time Total 09','','',8,46),(1701,'73f11005aebe709369dcea268ef59694',0,0,132,382,0,'FF',9,0.00,NULL,NULL,0,0,NULL,4,NULL,'Cur:','','',8,47),(1702,'adc2e983d40d41140206bdd83fc51602',0,0,132,382,0,'FF',9,0.00,NULL,NULL,0,0,NULL,1,NULL,'Avg:','','',8,48),(1703,'ee8d27530927d2488fcffe9c8de37e43',0,0,132,382,0,'FF',9,0.00,NULL,NULL,0,0,NULL,3,NULL,'Max:','','',8,49),(1704,'641cc473c0ca42be68870a5e6c20faad',0,0,132,382,0,'FF',9,0.00,NULL,NULL,0,0,NULL,2,NULL,'Min:','','on',8,50),(1705,'6a901fe7956543adbcf7b24e1975a15b',0,0,132,389,499,'FF',8,0.00,NULL,NULL,0,0,NULL,1,NULL,'Query Time Total 10','','',8,51),(1706,'b5aeceb2edb13f110fc25cfd564f48df',0,0,132,389,0,'FF',9,0.00,NULL,NULL,0,0,NULL,4,NULL,'Cur:','','',8,52),(1707,'aedd2c00ccf7b5bb6811062d33854976',0,0,132,389,0,'FF',9,0.00,NULL,NULL,0,0,NULL,1,NULL,'Avg:','','',8,53),(1708,'2fc712167821cc286587e69cb2c1313f',0,0,132,389,0,'FF',9,0.00,NULL,NULL,0,0,NULL,3,NULL,'Max:','','',8,54),(1709,'5a532ab7b308a5bcfa32d65e7c6c8116',0,0,132,389,0,'FF',9,0.00,NULL,NULL,0,0,NULL,2,NULL,'Min:','','on',8,55),(1710,'aea9e8368be028e1c5b2573ce281cc1a',0,0,132,383,522,'FF',8,0.00,NULL,NULL,0,0,NULL,1,NULL,'Query Time Total 11','','',8,56),(1711,'e612717b8dcd55412d7c9031382e0a6b',0,0,132,383,0,'FF',9,0.00,NULL,NULL,0,0,NULL,4,NULL,'Cur:','','',8,57),(1712,'bf6f16bf2d45e1c35552b1671fa7b95a',0,0,132,383,0,'FF',9,0.00,NULL,NULL,0,0,NULL,1,NULL,'Avg:','','',8,58),(1713,'b7708c92e6d2b262eff9983c96a766e2',0,0,132,383,0,'FF',9,0.00,NULL,NULL,0,0,NULL,3,NULL,'Max:','','',8,59),(1714,'93f737d5a504cac6f2a585107b250011',0,0,132,383,0,'FF',9,0.00,NULL,NULL,0,0,NULL,2,NULL,'Min:','','on',8,60),(1715,'56e5c4fd0019766685021e1cff8986b3',0,0,132,381,545,'FF',8,0.00,NULL,NULL,0,0,NULL,1,NULL,'Query Time Total 12','','',8,61),(1716,'1c0b9d90aa235d05151f95c6304cfbe9',0,0,132,381,0,'FF',9,0.00,NULL,NULL,0,0,NULL,4,NULL,'Cur:','','',8,62),(1717,'6e4edb3a607c6cec1883627ee7bee077',0,0,132,381,0,'FF',9,0.00,NULL,NULL,0,0,NULL,1,NULL,'Avg:','','',8,63),(1718,'82a3879bb2836967a354cf175452eed3',0,0,132,381,0,'FF',9,0.00,NULL,NULL,0,0,NULL,3,NULL,'Max:','','',8,64),(1719,'396b869defb45151523ef7786572c0b8',0,0,132,381,0,'FF',9,0.00,NULL,NULL,0,0,NULL,2,NULL,'Min:','','on',8,65),(1720,'ec8dfa4676e12924b5d8828965c618e6',0,0,132,385,500,'FF',8,0.00,NULL,NULL,0,0,NULL,1,NULL,'Query Time Total 13','','',8,66),(1721,'8b9cb15559436564f7f3dc6c738cf06f',0,0,132,385,0,'FF',9,0.00,NULL,NULL,0,0,NULL,4,NULL,'Cur:','','',8,67),(1722,'0b700548bc01e90ea4f89a00188269ee',0,0,132,385,0,'FF',9,0.00,NULL,NULL,0,0,NULL,1,NULL,'Avg:','','',8,68),(1723,'e025ce79a232edd22ef5945dfe99e6ce',0,0,132,385,0,'FF',9,0.00,NULL,NULL,0,0,NULL,3,NULL,'Max:','','',8,69),(1724,'763f563b10716bbe86f824c73395420d',0,0,132,385,0,'FF',9,0.00,NULL,NULL,0,0,NULL,2,NULL,'Min:','','on',8,70),(1725,'eab4958981ab6316d4e71369340a3b82',0,0,133,390,96,'FF',4,0.00,NULL,NULL,0,0,NULL,1,NULL,'Pool Read Requests','','',8,1),(1726,'b2a3deb5aebe1626f6d0ae80a6df8d94',0,0,133,390,0,'FF',9,0.00,NULL,NULL,0,0,NULL,4,NULL,'Cur:','','',8,2),(1727,'fd53819289f90c5604c225e73072c6ac',0,0,133,390,0,'FF',9,0.00,NULL,NULL,0,0,NULL,1,NULL,'Avg:','','',8,3),(1728,'cbd52390554edff0b5c80ff9ebf7cbb1',0,0,133,390,0,'FF',9,0.00,NULL,NULL,0,0,NULL,3,NULL,'Max:','','on',8,4),(1729,'325a658eb3078e8df227f74169758625',0,0,133,391,506,'FF',4,0.00,NULL,NULL,0,0,NULL,1,NULL,'Pool Reads','','',8,5),(1730,'bd2f1b82625bb5ceca91ea1638e37191',0,0,133,391,0,'FF',9,0.00,NULL,NULL,0,0,NULL,4,NULL,'Cur:','','',8,6),(1731,'14a612f04dbee94b108c295e80032ee9',0,0,133,391,0,'FF',9,0.00,NULL,NULL,0,0,NULL,1,NULL,'Avg:','','',8,7),(1732,'85bea1a4c2b53fd3d877eed8d6b6ed03',0,0,133,391,0,'FF',9,0.00,NULL,NULL,0,0,NULL,3,NULL,'Max:','','on',8,8),(1957,'',668,30,70,476,442,'FF',7,0.00,NULL,0,0,0,NULL,1,NULL,'Forks','','',8,1),(1958,'',669,30,70,476,0,'FF',9,0.00,NULL,0,0,0,NULL,4,NULL,'Cur:','','',8,2),(1959,'',670,30,70,476,0,'FF',9,0.00,NULL,0,0,0,NULL,1,NULL,'Avg:','','',8,3),(1960,'',671,30,70,476,0,'FF',9,0.00,NULL,0,0,0,NULL,3,NULL,'Max:','','on',8,4),(1961,'',672,31,71,485,443,'FF',7,0.00,NULL,0,0,0,NULL,1,NULL,'CPU User','','',8,1),(1962,'',673,31,71,485,0,'FF',9,0.00,NULL,0,0,0,NULL,4,NULL,'Cur:','','',8,2),(1963,'',674,31,71,485,0,'FF',9,0.00,NULL,0,0,0,NULL,1,NULL,'Avg:','','',8,3),(1964,'',675,31,71,485,0,'FF',9,0.00,NULL,0,0,0,NULL,3,NULL,'Max:','','on',8,4),(1965,'',676,31,71,477,444,'FF',8,0.00,NULL,0,0,0,NULL,1,NULL,'CPU Nice','','',8,5),(1966,'',677,31,71,477,0,'FF',9,0.00,NULL,0,0,0,NULL,4,NULL,'Cur:','','',8,6),(1967,'',678,31,71,477,0,'FF',9,0.00,NULL,0,0,0,NULL,1,NULL,'Avg:','','',8,7),(1968,'',679,31,71,477,0,'FF',9,0.00,NULL,0,0,0,NULL,3,NULL,'Max:','','on',8,8),(1969,'',680,31,71,482,445,'FF',8,0.00,NULL,0,0,0,NULL,1,NULL,'CPU System','','',8,9),(1970,'',681,31,71,482,0,'FF',9,0.00,NULL,0,0,0,NULL,4,NULL,'Cur:','','',8,10),(1971,'',682,31,71,482,0,'FF',9,0.00,NULL,0,0,0,NULL,1,NULL,'Avg:','','',8,11),(1972,'',683,31,71,482,0,'FF',9,0.00,NULL,0,0,0,NULL,3,NULL,'Max:','','on',8,12),(1973,'',684,31,71,479,446,'FF',8,0.00,NULL,0,0,0,NULL,1,NULL,'CPU Idle','','',8,13),(1974,'',685,31,71,479,0,'FF',9,0.00,NULL,0,0,0,NULL,4,NULL,'Cur:','','',8,14),(1975,'',686,31,71,479,0,'FF',9,0.00,NULL,0,0,0,NULL,1,NULL,'Avg:','','',8,15),(1976,'',687,31,71,479,0,'FF',9,0.00,NULL,0,0,0,NULL,3,NULL,'Max:','','on',8,16),(1977,'',688,31,71,481,447,'FF',8,0.00,NULL,0,0,0,NULL,1,NULL,'CPU Iowait','','',8,17),(1978,'',689,31,71,481,0,'FF',9,0.00,NULL,0,0,0,NULL,4,NULL,'Cur:','','',8,18),(1979,'',690,31,71,481,0,'FF',9,0.00,NULL,0,0,0,NULL,1,NULL,'Avg:','','',8,19),(1980,'',691,31,71,481,0,'FF',9,0.00,NULL,0,0,0,NULL,3,NULL,'Max:','','on',8,20),(1981,'',692,31,71,480,448,'FF',8,0.00,NULL,0,0,0,NULL,1,NULL,'CPU Irq','','',8,21),(1982,'',693,31,71,480,0,'FF',9,0.00,NULL,0,0,0,NULL,4,NULL,'Cur:','','',8,22),(1983,'',694,31,71,480,0,'FF',9,0.00,NULL,0,0,0,NULL,1,NULL,'Avg:','','',8,23),(1984,'',695,31,71,480,0,'FF',9,0.00,NULL,0,0,0,NULL,3,NULL,'Max:','','on',8,24),(1985,'',696,31,71,484,449,'FF',8,0.00,NULL,0,0,0,NULL,1,NULL,'CPU Softirq','','',8,25),(1986,'',697,31,71,484,0,'FF',9,0.00,NULL,0,0,0,NULL,4,NULL,'Cur:','','',8,26),(1987,'',698,31,71,484,0,'FF',9,0.00,NULL,0,0,0,NULL,1,NULL,'Avg:','','',8,27),(1988,'',699,31,71,484,0,'FF',9,0.00,NULL,0,0,0,NULL,3,NULL,'Max:','','on',8,28),(1989,'',700,31,71,478,450,'FF',8,0.00,NULL,0,0,0,NULL,1,NULL,'CPU Steal','','',8,29),(1990,'',701,31,71,478,0,'FF',9,0.00,NULL,0,0,0,NULL,4,NULL,'Cur:','','',8,30),(1991,'',702,31,71,478,0,'FF',9,0.00,NULL,0,0,0,NULL,1,NULL,'Avg:','','',8,31),(1992,'',703,31,71,478,0,'FF',9,0.00,NULL,0,0,0,NULL,3,NULL,'Max:','','on',8,32),(1993,'',704,31,71,483,451,'FF',8,0.00,NULL,0,0,0,NULL,1,NULL,'CPU Guest','','',8,33),(1994,'',705,31,71,483,0,'FF',9,0.00,NULL,0,0,0,NULL,4,NULL,'Cur:','','',8,34),(1995,'',706,31,71,483,0,'FF',9,0.00,NULL,0,0,0,NULL,1,NULL,'Avg:','','',8,35),(1996,'',707,31,71,483,0,'FF',9,0.00,NULL,0,0,0,NULL,3,NULL,'Max:','','on',8,36),(1997,'',708,32,72,486,452,'FF',7,0.00,NULL,0,0,0,NULL,1,NULL,'Loadavg','','',8,1),(1998,'',709,32,72,486,0,'FF',9,0.00,NULL,0,0,0,NULL,4,NULL,'Cur:','','',8,2),(1999,'',710,32,72,486,0,'FF',9,0.00,NULL,0,0,0,NULL,1,NULL,'Avg:','','',8,3),(2000,'',711,32,72,486,0,'FF',9,0.00,NULL,0,0,0,NULL,3,NULL,'Max:','','on',8,4),(2001,'',712,33,73,487,453,'FF',7,0.00,NULL,0,0,0,NULL,1,NULL,'Numusers','','',8,1),(2002,'',713,33,73,487,0,'FF',9,0.00,NULL,0,0,0,NULL,4,NULL,'Cur:','','',8,2),(2003,'',714,33,73,487,0,'FF',9,0.00,NULL,0,0,0,NULL,1,NULL,'Avg:','','',8,3),(2004,'',715,33,73,487,0,'FF',9,0.00,NULL,0,0,0,NULL,3,NULL,'Max:','','on',8,4),(2005,'',716,34,74,488,454,'FF',7,0.00,NULL,0,0,0,NULL,1,NULL,'Memused','','',8,1),(2006,'',717,34,74,488,0,'FF',9,0.00,NULL,0,0,0,NULL,4,NULL,'Cur:','','',8,2),(2007,'',718,34,74,488,0,'FF',9,0.00,NULL,0,0,0,NULL,1,NULL,'Avg:','','',8,3),(2008,'',719,34,74,488,0,'FF',9,0.00,NULL,0,0,0,NULL,3,NULL,'Max:','','on',8,4),(2009,'',720,34,74,490,455,'FF',8,0.00,NULL,0,0,0,NULL,1,NULL,'Memcached','','',8,5),(2010,'',721,34,74,490,0,'FF',9,0.00,NULL,0,0,0,NULL,4,NULL,'Cur:','','',8,6),(2011,'',722,34,74,490,0,'FF',9,0.00,NULL,0,0,0,NULL,1,NULL,'Avg:','','',8,7),(2012,'',723,34,74,490,0,'FF',9,0.00,NULL,0,0,0,NULL,3,NULL,'Max:','','on',8,8),(2013,'',724,34,74,489,456,'FF',8,0.00,NULL,0,0,0,NULL,1,NULL,'Membuffer','','',8,9),(2014,'',725,34,74,489,0,'FF',9,0.00,NULL,0,0,0,NULL,4,NULL,'Cur:','','',8,10),(2015,'',726,34,74,489,0,'FF',9,0.00,NULL,0,0,0,NULL,1,NULL,'Avg:','','',8,11),(2016,'',727,34,74,489,0,'FF',9,0.00,NULL,0,0,0,NULL,3,NULL,'Max:','','on',8,12),(2017,'',728,34,74,492,457,'FF',8,0.00,NULL,0,0,0,NULL,1,NULL,'Memshared','','',8,13),(2018,'',729,34,74,492,0,'FF',9,0.00,NULL,0,0,0,NULL,4,NULL,'Cur:','','',8,14),(2019,'',730,34,74,492,0,'FF',9,0.00,NULL,0,0,0,NULL,1,NULL,'Avg:','','',8,15),(2020,'',731,34,74,492,0,'FF',9,0.00,NULL,0,0,0,NULL,3,NULL,'Max:','','on',8,16),(2021,'',732,34,74,491,458,'FF',8,0.00,NULL,0,0,0,NULL,1,NULL,'Memfree','','',8,17),(2022,'',733,34,74,491,0,'FF',9,0.00,NULL,0,0,0,NULL,4,NULL,'Cur:','','',8,18),(2023,'',734,34,74,491,0,'FF',9,0.00,NULL,0,0,0,NULL,1,NULL,'Avg:','','',8,19),(2024,'',735,34,74,491,0,'FF',9,0.00,NULL,0,0,0,NULL,3,NULL,'Max:','','on',8,20),(2025,'',840,35,84,494,480,'FF',7,0.00,NULL,0,0,0,NULL,1,NULL,'Established','','',8,1),(2026,'',841,35,84,494,0,'FF',9,0.00,NULL,0,0,0,NULL,4,NULL,'Cur:','','',8,2),(2027,'',842,35,84,494,0,'FF',9,0.00,NULL,0,0,0,NULL,1,NULL,'Avg:','','',8,3),(2028,'',843,35,84,494,0,'FF',9,0.00,NULL,0,0,0,NULL,3,NULL,'Max:','','on',8,4),(2029,'',844,35,84,497,481,'FF',8,0.00,NULL,0,0,0,NULL,1,NULL,'Syn Sent','','',8,5),(2030,'',845,35,84,497,0,'FF',9,0.00,NULL,0,0,0,NULL,4,NULL,'Cur:','','',8,6),(2031,'',846,35,84,497,0,'FF',9,0.00,NULL,0,0,0,NULL,1,NULL,'Avg:','','',8,7),(2032,'',847,35,84,497,0,'FF',9,0.00,NULL,0,0,0,NULL,3,NULL,'Max:','','on',8,8),(2033,'',848,35,84,501,482,'FF',8,0.00,NULL,0,0,0,NULL,1,NULL,'Syn Recv','','',8,9),(2034,'',849,35,84,501,0,'FF',9,0.00,NULL,0,0,0,NULL,4,NULL,'Cur:','','',8,10),(2035,'',850,35,84,501,0,'FF',9,0.00,NULL,0,0,0,NULL,1,NULL,'Avg:','','',8,11),(2036,'',851,35,84,501,0,'FF',9,0.00,NULL,0,0,0,NULL,3,NULL,'Max:','','on',8,12),(2037,'',852,35,84,505,483,'FF',8,0.00,NULL,0,0,0,NULL,1,NULL,'Fin Wait1','','',8,13),(2038,'',853,35,84,505,0,'FF',9,0.00,NULL,0,0,0,NULL,4,NULL,'Cur:','','',8,14),(2039,'',854,35,84,505,0,'FF',9,0.00,NULL,0,0,0,NULL,1,NULL,'Avg:','','',8,15),(2040,'',855,35,84,505,0,'FF',9,0.00,NULL,0,0,0,NULL,3,NULL,'Max:','','on',8,16),(2041,'',856,35,84,496,484,'FF',8,0.00,NULL,0,0,0,NULL,1,NULL,'Fin Wait2','','',8,17),(2042,'',857,35,84,496,0,'FF',9,0.00,NULL,0,0,0,NULL,4,NULL,'Cur:','','',8,18),(2043,'',858,35,84,496,0,'FF',9,0.00,NULL,0,0,0,NULL,1,NULL,'Avg:','','',8,19),(2044,'',859,35,84,496,0,'FF',9,0.00,NULL,0,0,0,NULL,3,NULL,'Max:','','on',8,20),(2045,'',860,35,84,499,476,'FF',8,0.00,NULL,0,0,0,NULL,1,NULL,'Time Wait','','',8,21),(2046,'',861,35,84,499,0,'FF',9,0.00,NULL,0,0,0,NULL,4,NULL,'Cur:','','',8,22),(2047,'',862,35,84,499,0,'FF',9,0.00,NULL,0,0,0,NULL,1,NULL,'Avg:','','',8,23),(2048,'',863,35,84,499,0,'FF',9,0.00,NULL,0,0,0,NULL,3,NULL,'Max:','','on',8,24),(2049,'',864,35,84,495,475,'FF',8,0.00,NULL,0,0,0,NULL,1,NULL,'Close','','',8,25),(2050,'',865,35,84,495,0,'FF',9,0.00,NULL,0,0,0,NULL,4,NULL,'Cur:','','',8,26),(2051,'',866,35,84,495,0,'FF',9,0.00,NULL,0,0,0,NULL,1,NULL,'Avg:','','',8,27),(2052,'',867,35,84,495,0,'FF',9,0.00,NULL,0,0,0,NULL,3,NULL,'Max:','','on',8,28),(2053,'',868,35,84,504,474,'FF',8,0.00,NULL,0,0,0,NULL,1,NULL,'Close Wait','','',8,29),(2054,'',869,35,84,504,0,'FF',9,0.00,NULL,0,0,0,NULL,4,NULL,'Cur:','','',8,30),(2055,'',870,35,84,504,0,'FF',9,0.00,NULL,0,0,0,NULL,1,NULL,'Avg:','','',8,31),(2056,'',871,35,84,504,0,'FF',9,0.00,NULL,0,0,0,NULL,3,NULL,'Max:','','on',8,32),(2057,'',872,35,84,502,478,'FF',8,0.00,NULL,0,0,0,NULL,1,NULL,'Last Ack','','',8,33),(2058,'',873,35,84,502,0,'FF',9,0.00,NULL,0,0,0,NULL,4,NULL,'Cur:','','',8,34),(2059,'',874,35,84,502,0,'FF',9,0.00,NULL,0,0,0,NULL,1,NULL,'Avg:','','',8,35),(2060,'',875,35,84,502,0,'FF',9,0.00,NULL,0,0,0,NULL,3,NULL,'Max:','','on',8,36),(2061,'',876,35,84,498,485,'FF',8,0.00,NULL,0,0,0,NULL,1,NULL,'Listen','','',8,37),(2062,'',877,35,84,498,0,'FF',9,0.00,NULL,0,0,0,NULL,4,NULL,'Cur:','','',8,38),(2063,'',878,35,84,498,0,'FF',9,0.00,NULL,0,0,0,NULL,1,NULL,'Avg:','','',8,39),(2064,'',879,35,84,498,0,'FF',9,0.00,NULL,0,0,0,NULL,3,NULL,'Max:','','on',8,40),(2065,'',880,35,84,500,486,'FF',8,0.00,NULL,0,0,0,NULL,1,NULL,'Closing','','',8,41),(2066,'',881,35,84,500,0,'FF',9,0.00,NULL,0,0,0,NULL,4,NULL,'Cur:','','',8,42),(2067,'',882,35,84,500,0,'FF',9,0.00,NULL,0,0,0,NULL,1,NULL,'Avg:','','',8,43),(2068,'',883,35,84,500,0,'FF',9,0.00,NULL,0,0,0,NULL,3,NULL,'Max:','','on',8,44),(2069,'',884,35,84,503,487,'FF',8,0.00,NULL,0,0,0,NULL,1,NULL,'Unknown','','',8,45),(2070,'',885,35,84,503,0,'FF',9,0.00,NULL,0,0,0,NULL,4,NULL,'Cur:','','',8,46),(2071,'',886,35,84,503,0,'FF',9,0.00,NULL,0,0,0,NULL,1,NULL,'Avg:','','',8,47),(2072,'',887,35,84,503,0,'FF',9,0.00,NULL,0,0,0,NULL,3,NULL,'Max:','','on',8,48),(2081,'',788,37,81,508,472,'FF',7,0.00,NULL,0,0,0,NULL,1,NULL,'Used','','',8,1),(2082,'',789,37,81,508,0,'FF',9,0.00,NULL,0,0,0,NULL,4,NULL,'Cur:','','',8,2),(2083,'',790,37,81,508,0,'FF',9,0.00,NULL,0,0,0,NULL,1,NULL,'Avg:','','',8,3),(2084,'',791,37,81,508,0,'FF',9,0.00,NULL,0,0,0,NULL,3,NULL,'Max:','','on',8,4),(2085,'',792,37,81,509,473,'FF',8,0.00,NULL,0,0,0,NULL,1,NULL,'Available','','',8,5),(2086,'',793,37,81,509,0,'FF',9,0.00,NULL,0,0,0,NULL,4,NULL,'Cur:','','',8,6),(2087,'',794,37,81,509,0,'FF',9,0.00,NULL,0,0,0,NULL,1,NULL,'Avg:','','',8,7),(2088,'',795,37,81,509,0,'FF',9,0.00,NULL,0,0,0,NULL,3,NULL,'Max:','','on',8,8),(2125,'',796,39,82,520,22,'FF',7,0.00,NULL,0,20,0,NULL,1,NULL,'Inbound','','',8,1),(2126,'',797,39,82,520,0,'FF',9,0.00,NULL,0,20,0,NULL,4,NULL,'Cur:','','',8,2),(2127,'',798,39,82,520,0,'FF',9,0.00,NULL,0,20,0,NULL,1,NULL,'Avg:','','',8,3),(2128,'',799,39,82,520,0,'FF',9,0.00,NULL,0,20,0,NULL,3,NULL,'Max:','','on',8,4),(2129,'',800,39,82,519,20,'FF',4,0.00,NULL,0,20,0,NULL,1,NULL,'Outbound','','',8,5),(2130,'',801,39,82,519,0,'FF',9,0.00,NULL,0,20,0,NULL,4,NULL,'Cur:','','',8,6),(2131,'',802,39,82,519,0,'FF',9,0.00,NULL,0,20,0,NULL,1,NULL,'Avg:','','',8,7),(2132,'',803,39,82,519,0,'FF',9,0.00,NULL,0,20,0,NULL,3,NULL,'Max:','','on',8,8),(2155,'',668,43,70,525,442,'FF',7,0.00,NULL,0,0,0,NULL,1,NULL,'Forks','','',8,1),(2156,'',669,43,70,525,0,'FF',9,0.00,NULL,0,0,0,NULL,4,NULL,'Cur:','','',8,2),(2157,'',670,43,70,525,0,'FF',9,0.00,NULL,0,0,0,NULL,1,NULL,'Avg:','','',8,3),(2158,'',671,43,70,525,0,'FF',9,0.00,NULL,0,0,0,NULL,3,NULL,'Max:','','on',8,4),(2159,'',672,44,71,534,443,'FF',7,0.00,NULL,0,0,0,NULL,1,NULL,'CPU User','','',8,1),(2160,'',673,44,71,534,0,'FF',9,0.00,NULL,0,0,0,NULL,4,NULL,'Cur:','','',8,2),(2161,'',674,44,71,534,0,'FF',9,0.00,NULL,0,0,0,NULL,1,NULL,'Avg:','','',8,3),(2162,'',675,44,71,534,0,'FF',9,0.00,NULL,0,0,0,NULL,3,NULL,'Max:','','on',8,4),(2163,'',676,44,71,526,444,'FF',8,0.00,NULL,0,0,0,NULL,1,NULL,'CPU Nice','','',8,5),(2164,'',677,44,71,526,0,'FF',9,0.00,NULL,0,0,0,NULL,4,NULL,'Cur:','','',8,6),(2165,'',678,44,71,526,0,'FF',9,0.00,NULL,0,0,0,NULL,1,NULL,'Avg:','','',8,7),(2166,'',679,44,71,526,0,'FF',9,0.00,NULL,0,0,0,NULL,3,NULL,'Max:','','on',8,8),(2167,'',680,44,71,531,445,'FF',8,0.00,NULL,0,0,0,NULL,1,NULL,'CPU System','','',8,9),(2168,'',681,44,71,531,0,'FF',9,0.00,NULL,0,0,0,NULL,4,NULL,'Cur:','','',8,10),(2169,'',682,44,71,531,0,'FF',9,0.00,NULL,0,0,0,NULL,1,NULL,'Avg:','','',8,11),(2170,'',683,44,71,531,0,'FF',9,0.00,NULL,0,0,0,NULL,3,NULL,'Max:','','on',8,12),(2171,'',684,44,71,528,446,'FF',8,0.00,NULL,0,0,0,NULL,1,NULL,'CPU Idle','','',8,13),(2172,'',685,44,71,528,0,'FF',9,0.00,NULL,0,0,0,NULL,4,NULL,'Cur:','','',8,14),(2173,'',686,44,71,528,0,'FF',9,0.00,NULL,0,0,0,NULL,1,NULL,'Avg:','','',8,15),(2174,'',687,44,71,528,0,'FF',9,0.00,NULL,0,0,0,NULL,3,NULL,'Max:','','on',8,16),(2175,'',688,44,71,530,447,'FF',8,0.00,NULL,0,0,0,NULL,1,NULL,'CPU Iowait','','',8,17),(2176,'',689,44,71,530,0,'FF',9,0.00,NULL,0,0,0,NULL,4,NULL,'Cur:','','',8,18),(2177,'',690,44,71,530,0,'FF',9,0.00,NULL,0,0,0,NULL,1,NULL,'Avg:','','',8,19),(2178,'',691,44,71,530,0,'FF',9,0.00,NULL,0,0,0,NULL,3,NULL,'Max:','','on',8,20),(2179,'',692,44,71,529,448,'FF',8,0.00,NULL,0,0,0,NULL,1,NULL,'CPU Irq','','',8,21),(2180,'',693,44,71,529,0,'FF',9,0.00,NULL,0,0,0,NULL,4,NULL,'Cur:','','',8,22),(2181,'',694,44,71,529,0,'FF',9,0.00,NULL,0,0,0,NULL,1,NULL,'Avg:','','',8,23),(2182,'',695,44,71,529,0,'FF',9,0.00,NULL,0,0,0,NULL,3,NULL,'Max:','','on',8,24),(2183,'',696,44,71,533,449,'FF',8,0.00,NULL,0,0,0,NULL,1,NULL,'CPU Softirq','','',8,25),(2184,'',697,44,71,533,0,'FF',9,0.00,NULL,0,0,0,NULL,4,NULL,'Cur:','','',8,26),(2185,'',698,44,71,533,0,'FF',9,0.00,NULL,0,0,0,NULL,1,NULL,'Avg:','','',8,27),(2186,'',699,44,71,533,0,'FF',9,0.00,NULL,0,0,0,NULL,3,NULL,'Max:','','on',8,28),(2187,'',700,44,71,527,450,'FF',8,0.00,NULL,0,0,0,NULL,1,NULL,'CPU Steal','','',8,29),(2188,'',701,44,71,527,0,'FF',9,0.00,NULL,0,0,0,NULL,4,NULL,'Cur:','','',8,30),(2189,'',702,44,71,527,0,'FF',9,0.00,NULL,0,0,0,NULL,1,NULL,'Avg:','','',8,31),(2190,'',703,44,71,527,0,'FF',9,0.00,NULL,0,0,0,NULL,3,NULL,'Max:','','on',8,32),(2191,'',704,44,71,532,451,'FF',8,0.00,NULL,0,0,0,NULL,1,NULL,'CPU Guest','','',8,33),(2192,'',705,44,71,532,0,'FF',9,0.00,NULL,0,0,0,NULL,4,NULL,'Cur:','','',8,34),(2193,'',706,44,71,532,0,'FF',9,0.00,NULL,0,0,0,NULL,1,NULL,'Avg:','','',8,35),(2194,'',707,44,71,532,0,'FF',9,0.00,NULL,0,0,0,NULL,3,NULL,'Max:','','on',8,36),(2195,'',708,45,72,535,452,'FF',7,0.00,NULL,0,0,0,NULL,1,NULL,'Loadavg','','',8,1),(2196,'',709,45,72,535,0,'FF',9,0.00,NULL,0,0,0,NULL,4,NULL,'Cur:','','',8,2),(2197,'',710,45,72,535,0,'FF',9,0.00,NULL,0,0,0,NULL,1,NULL,'Avg:','','',8,3),(2198,'',711,45,72,535,0,'FF',9,0.00,NULL,0,0,0,NULL,3,NULL,'Max:','','on',8,4),(2199,'',712,46,73,536,453,'FF',7,0.00,NULL,0,0,0,NULL,1,NULL,'Numusers','','',8,1),(2200,'',713,46,73,536,0,'FF',9,0.00,NULL,0,0,0,NULL,4,NULL,'Cur:','','',8,2),(2201,'',714,46,73,536,0,'FF',9,0.00,NULL,0,0,0,NULL,1,NULL,'Avg:','','',8,3),(2202,'',715,46,73,536,0,'FF',9,0.00,NULL,0,0,0,NULL,3,NULL,'Max:','','on',8,4),(2203,'',716,47,74,537,454,'FF',7,0.00,NULL,0,0,0,NULL,1,NULL,'Memused','','',8,1),(2204,'',717,47,74,537,0,'FF',9,0.00,NULL,0,0,0,NULL,4,NULL,'Cur:','','',8,2),(2205,'',718,47,74,537,0,'FF',9,0.00,NULL,0,0,0,NULL,1,NULL,'Avg:','','',8,3),(2206,'',719,47,74,537,0,'FF',9,0.00,NULL,0,0,0,NULL,3,NULL,'Max:','','on',8,4),(2207,'',720,47,74,539,455,'FF',8,0.00,NULL,0,0,0,NULL,1,NULL,'Memcached','','',8,5),(2208,'',721,47,74,539,0,'FF',9,0.00,NULL,0,0,0,NULL,4,NULL,'Cur:','','',8,6),(2209,'',722,47,74,539,0,'FF',9,0.00,NULL,0,0,0,NULL,1,NULL,'Avg:','','',8,7),(2210,'',723,47,74,539,0,'FF',9,0.00,NULL,0,0,0,NULL,3,NULL,'Max:','','on',8,8),(2211,'',724,47,74,538,456,'FF',8,0.00,NULL,0,0,0,NULL,1,NULL,'Membuffer','','',8,9),(2212,'',725,47,74,538,0,'FF',9,0.00,NULL,0,0,0,NULL,4,NULL,'Cur:','','',8,10),(2213,'',726,47,74,538,0,'FF',9,0.00,NULL,0,0,0,NULL,1,NULL,'Avg:','','',8,11),(2214,'',727,47,74,538,0,'FF',9,0.00,NULL,0,0,0,NULL,3,NULL,'Max:','','on',8,12),(2215,'',728,47,74,541,457,'FF',8,0.00,NULL,0,0,0,NULL,1,NULL,'Memshared','','',8,13),(2216,'',729,47,74,541,0,'FF',9,0.00,NULL,0,0,0,NULL,4,NULL,'Cur:','','',8,14),(2217,'',730,47,74,541,0,'FF',9,0.00,NULL,0,0,0,NULL,1,NULL,'Avg:','','',8,15),(2218,'',731,47,74,541,0,'FF',9,0.00,NULL,0,0,0,NULL,3,NULL,'Max:','','on',8,16),(2219,'',732,47,74,540,458,'FF',8,0.00,NULL,0,0,0,NULL,1,NULL,'Memfree','','',8,17),(2220,'',733,47,74,540,0,'FF',9,0.00,NULL,0,0,0,NULL,4,NULL,'Cur:','','',8,18),(2221,'',734,47,74,540,0,'FF',9,0.00,NULL,0,0,0,NULL,1,NULL,'Avg:','','',8,19),(2222,'',735,47,74,540,0,'FF',9,0.00,NULL,0,0,0,NULL,3,NULL,'Max:','','on',8,20),(2223,'',840,48,84,543,480,'FF',7,0.00,NULL,0,0,0,NULL,1,NULL,'Established','','',8,1),(2224,'',841,48,84,543,0,'FF',9,0.00,NULL,0,0,0,NULL,4,NULL,'Cur:','','',8,2),(2225,'',842,48,84,543,0,'FF',9,0.00,NULL,0,0,0,NULL,1,NULL,'Avg:','','',8,3),(2226,'',843,48,84,543,0,'FF',9,0.00,NULL,0,0,0,NULL,3,NULL,'Max:','','on',8,4),(2227,'',844,48,84,546,481,'FF',8,0.00,NULL,0,0,0,NULL,1,NULL,'Syn Sent','','',8,5),(2228,'',845,48,84,546,0,'FF',9,0.00,NULL,0,0,0,NULL,4,NULL,'Cur:','','',8,6),(2229,'',846,48,84,546,0,'FF',9,0.00,NULL,0,0,0,NULL,1,NULL,'Avg:','','',8,7),(2230,'',847,48,84,546,0,'FF',9,0.00,NULL,0,0,0,NULL,3,NULL,'Max:','','on',8,8),(2231,'',848,48,84,550,482,'FF',8,0.00,NULL,0,0,0,NULL,1,NULL,'Syn Recv','','',8,9),(2232,'',849,48,84,550,0,'FF',9,0.00,NULL,0,0,0,NULL,4,NULL,'Cur:','','',8,10),(2233,'',850,48,84,550,0,'FF',9,0.00,NULL,0,0,0,NULL,1,NULL,'Avg:','','',8,11),(2234,'',851,48,84,550,0,'FF',9,0.00,NULL,0,0,0,NULL,3,NULL,'Max:','','on',8,12),(2235,'',852,48,84,554,483,'FF',8,0.00,NULL,0,0,0,NULL,1,NULL,'Fin Wait1','','',8,13),(2236,'',853,48,84,554,0,'FF',9,0.00,NULL,0,0,0,NULL,4,NULL,'Cur:','','',8,14),(2237,'',854,48,84,554,0,'FF',9,0.00,NULL,0,0,0,NULL,1,NULL,'Avg:','','',8,15),(2238,'',855,48,84,554,0,'FF',9,0.00,NULL,0,0,0,NULL,3,NULL,'Max:','','on',8,16),(2239,'',856,48,84,545,484,'FF',8,0.00,NULL,0,0,0,NULL,1,NULL,'Fin Wait2','','',8,17),(2240,'',857,48,84,545,0,'FF',9,0.00,NULL,0,0,0,NULL,4,NULL,'Cur:','','',8,18),(2241,'',858,48,84,545,0,'FF',9,0.00,NULL,0,0,0,NULL,1,NULL,'Avg:','','',8,19),(2242,'',859,48,84,545,0,'FF',9,0.00,NULL,0,0,0,NULL,3,NULL,'Max:','','on',8,20),(2243,'',860,48,84,548,476,'FF',8,0.00,NULL,0,0,0,NULL,1,NULL,'Time Wait','','',8,21),(2244,'',861,48,84,548,0,'FF',9,0.00,NULL,0,0,0,NULL,4,NULL,'Cur:','','',8,22),(2245,'',862,48,84,548,0,'FF',9,0.00,NULL,0,0,0,NULL,1,NULL,'Avg:','','',8,23),(2246,'',863,48,84,548,0,'FF',9,0.00,NULL,0,0,0,NULL,3,NULL,'Max:','','on',8,24),(2247,'',864,48,84,544,475,'FF',8,0.00,NULL,0,0,0,NULL,1,NULL,'Close','','',8,25),(2248,'',865,48,84,544,0,'FF',9,0.00,NULL,0,0,0,NULL,4,NULL,'Cur:','','',8,26),(2249,'',866,48,84,544,0,'FF',9,0.00,NULL,0,0,0,NULL,1,NULL,'Avg:','','',8,27),(2250,'',867,48,84,544,0,'FF',9,0.00,NULL,0,0,0,NULL,3,NULL,'Max:','','on',8,28),(2251,'',868,48,84,553,474,'FF',8,0.00,NULL,0,0,0,NULL,1,NULL,'Close Wait','','',8,29),(2252,'',869,48,84,553,0,'FF',9,0.00,NULL,0,0,0,NULL,4,NULL,'Cur:','','',8,30),(2253,'',870,48,84,553,0,'FF',9,0.00,NULL,0,0,0,NULL,1,NULL,'Avg:','','',8,31),(2254,'',871,48,84,553,0,'FF',9,0.00,NULL,0,0,0,NULL,3,NULL,'Max:','','on',8,32),(2255,'',872,48,84,551,478,'FF',8,0.00,NULL,0,0,0,NULL,1,NULL,'Last Ack','','',8,33),(2256,'',873,48,84,551,0,'FF',9,0.00,NULL,0,0,0,NULL,4,NULL,'Cur:','','',8,34),(2257,'',874,48,84,551,0,'FF',9,0.00,NULL,0,0,0,NULL,1,NULL,'Avg:','','',8,35),(2258,'',875,48,84,551,0,'FF',9,0.00,NULL,0,0,0,NULL,3,NULL,'Max:','','on',8,36),(2259,'',876,48,84,547,485,'FF',8,0.00,NULL,0,0,0,NULL,1,NULL,'Listen','','',8,37),(2260,'',877,48,84,547,0,'FF',9,0.00,NULL,0,0,0,NULL,4,NULL,'Cur:','','',8,38),(2261,'',878,48,84,547,0,'FF',9,0.00,NULL,0,0,0,NULL,1,NULL,'Avg:','','',8,39),(2262,'',879,48,84,547,0,'FF',9,0.00,NULL,0,0,0,NULL,3,NULL,'Max:','','on',8,40),(2263,'',880,48,84,549,486,'FF',8,0.00,NULL,0,0,0,NULL,1,NULL,'Closing','','',8,41),(2264,'',881,48,84,549,0,'FF',9,0.00,NULL,0,0,0,NULL,4,NULL,'Cur:','','',8,42),(2265,'',882,48,84,549,0,'FF',9,0.00,NULL,0,0,0,NULL,1,NULL,'Avg:','','',8,43),(2266,'',883,48,84,549,0,'FF',9,0.00,NULL,0,0,0,NULL,3,NULL,'Max:','','on',8,44),(2267,'',884,48,84,552,487,'FF',8,0.00,NULL,0,0,0,NULL,1,NULL,'Unknown','','',8,45),(2268,'',885,48,84,552,0,'FF',9,0.00,NULL,0,0,0,NULL,4,NULL,'Cur:','','',8,46),(2269,'',886,48,84,552,0,'FF',9,0.00,NULL,0,0,0,NULL,1,NULL,'Avg:','','',8,47),(2270,'',887,48,84,552,0,'FF',9,0.00,NULL,0,0,0,NULL,3,NULL,'Max:','','on',8,48),(2279,'',788,50,81,557,472,'FF',7,0.00,NULL,0,0,0,NULL,1,NULL,'Used','','',8,1),(2280,'',789,50,81,557,0,'FF',9,0.00,NULL,0,0,0,NULL,4,NULL,'Cur:','','',8,2),(2281,'',790,50,81,557,0,'FF',9,0.00,NULL,0,0,0,NULL,1,NULL,'Avg:','','',8,3),(2282,'',791,50,81,557,0,'FF',9,0.00,NULL,0,0,0,NULL,3,NULL,'Max:','','on',8,4),(2283,'',792,50,81,558,473,'FF',8,0.00,NULL,0,0,0,NULL,1,NULL,'Available','','',8,5),(2284,'',793,50,81,558,0,'FF',9,0.00,NULL,0,0,0,NULL,4,NULL,'Cur:','','',8,6),(2285,'',794,50,81,558,0,'FF',9,0.00,NULL,0,0,0,NULL,1,NULL,'Avg:','','',8,7),(2286,'',795,50,81,558,0,'FF',9,0.00,NULL,0,0,0,NULL,3,NULL,'Max:','','on',8,8),(2287,'',796,51,82,560,22,'FF',7,0.00,NULL,0,20,0,NULL,1,NULL,'Inbound','','',8,1),(2288,'',797,51,82,560,0,'FF',9,0.00,NULL,0,20,0,NULL,4,NULL,'Cur:','','',8,2),(2289,'',798,51,82,560,0,'FF',9,0.00,NULL,0,20,0,NULL,1,NULL,'Avg:','','',8,3),(2290,'',799,51,82,560,0,'FF',9,0.00,NULL,0,20,0,NULL,3,NULL,'Max:','','on',8,4),(2291,'',800,51,82,559,20,'FF',4,0.00,NULL,0,20,0,NULL,1,NULL,'Outbound','','',8,5),(2292,'',801,51,82,559,0,'FF',9,0.00,NULL,0,20,0,NULL,4,NULL,'Cur:','','',8,6),(2293,'',802,51,82,559,0,'FF',9,0.00,NULL,0,20,0,NULL,1,NULL,'Avg:','','',8,7),(2294,'',803,51,82,559,0,'FF',9,0.00,NULL,0,20,0,NULL,3,NULL,'Max:','','on',8,8),(2303,'',668,54,70,563,442,'FF',7,0.00,NULL,0,0,0,NULL,1,NULL,'Forks','','',8,1),(2304,'',669,54,70,563,0,'FF',9,0.00,NULL,0,0,0,NULL,4,NULL,'Cur:','','',8,2),(2305,'',670,54,70,563,0,'FF',9,0.00,NULL,0,0,0,NULL,1,NULL,'Avg:','','',8,3),(2306,'',671,54,70,563,0,'FF',9,0.00,NULL,0,0,0,NULL,3,NULL,'Max:','','on',8,4),(2307,'',672,55,71,572,443,'FF',7,0.00,NULL,0,0,0,NULL,1,NULL,'CPU User','','',8,1),(2308,'',673,55,71,572,0,'FF',9,0.00,NULL,0,0,0,NULL,4,NULL,'Cur:','','',8,2),(2309,'',674,55,71,572,0,'FF',9,0.00,NULL,0,0,0,NULL,1,NULL,'Avg:','','',8,3),(2310,'',675,55,71,572,0,'FF',9,0.00,NULL,0,0,0,NULL,3,NULL,'Max:','','on',8,4),(2311,'',676,55,71,564,444,'FF',8,0.00,NULL,0,0,0,NULL,1,NULL,'CPU Nice','','',8,5),(2312,'',677,55,71,564,0,'FF',9,0.00,NULL,0,0,0,NULL,4,NULL,'Cur:','','',8,6),(2313,'',678,55,71,564,0,'FF',9,0.00,NULL,0,0,0,NULL,1,NULL,'Avg:','','',8,7),(2314,'',679,55,71,564,0,'FF',9,0.00,NULL,0,0,0,NULL,3,NULL,'Max:','','on',8,8),(2315,'',680,55,71,569,445,'FF',8,0.00,NULL,0,0,0,NULL,1,NULL,'CPU System','','',8,9),(2316,'',681,55,71,569,0,'FF',9,0.00,NULL,0,0,0,NULL,4,NULL,'Cur:','','',8,10),(2317,'',682,55,71,569,0,'FF',9,0.00,NULL,0,0,0,NULL,1,NULL,'Avg:','','',8,11),(2318,'',683,55,71,569,0,'FF',9,0.00,NULL,0,0,0,NULL,3,NULL,'Max:','','on',8,12),(2319,'',684,55,71,566,446,'FF',8,0.00,NULL,0,0,0,NULL,1,NULL,'CPU Idle','','',8,13),(2320,'',685,55,71,566,0,'FF',9,0.00,NULL,0,0,0,NULL,4,NULL,'Cur:','','',8,14),(2321,'',686,55,71,566,0,'FF',9,0.00,NULL,0,0,0,NULL,1,NULL,'Avg:','','',8,15),(2322,'',687,55,71,566,0,'FF',9,0.00,NULL,0,0,0,NULL,3,NULL,'Max:','','on',8,16),(2323,'',688,55,71,568,447,'FF',8,0.00,NULL,0,0,0,NULL,1,NULL,'CPU Iowait','','',8,17),(2324,'',689,55,71,568,0,'FF',9,0.00,NULL,0,0,0,NULL,4,NULL,'Cur:','','',8,18),(2325,'',690,55,71,568,0,'FF',9,0.00,NULL,0,0,0,NULL,1,NULL,'Avg:','','',8,19),(2326,'',691,55,71,568,0,'FF',9,0.00,NULL,0,0,0,NULL,3,NULL,'Max:','','on',8,20),(2327,'',692,55,71,567,448,'FF',8,0.00,NULL,0,0,0,NULL,1,NULL,'CPU Irq','','',8,21),(2328,'',693,55,71,567,0,'FF',9,0.00,NULL,0,0,0,NULL,4,NULL,'Cur:','','',8,22),(2329,'',694,55,71,567,0,'FF',9,0.00,NULL,0,0,0,NULL,1,NULL,'Avg:','','',8,23),(2330,'',695,55,71,567,0,'FF',9,0.00,NULL,0,0,0,NULL,3,NULL,'Max:','','on',8,24),(2331,'',696,55,71,571,449,'FF',8,0.00,NULL,0,0,0,NULL,1,NULL,'CPU Softirq','','',8,25),(2332,'',697,55,71,571,0,'FF',9,0.00,NULL,0,0,0,NULL,4,NULL,'Cur:','','',8,26),(2333,'',698,55,71,571,0,'FF',9,0.00,NULL,0,0,0,NULL,1,NULL,'Avg:','','',8,27),(2334,'',699,55,71,571,0,'FF',9,0.00,NULL,0,0,0,NULL,3,NULL,'Max:','','on',8,28),(2335,'',700,55,71,565,450,'FF',8,0.00,NULL,0,0,0,NULL,1,NULL,'CPU Steal','','',8,29),(2336,'',701,55,71,565,0,'FF',9,0.00,NULL,0,0,0,NULL,4,NULL,'Cur:','','',8,30),(2337,'',702,55,71,565,0,'FF',9,0.00,NULL,0,0,0,NULL,1,NULL,'Avg:','','',8,31),(2338,'',703,55,71,565,0,'FF',9,0.00,NULL,0,0,0,NULL,3,NULL,'Max:','','on',8,32),(2339,'',704,55,71,570,451,'FF',8,0.00,NULL,0,0,0,NULL,1,NULL,'CPU Guest','','',8,33),(2340,'',705,55,71,570,0,'FF',9,0.00,NULL,0,0,0,NULL,4,NULL,'Cur:','','',8,34),(2341,'',706,55,71,570,0,'FF',9,0.00,NULL,0,0,0,NULL,1,NULL,'Avg:','','',8,35),(2342,'',707,55,71,570,0,'FF',9,0.00,NULL,0,0,0,NULL,3,NULL,'Max:','','on',8,36),(2343,'',708,56,72,573,452,'FF',7,0.00,NULL,0,0,0,NULL,1,NULL,'Loadavg','','',8,1),(2344,'',709,56,72,573,0,'FF',9,0.00,NULL,0,0,0,NULL,4,NULL,'Cur:','','',8,2),(2345,'',710,56,72,573,0,'FF',9,0.00,NULL,0,0,0,NULL,1,NULL,'Avg:','','',8,3),(2346,'',711,56,72,573,0,'FF',9,0.00,NULL,0,0,0,NULL,3,NULL,'Max:','','on',8,4),(2347,'',712,57,73,574,453,'FF',7,0.00,NULL,0,0,0,NULL,1,NULL,'Numusers','','',8,1),(2348,'',713,57,73,574,0,'FF',9,0.00,NULL,0,0,0,NULL,4,NULL,'Cur:','','',8,2),(2349,'',714,57,73,574,0,'FF',9,0.00,NULL,0,0,0,NULL,1,NULL,'Avg:','','',8,3),(2350,'',715,57,73,574,0,'FF',9,0.00,NULL,0,0,0,NULL,3,NULL,'Max:','','on',8,4),(2351,'',716,58,74,575,454,'FF',7,0.00,NULL,0,0,0,NULL,1,NULL,'Memused','','',8,1),(2352,'',717,58,74,575,0,'FF',9,0.00,NULL,0,0,0,NULL,4,NULL,'Cur:','','',8,2),(2353,'',718,58,74,575,0,'FF',9,0.00,NULL,0,0,0,NULL,1,NULL,'Avg:','','',8,3),(2354,'',719,58,74,575,0,'FF',9,0.00,NULL,0,0,0,NULL,3,NULL,'Max:','','on',8,4),(2355,'',720,58,74,577,455,'FF',8,0.00,NULL,0,0,0,NULL,1,NULL,'Memcached','','',8,5),(2356,'',721,58,74,577,0,'FF',9,0.00,NULL,0,0,0,NULL,4,NULL,'Cur:','','',8,6),(2357,'',722,58,74,577,0,'FF',9,0.00,NULL,0,0,0,NULL,1,NULL,'Avg:','','',8,7),(2358,'',723,58,74,577,0,'FF',9,0.00,NULL,0,0,0,NULL,3,NULL,'Max:','','on',8,8),(2359,'',724,58,74,576,456,'FF',8,0.00,NULL,0,0,0,NULL,1,NULL,'Membuffer','','',8,9),(2360,'',725,58,74,576,0,'FF',9,0.00,NULL,0,0,0,NULL,4,NULL,'Cur:','','',8,10),(2361,'',726,58,74,576,0,'FF',9,0.00,NULL,0,0,0,NULL,1,NULL,'Avg:','','',8,11),(2362,'',727,58,74,576,0,'FF',9,0.00,NULL,0,0,0,NULL,3,NULL,'Max:','','on',8,12),(2363,'',728,58,74,579,457,'FF',8,0.00,NULL,0,0,0,NULL,1,NULL,'Memshared','','',8,13),(2364,'',729,58,74,579,0,'FF',9,0.00,NULL,0,0,0,NULL,4,NULL,'Cur:','','',8,14),(2365,'',730,58,74,579,0,'FF',9,0.00,NULL,0,0,0,NULL,1,NULL,'Avg:','','',8,15),(2366,'',731,58,74,579,0,'FF',9,0.00,NULL,0,0,0,NULL,3,NULL,'Max:','','on',8,16),(2367,'',732,58,74,578,458,'FF',8,0.00,NULL,0,0,0,NULL,1,NULL,'Memfree','','',8,17),(2368,'',733,58,74,578,0,'FF',9,0.00,NULL,0,0,0,NULL,4,NULL,'Cur:','','',8,18),(2369,'',734,58,74,578,0,'FF',9,0.00,NULL,0,0,0,NULL,1,NULL,'Avg:','','',8,19),(2370,'',735,58,74,578,0,'FF',9,0.00,NULL,0,0,0,NULL,3,NULL,'Max:','','on',8,20),(2371,'',840,59,84,581,480,'FF',7,0.00,NULL,0,0,0,NULL,1,NULL,'Established','','',8,1),(2372,'',841,59,84,581,0,'FF',9,0.00,NULL,0,0,0,NULL,4,NULL,'Cur:','','',8,2),(2373,'',842,59,84,581,0,'FF',9,0.00,NULL,0,0,0,NULL,1,NULL,'Avg:','','',8,3),(2374,'',843,59,84,581,0,'FF',9,0.00,NULL,0,0,0,NULL,3,NULL,'Max:','','on',8,4),(2375,'',844,59,84,584,481,'FF',8,0.00,NULL,0,0,0,NULL,1,NULL,'Syn Sent','','',8,5),(2376,'',845,59,84,584,0,'FF',9,0.00,NULL,0,0,0,NULL,4,NULL,'Cur:','','',8,6),(2377,'',846,59,84,584,0,'FF',9,0.00,NULL,0,0,0,NULL,1,NULL,'Avg:','','',8,7),(2378,'',847,59,84,584,0,'FF',9,0.00,NULL,0,0,0,NULL,3,NULL,'Max:','','on',8,8),(2379,'',848,59,84,588,482,'FF',8,0.00,NULL,0,0,0,NULL,1,NULL,'Syn Recv','','',8,9),(2380,'',849,59,84,588,0,'FF',9,0.00,NULL,0,0,0,NULL,4,NULL,'Cur:','','',8,10),(2381,'',850,59,84,588,0,'FF',9,0.00,NULL,0,0,0,NULL,1,NULL,'Avg:','','',8,11),(2382,'',851,59,84,588,0,'FF',9,0.00,NULL,0,0,0,NULL,3,NULL,'Max:','','on',8,12),(2383,'',852,59,84,592,483,'FF',8,0.00,NULL,0,0,0,NULL,1,NULL,'Fin Wait1','','',8,13),(2384,'',853,59,84,592,0,'FF',9,0.00,NULL,0,0,0,NULL,4,NULL,'Cur:','','',8,14),(2385,'',854,59,84,592,0,'FF',9,0.00,NULL,0,0,0,NULL,1,NULL,'Avg:','','',8,15),(2386,'',855,59,84,592,0,'FF',9,0.00,NULL,0,0,0,NULL,3,NULL,'Max:','','on',8,16),(2387,'',856,59,84,583,484,'FF',8,0.00,NULL,0,0,0,NULL,1,NULL,'Fin Wait2','','',8,17),(2388,'',857,59,84,583,0,'FF',9,0.00,NULL,0,0,0,NULL,4,NULL,'Cur:','','',8,18),(2389,'',858,59,84,583,0,'FF',9,0.00,NULL,0,0,0,NULL,1,NULL,'Avg:','','',8,19),(2390,'',859,59,84,583,0,'FF',9,0.00,NULL,0,0,0,NULL,3,NULL,'Max:','','on',8,20),(2391,'',860,59,84,586,476,'FF',8,0.00,NULL,0,0,0,NULL,1,NULL,'Time Wait','','',8,21),(2392,'',861,59,84,586,0,'FF',9,0.00,NULL,0,0,0,NULL,4,NULL,'Cur:','','',8,22),(2393,'',862,59,84,586,0,'FF',9,0.00,NULL,0,0,0,NULL,1,NULL,'Avg:','','',8,23),(2394,'',863,59,84,586,0,'FF',9,0.00,NULL,0,0,0,NULL,3,NULL,'Max:','','on',8,24),(2395,'',864,59,84,582,475,'FF',8,0.00,NULL,0,0,0,NULL,1,NULL,'Close','','',8,25),(2396,'',865,59,84,582,0,'FF',9,0.00,NULL,0,0,0,NULL,4,NULL,'Cur:','','',8,26),(2397,'',866,59,84,582,0,'FF',9,0.00,NULL,0,0,0,NULL,1,NULL,'Avg:','','',8,27),(2398,'',867,59,84,582,0,'FF',9,0.00,NULL,0,0,0,NULL,3,NULL,'Max:','','on',8,28),(2399,'',868,59,84,591,474,'FF',8,0.00,NULL,0,0,0,NULL,1,NULL,'Close Wait','','',8,29),(2400,'',869,59,84,591,0,'FF',9,0.00,NULL,0,0,0,NULL,4,NULL,'Cur:','','',8,30),(2401,'',870,59,84,591,0,'FF',9,0.00,NULL,0,0,0,NULL,1,NULL,'Avg:','','',8,31),(2402,'',871,59,84,591,0,'FF',9,0.00,NULL,0,0,0,NULL,3,NULL,'Max:','','on',8,32),(2403,'',872,59,84,589,478,'FF',8,0.00,NULL,0,0,0,NULL,1,NULL,'Last Ack','','',8,33),(2404,'',873,59,84,589,0,'FF',9,0.00,NULL,0,0,0,NULL,4,NULL,'Cur:','','',8,34),(2405,'',874,59,84,589,0,'FF',9,0.00,NULL,0,0,0,NULL,1,NULL,'Avg:','','',8,35),(2406,'',875,59,84,589,0,'FF',9,0.00,NULL,0,0,0,NULL,3,NULL,'Max:','','on',8,36),(2407,'',876,59,84,585,485,'FF',8,0.00,NULL,0,0,0,NULL,1,NULL,'Listen','','',8,37),(2408,'',877,59,84,585,0,'FF',9,0.00,NULL,0,0,0,NULL,4,NULL,'Cur:','','',8,38),(2409,'',878,59,84,585,0,'FF',9,0.00,NULL,0,0,0,NULL,1,NULL,'Avg:','','',8,39),(2410,'',879,59,84,585,0,'FF',9,0.00,NULL,0,0,0,NULL,3,NULL,'Max:','','on',8,40),(2411,'',880,59,84,587,486,'FF',8,0.00,NULL,0,0,0,NULL,1,NULL,'Closing','','',8,41),(2412,'',881,59,84,587,0,'FF',9,0.00,NULL,0,0,0,NULL,4,NULL,'Cur:','','',8,42),(2413,'',882,59,84,587,0,'FF',9,0.00,NULL,0,0,0,NULL,1,NULL,'Avg:','','',8,43),(2414,'',883,59,84,587,0,'FF',9,0.00,NULL,0,0,0,NULL,3,NULL,'Max:','','on',8,44),(2415,'',884,59,84,590,487,'FF',8,0.00,NULL,0,0,0,NULL,1,NULL,'Unknown','','',8,45),(2416,'',885,59,84,590,0,'FF',9,0.00,NULL,0,0,0,NULL,4,NULL,'Cur:','','',8,46),(2417,'',886,59,84,590,0,'FF',9,0.00,NULL,0,0,0,NULL,1,NULL,'Avg:','','',8,47),(2418,'',887,59,84,590,0,'FF',9,0.00,NULL,0,0,0,NULL,3,NULL,'Max:','','on',8,48),(2427,'',788,61,81,595,472,'FF',7,0.00,NULL,0,0,0,NULL,1,NULL,'Used','','',8,1),(2428,'',789,61,81,595,0,'FF',9,0.00,NULL,0,0,0,NULL,4,NULL,'Cur:','','',8,2),(2429,'',790,61,81,595,0,'FF',9,0.00,NULL,0,0,0,NULL,1,NULL,'Avg:','','',8,3),(2430,'',791,61,81,595,0,'FF',9,0.00,NULL,0,0,0,NULL,3,NULL,'Max:','','on',8,4),(2431,'',792,61,81,596,473,'FF',8,0.00,NULL,0,0,0,NULL,1,NULL,'Available','','',8,5),(2432,'',793,61,81,596,0,'FF',9,0.00,NULL,0,0,0,NULL,4,NULL,'Cur:','','',8,6),(2433,'',794,61,81,596,0,'FF',9,0.00,NULL,0,0,0,NULL,1,NULL,'Avg:','','',8,7),(2434,'',795,61,81,596,0,'FF',9,0.00,NULL,0,0,0,NULL,3,NULL,'Max:','','on',8,8),(2435,'',796,62,82,598,22,'FF',7,0.00,NULL,0,20,0,NULL,1,NULL,'Inbound','','',8,1),(2436,'',797,62,82,598,0,'FF',9,0.00,NULL,0,20,0,NULL,4,NULL,'Cur:','','',8,2),(2437,'',798,62,82,598,0,'FF',9,0.00,NULL,0,20,0,NULL,1,NULL,'Avg:','','',8,3),(2438,'',799,62,82,598,0,'FF',9,0.00,NULL,0,20,0,NULL,3,NULL,'Max:','','on',8,4),(2439,'',800,62,82,597,20,'FF',4,0.00,NULL,0,20,0,NULL,1,NULL,'Outbound','','',8,5),(2440,'',801,62,82,597,0,'FF',9,0.00,NULL,0,20,0,NULL,4,NULL,'Cur:','','',8,6),(2441,'',802,62,82,597,0,'FF',9,0.00,NULL,0,20,0,NULL,1,NULL,'Avg:','','',8,7),(2442,'',803,62,82,597,0,'FF',9,0.00,NULL,0,20,0,NULL,3,NULL,'Max:','','on',8,8),(2443,'',896,63,86,599,452,'FF',7,0.00,NULL,0,0,0,NULL,1,NULL,'Requests','','',8,1),(2444,'',897,63,86,599,0,'FF',9,0.00,NULL,0,0,0,NULL,4,NULL,'Cur:','','',8,2),(2445,'',898,63,86,599,0,'FF',9,0.00,NULL,0,0,0,NULL,1,NULL,'Avg:','','',8,3),(2446,'',899,63,86,599,0,'FF',9,0.00,NULL,0,0,0,NULL,3,NULL,'Max:','','on',8,4),(2447,'',900,64,87,600,490,'FF',7,0.00,NULL,0,0,0,NULL,1,NULL,'Bytes Sent','','',8,1),(2448,'',901,64,87,600,0,'FF',9,0.00,NULL,0,0,0,NULL,4,NULL,'Cur:','','',8,2),(2449,'',902,64,87,600,0,'FF',9,0.00,NULL,0,0,0,NULL,1,NULL,'Avg:','','',8,3),(2450,'',903,64,87,600,0,'FF',9,0.00,NULL,0,0,0,NULL,3,NULL,'Max:','','on',8,4),(2451,'',904,65,88,601,491,'FF',7,0.00,NULL,0,0,0,NULL,1,NULL,'CPU Load','','',8,1),(2452,'',905,65,88,601,0,'FF',9,0.00,NULL,0,0,0,NULL,4,NULL,'Cur:','','',8,2),(2453,'',906,65,88,601,0,'FF',9,0.00,NULL,0,0,0,NULL,1,NULL,'Avg:','','',8,3),(2454,'',907,65,88,601,0,'FF',9,0.00,NULL,0,0,0,NULL,3,NULL,'Max:','','on',8,4),(2455,'',908,65,88,601,1,'FF',4,0.00,NULL,0,0,0,NULL,1,NULL,'CPU Load','','on',8,5),(2456,'',909,66,89,602,492,'FF',7,0.00,NULL,0,0,0,NULL,1,NULL,'Idle Workers','','',8,1),(2457,'',910,66,89,602,0,'FF',9,0.00,NULL,0,0,0,NULL,4,NULL,'Cur:','','',8,2),(2458,'',911,66,89,602,0,'FF',9,0.00,NULL,0,0,0,NULL,1,NULL,'Avg:','','',8,3),(2459,'',912,66,89,602,0,'FF',9,0.00,NULL,0,0,0,NULL,3,NULL,'Max:','','on',8,4),(2460,'',913,66,89,603,493,'FF',8,0.00,NULL,0,0,0,NULL,1,NULL,'Busy Workers','','',8,5),(2461,'',914,66,89,603,0,'FF',9,0.00,NULL,0,0,0,NULL,4,NULL,'Cur:','','',8,6),(2462,'',915,66,89,603,0,'FF',9,0.00,NULL,0,0,0,NULL,1,NULL,'Avg:','','',8,7),(2463,'',916,66,89,603,0,'FF',9,0.00,NULL,0,0,0,NULL,3,NULL,'Max:','','on',8,8),(2464,'',917,67,90,613,49,'FF',7,0.00,NULL,0,0,0,NULL,1,NULL,'Waiting For Connection','','',8,1),(2465,'',918,67,90,613,0,'FF',9,0.00,NULL,0,0,0,NULL,4,NULL,'Cur:','','',8,2),(2466,'',919,67,90,613,0,'FF',9,0.00,NULL,0,0,0,NULL,1,NULL,'Avg:','','',8,3),(2467,'',920,67,90,613,0,'FF',9,0.00,NULL,0,0,0,NULL,3,NULL,'Max:','','on',8,4),(2468,'',921,67,90,604,494,'FF',8,0.00,NULL,0,0,0,NULL,1,NULL,'Starting Up','','',8,5),(2469,'',922,67,90,604,0,'FF',9,0.00,NULL,0,0,0,NULL,4,NULL,'Cur:','','',8,6),(2470,'',923,67,90,604,0,'FF',9,0.00,NULL,0,0,0,NULL,1,NULL,'Avg:','','',8,7),(2471,'',924,67,90,604,0,'FF',9,0.00,NULL,0,0,0,NULL,3,NULL,'Max:','','on',8,8),(2472,'',925,67,90,607,495,'FF',8,0.00,NULL,0,0,0,NULL,1,NULL,'Reading Request','','',8,9),(2473,'',926,67,90,607,0,'FF',9,0.00,NULL,0,0,0,NULL,4,NULL,'Cur:','','',8,10),(2474,'',927,67,90,607,0,'FF',9,0.00,NULL,0,0,0,NULL,1,NULL,'Avg:','','',8,11),(2475,'',928,67,90,607,0,'FF',9,0.00,NULL,0,0,0,NULL,3,NULL,'Max:','','on',8,12),(2476,'',929,67,90,612,496,'FF',8,0.00,NULL,0,0,0,NULL,1,NULL,'Sending Reply','','',8,13),(2477,'',930,67,90,612,0,'FF',9,0.00,NULL,0,0,0,NULL,4,NULL,'Cur:','','',8,14),(2478,'',931,67,90,612,0,'FF',9,0.00,NULL,0,0,0,NULL,1,NULL,'Avg:','','',8,15),(2479,'',932,67,90,612,0,'FF',9,0.00,NULL,0,0,0,NULL,3,NULL,'Max:','','on',8,16),(2480,'',933,67,90,609,497,'FF',8,0.00,NULL,0,0,0,NULL,1,NULL,'Keepalive','','',8,17),(2481,'',934,67,90,609,0,'FF',9,0.00,NULL,0,0,0,NULL,4,NULL,'Cur:','','',8,18),(2482,'',935,67,90,609,0,'FF',9,0.00,NULL,0,0,0,NULL,1,NULL,'Avg:','','',8,19),(2483,'',936,67,90,609,0,'FF',9,0.00,NULL,0,0,0,NULL,3,NULL,'Max:','','on',8,20),(2484,'',937,67,90,614,49,'FF',8,0.00,NULL,0,0,0,NULL,1,NULL,'DNS Lookup','','',8,21),(2485,'',938,67,90,614,0,'FF',9,0.00,NULL,0,0,0,NULL,4,NULL,'Cur:','','',8,22),(2486,'',939,67,90,614,0,'FF',9,0.00,NULL,0,0,0,NULL,1,NULL,'Avg:','','',8,23),(2487,'',940,67,90,614,0,'FF',9,0.00,NULL,0,0,0,NULL,3,NULL,'Max:','','on',8,24),(2488,'',941,67,90,608,498,'FF',8,0.00,NULL,0,0,0,NULL,1,NULL,'Closing Connection','','',8,25),(2489,'',942,67,90,608,0,'FF',9,0.00,NULL,0,0,0,NULL,4,NULL,'Cur:','','',8,26),(2490,'',943,67,90,608,0,'FF',9,0.00,NULL,0,0,0,NULL,1,NULL,'Avg:','','',8,27),(2491,'',944,67,90,608,0,'FF',9,0.00,NULL,0,0,0,NULL,3,NULL,'Max:','','on',8,28),(2492,'',945,67,90,611,33,'FF',8,0.00,NULL,0,0,0,NULL,1,NULL,'Logging','','',8,29),(2493,'',946,67,90,611,0,'FF',9,0.00,NULL,0,0,0,NULL,4,NULL,'Cur:','','',8,30),(2494,'',947,67,90,611,0,'FF',9,0.00,NULL,0,0,0,NULL,1,NULL,'Avg:','','',8,31),(2495,'',948,67,90,611,0,'FF',9,0.00,NULL,0,0,0,NULL,3,NULL,'Max:','','on',8,32),(2496,'',949,67,90,606,499,'FF',8,0.00,NULL,0,0,0,NULL,1,NULL,'Gracefully Finishing','','',8,33),(2497,'',950,67,90,606,0,'FF',9,0.00,NULL,0,0,0,NULL,4,NULL,'Cur:','','',8,34),(2498,'',951,67,90,606,0,'FF',9,0.00,NULL,0,0,0,NULL,1,NULL,'Avg:','','',8,35),(2499,'',952,67,90,606,0,'FF',9,0.00,NULL,0,0,0,NULL,3,NULL,'Max:','','on',8,36),(2500,'',953,67,90,610,453,'FF',8,0.00,NULL,0,0,0,NULL,1,NULL,'Idle Cleanup','','',8,37),(2501,'',954,67,90,610,0,'FF',9,0.00,NULL,0,0,0,NULL,4,NULL,'Cur:','','',8,38),(2502,'',955,67,90,610,0,'FF',9,0.00,NULL,0,0,0,NULL,1,NULL,'Avg:','','',8,39),(2503,'',956,67,90,610,0,'FF',9,0.00,NULL,0,0,0,NULL,3,NULL,'Max:','','on',8,40),(2504,'',957,67,90,605,500,'FF',8,0.00,NULL,0,0,0,NULL,1,NULL,'Open Slot','','',8,41),(2505,'',958,67,90,605,0,'FF',9,0.00,NULL,0,0,0,NULL,4,NULL,'Cur:','','',8,42),(2506,'',959,67,90,605,0,'FF',9,0.00,NULL,0,0,0,NULL,1,NULL,'Avg:','','',8,43),(2507,'',960,67,90,605,0,'FF',9,0.00,NULL,0,0,0,NULL,3,NULL,'Max:','','on',8,44),(2516,'',668,70,70,617,442,'FF',7,0.00,NULL,0,0,0,NULL,1,NULL,'Forks','','',8,1),(2517,'',669,70,70,617,0,'FF',9,0.00,NULL,0,0,0,NULL,4,NULL,'Cur:','','',8,2),(2518,'',670,70,70,617,0,'FF',9,0.00,NULL,0,0,0,NULL,1,NULL,'Avg:','','',8,3),(2519,'',671,70,70,617,0,'FF',9,0.00,NULL,0,0,0,NULL,3,NULL,'Max:','','on',8,4),(2520,'',672,71,71,626,443,'FF',7,0.00,NULL,0,0,0,NULL,1,NULL,'CPU User','','',8,1),(2521,'',673,71,71,626,0,'FF',9,0.00,NULL,0,0,0,NULL,4,NULL,'Cur:','','',8,2),(2522,'',674,71,71,626,0,'FF',9,0.00,NULL,0,0,0,NULL,1,NULL,'Avg:','','',8,3),(2523,'',675,71,71,626,0,'FF',9,0.00,NULL,0,0,0,NULL,3,NULL,'Max:','','on',8,4),(2524,'',676,71,71,618,444,'FF',8,0.00,NULL,0,0,0,NULL,1,NULL,'CPU Nice','','',8,5),(2525,'',677,71,71,618,0,'FF',9,0.00,NULL,0,0,0,NULL,4,NULL,'Cur:','','',8,6),(2526,'',678,71,71,618,0,'FF',9,0.00,NULL,0,0,0,NULL,1,NULL,'Avg:','','',8,7),(2527,'',679,71,71,618,0,'FF',9,0.00,NULL,0,0,0,NULL,3,NULL,'Max:','','on',8,8),(2528,'',680,71,71,623,445,'FF',8,0.00,NULL,0,0,0,NULL,1,NULL,'CPU System','','',8,9),(2529,'',681,71,71,623,0,'FF',9,0.00,NULL,0,0,0,NULL,4,NULL,'Cur:','','',8,10),(2530,'',682,71,71,623,0,'FF',9,0.00,NULL,0,0,0,NULL,1,NULL,'Avg:','','',8,11),(2531,'',683,71,71,623,0,'FF',9,0.00,NULL,0,0,0,NULL,3,NULL,'Max:','','on',8,12),(2532,'',684,71,71,620,446,'FF',8,0.00,NULL,0,0,0,NULL,1,NULL,'CPU Idle','','',8,13),(2533,'',685,71,71,620,0,'FF',9,0.00,NULL,0,0,0,NULL,4,NULL,'Cur:','','',8,14),(2534,'',686,71,71,620,0,'FF',9,0.00,NULL,0,0,0,NULL,1,NULL,'Avg:','','',8,15),(2535,'',687,71,71,620,0,'FF',9,0.00,NULL,0,0,0,NULL,3,NULL,'Max:','','on',8,16),(2536,'',688,71,71,622,447,'FF',8,0.00,NULL,0,0,0,NULL,1,NULL,'CPU Iowait','','',8,17),(2537,'',689,71,71,622,0,'FF',9,0.00,NULL,0,0,0,NULL,4,NULL,'Cur:','','',8,18),(2538,'',690,71,71,622,0,'FF',9,0.00,NULL,0,0,0,NULL,1,NULL,'Avg:','','',8,19),(2539,'',691,71,71,622,0,'FF',9,0.00,NULL,0,0,0,NULL,3,NULL,'Max:','','on',8,20),(2540,'',692,71,71,621,448,'FF',8,0.00,NULL,0,0,0,NULL,1,NULL,'CPU Irq','','',8,21),(2541,'',693,71,71,621,0,'FF',9,0.00,NULL,0,0,0,NULL,4,NULL,'Cur:','','',8,22),(2542,'',694,71,71,621,0,'FF',9,0.00,NULL,0,0,0,NULL,1,NULL,'Avg:','','',8,23),(2543,'',695,71,71,621,0,'FF',9,0.00,NULL,0,0,0,NULL,3,NULL,'Max:','','on',8,24),(2544,'',696,71,71,625,449,'FF',8,0.00,NULL,0,0,0,NULL,1,NULL,'CPU Softirq','','',8,25),(2545,'',697,71,71,625,0,'FF',9,0.00,NULL,0,0,0,NULL,4,NULL,'Cur:','','',8,26),(2546,'',698,71,71,625,0,'FF',9,0.00,NULL,0,0,0,NULL,1,NULL,'Avg:','','',8,27),(2547,'',699,71,71,625,0,'FF',9,0.00,NULL,0,0,0,NULL,3,NULL,'Max:','','on',8,28),(2548,'',700,71,71,619,450,'FF',8,0.00,NULL,0,0,0,NULL,1,NULL,'CPU Steal','','',8,29),(2549,'',701,71,71,619,0,'FF',9,0.00,NULL,0,0,0,NULL,4,NULL,'Cur:','','',8,30),(2550,'',702,71,71,619,0,'FF',9,0.00,NULL,0,0,0,NULL,1,NULL,'Avg:','','',8,31),(2551,'',703,71,71,619,0,'FF',9,0.00,NULL,0,0,0,NULL,3,NULL,'Max:','','on',8,32),(2552,'',704,71,71,624,451,'FF',8,0.00,NULL,0,0,0,NULL,1,NULL,'CPU Guest','','',8,33),(2553,'',705,71,71,624,0,'FF',9,0.00,NULL,0,0,0,NULL,4,NULL,'Cur:','','',8,34),(2554,'',706,71,71,624,0,'FF',9,0.00,NULL,0,0,0,NULL,1,NULL,'Avg:','','',8,35),(2555,'',707,71,71,624,0,'FF',9,0.00,NULL,0,0,0,NULL,3,NULL,'Max:','','on',8,36),(2556,'',708,72,72,627,452,'FF',7,0.00,NULL,0,0,0,NULL,1,NULL,'Loadavg','','',8,1),(2557,'',709,72,72,627,0,'FF',9,0.00,NULL,0,0,0,NULL,4,NULL,'Cur:','','',8,2),(2558,'',710,72,72,627,0,'FF',9,0.00,NULL,0,0,0,NULL,1,NULL,'Avg:','','',8,3),(2559,'',711,72,72,627,0,'FF',9,0.00,NULL,0,0,0,NULL,3,NULL,'Max:','','on',8,4),(2564,'',716,74,74,629,454,'FF',7,0.00,NULL,0,0,0,NULL,1,NULL,'Memused','','',8,1),(2565,'',717,74,74,629,0,'FF',9,0.00,NULL,0,0,0,NULL,4,NULL,'Cur:','','',8,2),(2566,'',718,74,74,629,0,'FF',9,0.00,NULL,0,0,0,NULL,1,NULL,'Avg:','','',8,3),(2567,'',719,74,74,629,0,'FF',9,0.00,NULL,0,0,0,NULL,3,NULL,'Max:','','on',8,4),(2568,'',720,74,74,631,455,'FF',8,0.00,NULL,0,0,0,NULL,1,NULL,'Memcached','','',8,5),(2569,'',721,74,74,631,0,'FF',9,0.00,NULL,0,0,0,NULL,4,NULL,'Cur:','','',8,6),(2570,'',722,74,74,631,0,'FF',9,0.00,NULL,0,0,0,NULL,1,NULL,'Avg:','','',8,7),(2571,'',723,74,74,631,0,'FF',9,0.00,NULL,0,0,0,NULL,3,NULL,'Max:','','on',8,8),(2572,'',724,74,74,630,456,'FF',8,0.00,NULL,0,0,0,NULL,1,NULL,'Membuffer','','',8,9),(2573,'',725,74,74,630,0,'FF',9,0.00,NULL,0,0,0,NULL,4,NULL,'Cur:','','',8,10),(2574,'',726,74,74,630,0,'FF',9,0.00,NULL,0,0,0,NULL,1,NULL,'Avg:','','',8,11),(2575,'',727,74,74,630,0,'FF',9,0.00,NULL,0,0,0,NULL,3,NULL,'Max:','','on',8,12),(2576,'',728,74,74,633,457,'FF',8,0.00,NULL,0,0,0,NULL,1,NULL,'Memshared','','',8,13),(2577,'',729,74,74,633,0,'FF',9,0.00,NULL,0,0,0,NULL,4,NULL,'Cur:','','',8,14),(2578,'',730,74,74,633,0,'FF',9,0.00,NULL,0,0,0,NULL,1,NULL,'Avg:','','',8,15),(2579,'',731,74,74,633,0,'FF',9,0.00,NULL,0,0,0,NULL,3,NULL,'Max:','','on',8,16),(2580,'',732,74,74,632,458,'FF',8,0.00,NULL,0,0,0,NULL,1,NULL,'Memfree','','',8,17),(2581,'',733,74,74,632,0,'FF',9,0.00,NULL,0,0,0,NULL,4,NULL,'Cur:','','',8,18),(2582,'',734,74,74,632,0,'FF',9,0.00,NULL,0,0,0,NULL,1,NULL,'Avg:','','',8,19),(2583,'',735,74,74,632,0,'FF',9,0.00,NULL,0,0,0,NULL,3,NULL,'Max:','','on',8,20),(2584,'',840,75,84,635,480,'FF',7,0.00,NULL,0,0,0,NULL,1,NULL,'Established','','',8,1),(2585,'',841,75,84,635,0,'FF',9,0.00,NULL,0,0,0,NULL,4,NULL,'Cur:','','',8,2),(2586,'',842,75,84,635,0,'FF',9,0.00,NULL,0,0,0,NULL,1,NULL,'Avg:','','',8,3),(2587,'',843,75,84,635,0,'FF',9,0.00,NULL,0,0,0,NULL,3,NULL,'Max:','','on',8,4),(2588,'',844,75,84,638,481,'FF',8,0.00,NULL,0,0,0,NULL,1,NULL,'Syn Sent','','',8,5),(2589,'',845,75,84,638,0,'FF',9,0.00,NULL,0,0,0,NULL,4,NULL,'Cur:','','',8,6),(2590,'',846,75,84,638,0,'FF',9,0.00,NULL,0,0,0,NULL,1,NULL,'Avg:','','',8,7),(2591,'',847,75,84,638,0,'FF',9,0.00,NULL,0,0,0,NULL,3,NULL,'Max:','','on',8,8),(2592,'',848,75,84,642,482,'FF',8,0.00,NULL,0,0,0,NULL,1,NULL,'Syn Recv','','',8,9),(2593,'',849,75,84,642,0,'FF',9,0.00,NULL,0,0,0,NULL,4,NULL,'Cur:','','',8,10),(2594,'',850,75,84,642,0,'FF',9,0.00,NULL,0,0,0,NULL,1,NULL,'Avg:','','',8,11),(2595,'',851,75,84,642,0,'FF',9,0.00,NULL,0,0,0,NULL,3,NULL,'Max:','','on',8,12),(2596,'',852,75,84,646,483,'FF',8,0.00,NULL,0,0,0,NULL,1,NULL,'Fin Wait1','','',8,13),(2597,'',853,75,84,646,0,'FF',9,0.00,NULL,0,0,0,NULL,4,NULL,'Cur:','','',8,14),(2598,'',854,75,84,646,0,'FF',9,0.00,NULL,0,0,0,NULL,1,NULL,'Avg:','','',8,15),(2599,'',855,75,84,646,0,'FF',9,0.00,NULL,0,0,0,NULL,3,NULL,'Max:','','on',8,16),(2600,'',856,75,84,637,484,'FF',8,0.00,NULL,0,0,0,NULL,1,NULL,'Fin Wait2','','',8,17),(2601,'',857,75,84,637,0,'FF',9,0.00,NULL,0,0,0,NULL,4,NULL,'Cur:','','',8,18),(2602,'',858,75,84,637,0,'FF',9,0.00,NULL,0,0,0,NULL,1,NULL,'Avg:','','',8,19),(2603,'',859,75,84,637,0,'FF',9,0.00,NULL,0,0,0,NULL,3,NULL,'Max:','','on',8,20),(2604,'',860,75,84,640,476,'FF',8,0.00,NULL,0,0,0,NULL,1,NULL,'Time Wait','','',8,21),(2605,'',861,75,84,640,0,'FF',9,0.00,NULL,0,0,0,NULL,4,NULL,'Cur:','','',8,22),(2606,'',862,75,84,640,0,'FF',9,0.00,NULL,0,0,0,NULL,1,NULL,'Avg:','','',8,23),(2607,'',863,75,84,640,0,'FF',9,0.00,NULL,0,0,0,NULL,3,NULL,'Max:','','on',8,24),(2608,'',864,75,84,636,475,'FF',8,0.00,NULL,0,0,0,NULL,1,NULL,'Close','','',8,25),(2609,'',865,75,84,636,0,'FF',9,0.00,NULL,0,0,0,NULL,4,NULL,'Cur:','','',8,26),(2610,'',866,75,84,636,0,'FF',9,0.00,NULL,0,0,0,NULL,1,NULL,'Avg:','','',8,27),(2611,'',867,75,84,636,0,'FF',9,0.00,NULL,0,0,0,NULL,3,NULL,'Max:','','on',8,28),(2612,'',868,75,84,645,474,'FF',8,0.00,NULL,0,0,0,NULL,1,NULL,'Close Wait','','',8,29),(2613,'',869,75,84,645,0,'FF',9,0.00,NULL,0,0,0,NULL,4,NULL,'Cur:','','',8,30),(2614,'',870,75,84,645,0,'FF',9,0.00,NULL,0,0,0,NULL,1,NULL,'Avg:','','',8,31),(2615,'',871,75,84,645,0,'FF',9,0.00,NULL,0,0,0,NULL,3,NULL,'Max:','','on',8,32),(2616,'',872,75,84,643,478,'FF',8,0.00,NULL,0,0,0,NULL,1,NULL,'Last Ack','','',8,33),(2617,'',873,75,84,643,0,'FF',9,0.00,NULL,0,0,0,NULL,4,NULL,'Cur:','','',8,34),(2618,'',874,75,84,643,0,'FF',9,0.00,NULL,0,0,0,NULL,1,NULL,'Avg:','','',8,35),(2619,'',875,75,84,643,0,'FF',9,0.00,NULL,0,0,0,NULL,3,NULL,'Max:','','on',8,36),(2620,'',876,75,84,639,485,'FF',8,0.00,NULL,0,0,0,NULL,1,NULL,'Listen','','',8,37),(2621,'',877,75,84,639,0,'FF',9,0.00,NULL,0,0,0,NULL,4,NULL,'Cur:','','',8,38),(2622,'',878,75,84,639,0,'FF',9,0.00,NULL,0,0,0,NULL,1,NULL,'Avg:','','',8,39),(2623,'',879,75,84,639,0,'FF',9,0.00,NULL,0,0,0,NULL,3,NULL,'Max:','','on',8,40),(2624,'',880,75,84,641,486,'FF',8,0.00,NULL,0,0,0,NULL,1,NULL,'Closing','','',8,41),(2625,'',881,75,84,641,0,'FF',9,0.00,NULL,0,0,0,NULL,4,NULL,'Cur:','','',8,42),(2626,'',882,75,84,641,0,'FF',9,0.00,NULL,0,0,0,NULL,1,NULL,'Avg:','','',8,43),(2627,'',883,75,84,641,0,'FF',9,0.00,NULL,0,0,0,NULL,3,NULL,'Max:','','on',8,44),(2628,'',884,75,84,644,487,'FF',8,0.00,NULL,0,0,0,NULL,1,NULL,'Unknown','','',8,45),(2629,'',885,75,84,644,0,'FF',9,0.00,NULL,0,0,0,NULL,4,NULL,'Cur:','','',8,46),(2630,'',886,75,84,644,0,'FF',9,0.00,NULL,0,0,0,NULL,1,NULL,'Avg:','','',8,47),(2631,'',887,75,84,644,0,'FF',9,0.00,NULL,0,0,0,NULL,3,NULL,'Max:','','on',8,48),(2640,'',788,77,81,649,472,'FF',7,0.00,NULL,0,0,0,NULL,1,NULL,'Used','','',8,1),(2641,'',789,77,81,649,0,'FF',9,0.00,NULL,0,0,0,NULL,4,NULL,'Cur:','','',8,2),(2642,'',790,77,81,649,0,'FF',9,0.00,NULL,0,0,0,NULL,1,NULL,'Avg:','','',8,3),(2643,'',791,77,81,649,0,'FF',9,0.00,NULL,0,0,0,NULL,3,NULL,'Max:','','on',8,4),(2644,'',792,77,81,650,473,'FF',8,0.00,NULL,0,0,0,NULL,1,NULL,'Available','','',8,5),(2645,'',793,77,81,650,0,'FF',9,0.00,NULL,0,0,0,NULL,4,NULL,'Cur:','','',8,6),(2646,'',794,77,81,650,0,'FF',9,0.00,NULL,0,0,0,NULL,1,NULL,'Avg:','','',8,7),(2647,'',795,77,81,650,0,'FF',9,0.00,NULL,0,0,0,NULL,3,NULL,'Max:','','on',8,8),(2648,'',796,78,82,652,22,'FF',7,0.00,NULL,0,20,0,NULL,1,NULL,'Inbound','','',8,1),(2649,'',797,78,82,652,0,'FF',9,0.00,NULL,0,20,0,NULL,4,NULL,'Cur:','','',8,2),(2650,'',798,78,82,652,0,'FF',9,0.00,NULL,0,20,0,NULL,1,NULL,'Avg:','','',8,3),(2651,'',799,78,82,652,0,'FF',9,0.00,NULL,0,20,0,NULL,3,NULL,'Max:','','on',8,4),(2652,'',800,78,82,651,20,'FF',4,0.00,NULL,0,20,0,NULL,1,NULL,'Outbound','','',8,5),(2653,'',801,78,82,651,0,'FF',9,0.00,NULL,0,20,0,NULL,4,NULL,'Cur:','','',8,6),(2654,'',802,78,82,651,0,'FF',9,0.00,NULL,0,20,0,NULL,1,NULL,'Avg:','','',8,7),(2655,'',803,78,82,651,0,'FF',9,0.00,NULL,0,20,0,NULL,3,NULL,'Max:','','on',8,8),(2868,'',668,103,70,734,442,'FF',7,0.00,NULL,0,0,0,NULL,1,NULL,'Forks','','',8,1),(2869,'',669,103,70,734,0,'FF',9,0.00,NULL,0,0,0,NULL,4,NULL,'Cur:','','',8,2),(2870,'',670,103,70,734,0,'FF',9,0.00,NULL,0,0,0,NULL,1,NULL,'Avg:','','',8,3),(2871,'',671,103,70,734,0,'FF',9,0.00,NULL,0,0,0,NULL,3,NULL,'Max:','','on',8,4),(2872,'',672,104,71,743,443,'FF',7,0.00,NULL,0,0,0,NULL,1,NULL,'CPU User','','',8,1),(2873,'',673,104,71,743,0,'FF',9,0.00,NULL,0,0,0,NULL,4,NULL,'Cur:','','',8,2),(2874,'',674,104,71,743,0,'FF',9,0.00,NULL,0,0,0,NULL,1,NULL,'Avg:','','',8,3),(2875,'',675,104,71,743,0,'FF',9,0.00,NULL,0,0,0,NULL,3,NULL,'Max:','','on',8,4),(2876,'',676,104,71,735,444,'FF',8,0.00,NULL,0,0,0,NULL,1,NULL,'CPU Nice','','',8,5),(2877,'',677,104,71,735,0,'FF',9,0.00,NULL,0,0,0,NULL,4,NULL,'Cur:','','',8,6),(2878,'',678,104,71,735,0,'FF',9,0.00,NULL,0,0,0,NULL,1,NULL,'Avg:','','',8,7),(2879,'',679,104,71,735,0,'FF',9,0.00,NULL,0,0,0,NULL,3,NULL,'Max:','','on',8,8),(2880,'',680,104,71,740,445,'FF',8,0.00,NULL,0,0,0,NULL,1,NULL,'CPU System','','',8,9),(2881,'',681,104,71,740,0,'FF',9,0.00,NULL,0,0,0,NULL,4,NULL,'Cur:','','',8,10),(2882,'',682,104,71,740,0,'FF',9,0.00,NULL,0,0,0,NULL,1,NULL,'Avg:','','',8,11),(2883,'',683,104,71,740,0,'FF',9,0.00,NULL,0,0,0,NULL,3,NULL,'Max:','','on',8,12),(2884,'',684,104,71,737,446,'FF',8,0.00,NULL,0,0,0,NULL,1,NULL,'CPU Idle','','',8,13),(2885,'',685,104,71,737,0,'FF',9,0.00,NULL,0,0,0,NULL,4,NULL,'Cur:','','',8,14),(2886,'',686,104,71,737,0,'FF',9,0.00,NULL,0,0,0,NULL,1,NULL,'Avg:','','',8,15),(2887,'',687,104,71,737,0,'FF',9,0.00,NULL,0,0,0,NULL,3,NULL,'Max:','','on',8,16),(2888,'',688,104,71,739,447,'FF',8,0.00,NULL,0,0,0,NULL,1,NULL,'CPU Iowait','','',8,17),(2889,'',689,104,71,739,0,'FF',9,0.00,NULL,0,0,0,NULL,4,NULL,'Cur:','','',8,18),(2890,'',690,104,71,739,0,'FF',9,0.00,NULL,0,0,0,NULL,1,NULL,'Avg:','','',8,19),(2891,'',691,104,71,739,0,'FF',9,0.00,NULL,0,0,0,NULL,3,NULL,'Max:','','on',8,20),(2892,'',692,104,71,738,448,'FF',8,0.00,NULL,0,0,0,NULL,1,NULL,'CPU Irq','','',8,21),(2893,'',693,104,71,738,0,'FF',9,0.00,NULL,0,0,0,NULL,4,NULL,'Cur:','','',8,22),(2894,'',694,104,71,738,0,'FF',9,0.00,NULL,0,0,0,NULL,1,NULL,'Avg:','','',8,23),(2895,'',695,104,71,738,0,'FF',9,0.00,NULL,0,0,0,NULL,3,NULL,'Max:','','on',8,24),(2896,'',696,104,71,742,449,'FF',8,0.00,NULL,0,0,0,NULL,1,NULL,'CPU Softirq','','',8,25),(2897,'',697,104,71,742,0,'FF',9,0.00,NULL,0,0,0,NULL,4,NULL,'Cur:','','',8,26),(2898,'',698,104,71,742,0,'FF',9,0.00,NULL,0,0,0,NULL,1,NULL,'Avg:','','',8,27),(2899,'',699,104,71,742,0,'FF',9,0.00,NULL,0,0,0,NULL,3,NULL,'Max:','','on',8,28),(2900,'',700,104,71,736,450,'FF',8,0.00,NULL,0,0,0,NULL,1,NULL,'CPU Steal','','',8,29),(2901,'',701,104,71,736,0,'FF',9,0.00,NULL,0,0,0,NULL,4,NULL,'Cur:','','',8,30),(2902,'',702,104,71,736,0,'FF',9,0.00,NULL,0,0,0,NULL,1,NULL,'Avg:','','',8,31),(2903,'',703,104,71,736,0,'FF',9,0.00,NULL,0,0,0,NULL,3,NULL,'Max:','','on',8,32),(2904,'',704,104,71,741,451,'FF',8,0.00,NULL,0,0,0,NULL,1,NULL,'CPU Guest','','',8,33),(2905,'',705,104,71,741,0,'FF',9,0.00,NULL,0,0,0,NULL,4,NULL,'Cur:','','',8,34),(2906,'',706,104,71,741,0,'FF',9,0.00,NULL,0,0,0,NULL,1,NULL,'Avg:','','',8,35),(2907,'',707,104,71,741,0,'FF',9,0.00,NULL,0,0,0,NULL,3,NULL,'Max:','','on',8,36),(2908,'',708,105,72,744,452,'FF',7,0.00,NULL,0,0,0,NULL,1,NULL,'Loadavg','','',8,1),(2909,'',709,105,72,744,0,'FF',9,0.00,NULL,0,0,0,NULL,4,NULL,'Cur:','','',8,2),(2910,'',710,105,72,744,0,'FF',9,0.00,NULL,0,0,0,NULL,1,NULL,'Avg:','','',8,3),(2911,'',711,105,72,744,0,'FF',9,0.00,NULL,0,0,0,NULL,3,NULL,'Max:','','on',8,4),(2912,'',712,106,73,745,453,'FF',7,0.00,NULL,0,0,0,NULL,1,NULL,'Numusers','','',8,1),(2913,'',713,106,73,745,0,'FF',9,0.00,NULL,0,0,0,NULL,4,NULL,'Cur:','','',8,2),(2914,'',714,106,73,745,0,'FF',9,0.00,NULL,0,0,0,NULL,1,NULL,'Avg:','','',8,3),(2915,'',715,106,73,745,0,'FF',9,0.00,NULL,0,0,0,NULL,3,NULL,'Max:','','on',8,4),(2916,'',716,107,74,746,454,'FF',7,0.00,NULL,0,0,0,NULL,1,NULL,'Memused','','',8,1),(2917,'',717,107,74,746,0,'FF',9,0.00,NULL,0,0,0,NULL,4,NULL,'Cur:','','',8,2),(2918,'',718,107,74,746,0,'FF',9,0.00,NULL,0,0,0,NULL,1,NULL,'Avg:','','',8,3),(2919,'',719,107,74,746,0,'FF',9,0.00,NULL,0,0,0,NULL,3,NULL,'Max:','','on',8,4),(2920,'',720,107,74,748,455,'FF',8,0.00,NULL,0,0,0,NULL,1,NULL,'Memcached','','',8,5),(2921,'',721,107,74,748,0,'FF',9,0.00,NULL,0,0,0,NULL,4,NULL,'Cur:','','',8,6),(2922,'',722,107,74,748,0,'FF',9,0.00,NULL,0,0,0,NULL,1,NULL,'Avg:','','',8,7),(2923,'',723,107,74,748,0,'FF',9,0.00,NULL,0,0,0,NULL,3,NULL,'Max:','','on',8,8),(2924,'',724,107,74,747,456,'FF',8,0.00,NULL,0,0,0,NULL,1,NULL,'Membuffer','','',8,9),(2925,'',725,107,74,747,0,'FF',9,0.00,NULL,0,0,0,NULL,4,NULL,'Cur:','','',8,10),(2926,'',726,107,74,747,0,'FF',9,0.00,NULL,0,0,0,NULL,1,NULL,'Avg:','','',8,11),(2927,'',727,107,74,747,0,'FF',9,0.00,NULL,0,0,0,NULL,3,NULL,'Max:','','on',8,12),(2928,'',728,107,74,750,457,'FF',8,0.00,NULL,0,0,0,NULL,1,NULL,'Memshared','','',8,13),(2929,'',729,107,74,750,0,'FF',9,0.00,NULL,0,0,0,NULL,4,NULL,'Cur:','','',8,14),(2930,'',730,107,74,750,0,'FF',9,0.00,NULL,0,0,0,NULL,1,NULL,'Avg:','','',8,15),(2931,'',731,107,74,750,0,'FF',9,0.00,NULL,0,0,0,NULL,3,NULL,'Max:','','on',8,16),(2932,'',732,107,74,749,458,'FF',8,0.00,NULL,0,0,0,NULL,1,NULL,'Memfree','','',8,17),(2933,'',733,107,74,749,0,'FF',9,0.00,NULL,0,0,0,NULL,4,NULL,'Cur:','','',8,18),(2934,'',734,107,74,749,0,'FF',9,0.00,NULL,0,0,0,NULL,1,NULL,'Avg:','','',8,19),(2935,'',735,107,74,749,0,'FF',9,0.00,NULL,0,0,0,NULL,3,NULL,'Max:','','on',8,20),(2936,'',840,108,84,752,480,'FF',7,0.00,NULL,0,0,0,NULL,1,NULL,'Established','','',8,1),(2937,'',841,108,84,752,0,'FF',9,0.00,NULL,0,0,0,NULL,4,NULL,'Cur:','','',8,2),(2938,'',842,108,84,752,0,'FF',9,0.00,NULL,0,0,0,NULL,1,NULL,'Avg:','','',8,3),(2939,'',843,108,84,752,0,'FF',9,0.00,NULL,0,0,0,NULL,3,NULL,'Max:','','on',8,4),(2940,'',844,108,84,755,481,'FF',8,0.00,NULL,0,0,0,NULL,1,NULL,'Syn Sent','','',8,5),(2941,'',845,108,84,755,0,'FF',9,0.00,NULL,0,0,0,NULL,4,NULL,'Cur:','','',8,6),(2942,'',846,108,84,755,0,'FF',9,0.00,NULL,0,0,0,NULL,1,NULL,'Avg:','','',8,7),(2943,'',847,108,84,755,0,'FF',9,0.00,NULL,0,0,0,NULL,3,NULL,'Max:','','on',8,8),(2944,'',848,108,84,759,482,'FF',8,0.00,NULL,0,0,0,NULL,1,NULL,'Syn Recv','','',8,9),(2945,'',849,108,84,759,0,'FF',9,0.00,NULL,0,0,0,NULL,4,NULL,'Cur:','','',8,10),(2946,'',850,108,84,759,0,'FF',9,0.00,NULL,0,0,0,NULL,1,NULL,'Avg:','','',8,11),(2947,'',851,108,84,759,0,'FF',9,0.00,NULL,0,0,0,NULL,3,NULL,'Max:','','on',8,12),(2948,'',852,108,84,763,483,'FF',8,0.00,NULL,0,0,0,NULL,1,NULL,'Fin Wait1','','',8,13),(2949,'',853,108,84,763,0,'FF',9,0.00,NULL,0,0,0,NULL,4,NULL,'Cur:','','',8,14),(2950,'',854,108,84,763,0,'FF',9,0.00,NULL,0,0,0,NULL,1,NULL,'Avg:','','',8,15),(2951,'',855,108,84,763,0,'FF',9,0.00,NULL,0,0,0,NULL,3,NULL,'Max:','','on',8,16),(2952,'',856,108,84,754,484,'FF',8,0.00,NULL,0,0,0,NULL,1,NULL,'Fin Wait2','','',8,17),(2953,'',857,108,84,754,0,'FF',9,0.00,NULL,0,0,0,NULL,4,NULL,'Cur:','','',8,18),(2954,'',858,108,84,754,0,'FF',9,0.00,NULL,0,0,0,NULL,1,NULL,'Avg:','','',8,19),(2955,'',859,108,84,754,0,'FF',9,0.00,NULL,0,0,0,NULL,3,NULL,'Max:','','on',8,20),(2956,'',860,108,84,757,476,'FF',8,0.00,NULL,0,0,0,NULL,1,NULL,'Time Wait','','',8,21),(2957,'',861,108,84,757,0,'FF',9,0.00,NULL,0,0,0,NULL,4,NULL,'Cur:','','',8,22),(2958,'',862,108,84,757,0,'FF',9,0.00,NULL,0,0,0,NULL,1,NULL,'Avg:','','',8,23),(2959,'',863,108,84,757,0,'FF',9,0.00,NULL,0,0,0,NULL,3,NULL,'Max:','','on',8,24),(2960,'',864,108,84,753,475,'FF',8,0.00,NULL,0,0,0,NULL,1,NULL,'Close','','',8,25),(2961,'',865,108,84,753,0,'FF',9,0.00,NULL,0,0,0,NULL,4,NULL,'Cur:','','',8,26),(2962,'',866,108,84,753,0,'FF',9,0.00,NULL,0,0,0,NULL,1,NULL,'Avg:','','',8,27),(2963,'',867,108,84,753,0,'FF',9,0.00,NULL,0,0,0,NULL,3,NULL,'Max:','','on',8,28),(2964,'',868,108,84,762,474,'FF',8,0.00,NULL,0,0,0,NULL,1,NULL,'Close Wait','','',8,29),(2965,'',869,108,84,762,0,'FF',9,0.00,NULL,0,0,0,NULL,4,NULL,'Cur:','','',8,30),(2966,'',870,108,84,762,0,'FF',9,0.00,NULL,0,0,0,NULL,1,NULL,'Avg:','','',8,31),(2967,'',871,108,84,762,0,'FF',9,0.00,NULL,0,0,0,NULL,3,NULL,'Max:','','on',8,32),(2968,'',872,108,84,760,478,'FF',8,0.00,NULL,0,0,0,NULL,1,NULL,'Last Ack','','',8,33),(2969,'',873,108,84,760,0,'FF',9,0.00,NULL,0,0,0,NULL,4,NULL,'Cur:','','',8,34),(2970,'',874,108,84,760,0,'FF',9,0.00,NULL,0,0,0,NULL,1,NULL,'Avg:','','',8,35),(2971,'',875,108,84,760,0,'FF',9,0.00,NULL,0,0,0,NULL,3,NULL,'Max:','','on',8,36),(2972,'',876,108,84,756,485,'FF',8,0.00,NULL,0,0,0,NULL,1,NULL,'Listen','','',8,37),(2973,'',877,108,84,756,0,'FF',9,0.00,NULL,0,0,0,NULL,4,NULL,'Cur:','','',8,38),(2974,'',878,108,84,756,0,'FF',9,0.00,NULL,0,0,0,NULL,1,NULL,'Avg:','','',8,39),(2975,'',879,108,84,756,0,'FF',9,0.00,NULL,0,0,0,NULL,3,NULL,'Max:','','on',8,40),(2976,'',880,108,84,758,486,'FF',8,0.00,NULL,0,0,0,NULL,1,NULL,'Closing','','',8,41),(2977,'',881,108,84,758,0,'FF',9,0.00,NULL,0,0,0,NULL,4,NULL,'Cur:','','',8,42),(2978,'',882,108,84,758,0,'FF',9,0.00,NULL,0,0,0,NULL,1,NULL,'Avg:','','',8,43),(2979,'',883,108,84,758,0,'FF',9,0.00,NULL,0,0,0,NULL,3,NULL,'Max:','','on',8,44),(2980,'',884,108,84,761,487,'FF',8,0.00,NULL,0,0,0,NULL,1,NULL,'Unknown','','',8,45),(2981,'',885,108,84,761,0,'FF',9,0.00,NULL,0,0,0,NULL,4,NULL,'Cur:','','',8,46),(2982,'',886,108,84,761,0,'FF',9,0.00,NULL,0,0,0,NULL,1,NULL,'Avg:','','',8,47),(2983,'',887,108,84,761,0,'FF',9,0.00,NULL,0,0,0,NULL,3,NULL,'Max:','','on',8,48),(2992,'',788,110,81,766,472,'FF',7,0.00,NULL,0,0,0,NULL,1,NULL,'Used','','',8,1),(2993,'',789,110,81,766,0,'FF',9,0.00,NULL,0,0,0,NULL,4,NULL,'Cur:','','',8,2),(2994,'',790,110,81,766,0,'FF',9,0.00,NULL,0,0,0,NULL,1,NULL,'Avg:','','',8,3),(2995,'',791,110,81,766,0,'FF',9,0.00,NULL,0,0,0,NULL,3,NULL,'Max:','','on',8,4),(2996,'',792,110,81,767,473,'FF',8,0.00,NULL,0,0,0,NULL,1,NULL,'Available','','',8,5),(2997,'',793,110,81,767,0,'FF',9,0.00,NULL,0,0,0,NULL,4,NULL,'Cur:','','',8,6),(2998,'',794,110,81,767,0,'FF',9,0.00,NULL,0,0,0,NULL,1,NULL,'Avg:','','',8,7),(2999,'',795,110,81,767,0,'FF',9,0.00,NULL,0,0,0,NULL,3,NULL,'Max:','','on',8,8),(3000,'',796,111,82,769,22,'FF',7,0.00,NULL,0,20,0,NULL,1,NULL,'Inbound','','',8,1),(3001,'',797,111,82,769,0,'FF',9,0.00,NULL,0,20,0,NULL,4,NULL,'Cur:','','',8,2),(3002,'',798,111,82,769,0,'FF',9,0.00,NULL,0,20,0,NULL,1,NULL,'Avg:','','',8,3),(3003,'',799,111,82,769,0,'FF',9,0.00,NULL,0,20,0,NULL,3,NULL,'Max:','','on',8,4),(3004,'',800,111,82,768,20,'FF',4,0.00,NULL,0,20,0,NULL,1,NULL,'Outbound','','',8,5),(3005,'',801,111,82,768,0,'FF',9,0.00,NULL,0,20,0,NULL,4,NULL,'Cur:','','',8,6),(3006,'',802,111,82,768,0,'FF',9,0.00,NULL,0,20,0,NULL,1,NULL,'Avg:','','',8,7),(3007,'',803,111,82,768,0,'FF',9,0.00,NULL,0,20,0,NULL,3,NULL,'Max:','','on',8,8),(3016,'',668,114,70,772,442,'FF',7,0.00,NULL,0,0,0,NULL,1,NULL,'Forks','','',8,1),(3017,'',669,114,70,772,0,'FF',9,0.00,NULL,0,0,0,NULL,4,NULL,'Cur:','','',8,2),(3018,'',670,114,70,772,0,'FF',9,0.00,NULL,0,0,0,NULL,1,NULL,'Avg:','','',8,3),(3019,'',671,114,70,772,0,'FF',9,0.00,NULL,0,0,0,NULL,3,NULL,'Max:','','on',8,4),(3020,'',672,115,71,781,443,'FF',7,0.00,NULL,0,0,0,NULL,1,NULL,'CPU User','','',8,1),(3021,'',673,115,71,781,0,'FF',9,0.00,NULL,0,0,0,NULL,4,NULL,'Cur:','','',8,2),(3022,'',674,115,71,781,0,'FF',9,0.00,NULL,0,0,0,NULL,1,NULL,'Avg:','','',8,3),(3023,'',675,115,71,781,0,'FF',9,0.00,NULL,0,0,0,NULL,3,NULL,'Max:','','on',8,4),(3024,'',676,115,71,773,444,'FF',8,0.00,NULL,0,0,0,NULL,1,NULL,'CPU Nice','','',8,5),(3025,'',677,115,71,773,0,'FF',9,0.00,NULL,0,0,0,NULL,4,NULL,'Cur:','','',8,6),(3026,'',678,115,71,773,0,'FF',9,0.00,NULL,0,0,0,NULL,1,NULL,'Avg:','','',8,7),(3027,'',679,115,71,773,0,'FF',9,0.00,NULL,0,0,0,NULL,3,NULL,'Max:','','on',8,8),(3028,'',680,115,71,778,445,'FF',8,0.00,NULL,0,0,0,NULL,1,NULL,'CPU System','','',8,9),(3029,'',681,115,71,778,0,'FF',9,0.00,NULL,0,0,0,NULL,4,NULL,'Cur:','','',8,10),(3030,'',682,115,71,778,0,'FF',9,0.00,NULL,0,0,0,NULL,1,NULL,'Avg:','','',8,11),(3031,'',683,115,71,778,0,'FF',9,0.00,NULL,0,0,0,NULL,3,NULL,'Max:','','on',8,12),(3032,'',684,115,71,775,446,'FF',8,0.00,NULL,0,0,0,NULL,1,NULL,'CPU Idle','','',8,13),(3033,'',685,115,71,775,0,'FF',9,0.00,NULL,0,0,0,NULL,4,NULL,'Cur:','','',8,14),(3034,'',686,115,71,775,0,'FF',9,0.00,NULL,0,0,0,NULL,1,NULL,'Avg:','','',8,15),(3035,'',687,115,71,775,0,'FF',9,0.00,NULL,0,0,0,NULL,3,NULL,'Max:','','on',8,16),(3036,'',688,115,71,777,447,'FF',8,0.00,NULL,0,0,0,NULL,1,NULL,'CPU Iowait','','',8,17),(3037,'',689,115,71,777,0,'FF',9,0.00,NULL,0,0,0,NULL,4,NULL,'Cur:','','',8,18),(3038,'',690,115,71,777,0,'FF',9,0.00,NULL,0,0,0,NULL,1,NULL,'Avg:','','',8,19),(3039,'',691,115,71,777,0,'FF',9,0.00,NULL,0,0,0,NULL,3,NULL,'Max:','','on',8,20),(3040,'',692,115,71,776,448,'FF',8,0.00,NULL,0,0,0,NULL,1,NULL,'CPU Irq','','',8,21),(3041,'',693,115,71,776,0,'FF',9,0.00,NULL,0,0,0,NULL,4,NULL,'Cur:','','',8,22),(3042,'',694,115,71,776,0,'FF',9,0.00,NULL,0,0,0,NULL,1,NULL,'Avg:','','',8,23),(3043,'',695,115,71,776,0,'FF',9,0.00,NULL,0,0,0,NULL,3,NULL,'Max:','','on',8,24),(3044,'',696,115,71,780,449,'FF',8,0.00,NULL,0,0,0,NULL,1,NULL,'CPU Softirq','','',8,25),(3045,'',697,115,71,780,0,'FF',9,0.00,NULL,0,0,0,NULL,4,NULL,'Cur:','','',8,26),(3046,'',698,115,71,780,0,'FF',9,0.00,NULL,0,0,0,NULL,1,NULL,'Avg:','','',8,27),(3047,'',699,115,71,780,0,'FF',9,0.00,NULL,0,0,0,NULL,3,NULL,'Max:','','on',8,28),(3048,'',700,115,71,774,450,'FF',8,0.00,NULL,0,0,0,NULL,1,NULL,'CPU Steal','','',8,29),(3049,'',701,115,71,774,0,'FF',9,0.00,NULL,0,0,0,NULL,4,NULL,'Cur:','','',8,30),(3050,'',702,115,71,774,0,'FF',9,0.00,NULL,0,0,0,NULL,1,NULL,'Avg:','','',8,31),(3051,'',703,115,71,774,0,'FF',9,0.00,NULL,0,0,0,NULL,3,NULL,'Max:','','on',8,32),(3052,'',704,115,71,779,451,'FF',8,0.00,NULL,0,0,0,NULL,1,NULL,'CPU Guest','','',8,33),(3053,'',705,115,71,779,0,'FF',9,0.00,NULL,0,0,0,NULL,4,NULL,'Cur:','','',8,34),(3054,'',706,115,71,779,0,'FF',9,0.00,NULL,0,0,0,NULL,1,NULL,'Avg:','','',8,35),(3055,'',707,115,71,779,0,'FF',9,0.00,NULL,0,0,0,NULL,3,NULL,'Max:','','on',8,36),(3056,'',708,116,72,782,452,'FF',7,0.00,NULL,0,0,0,NULL,1,NULL,'Loadavg','','',8,1),(3057,'',709,116,72,782,0,'FF',9,0.00,NULL,0,0,0,NULL,4,NULL,'Cur:','','',8,2),(3058,'',710,116,72,782,0,'FF',9,0.00,NULL,0,0,0,NULL,1,NULL,'Avg:','','',8,3),(3059,'',711,116,72,782,0,'FF',9,0.00,NULL,0,0,0,NULL,3,NULL,'Max:','','on',8,4),(3060,'',712,117,73,783,453,'FF',7,0.00,NULL,0,0,0,NULL,1,NULL,'Numusers','','',8,1),(3061,'',713,117,73,783,0,'FF',9,0.00,NULL,0,0,0,NULL,4,NULL,'Cur:','','',8,2),(3062,'',714,117,73,783,0,'FF',9,0.00,NULL,0,0,0,NULL,1,NULL,'Avg:','','',8,3),(3063,'',715,117,73,783,0,'FF',9,0.00,NULL,0,0,0,NULL,3,NULL,'Max:','','on',8,4),(3064,'',716,118,74,784,454,'FF',7,0.00,NULL,0,0,0,NULL,1,NULL,'Memused','','',8,1),(3065,'',717,118,74,784,0,'FF',9,0.00,NULL,0,0,0,NULL,4,NULL,'Cur:','','',8,2),(3066,'',718,118,74,784,0,'FF',9,0.00,NULL,0,0,0,NULL,1,NULL,'Avg:','','',8,3),(3067,'',719,118,74,784,0,'FF',9,0.00,NULL,0,0,0,NULL,3,NULL,'Max:','','on',8,4),(3068,'',720,118,74,786,455,'FF',8,0.00,NULL,0,0,0,NULL,1,NULL,'Memcached','','',8,5),(3069,'',721,118,74,786,0,'FF',9,0.00,NULL,0,0,0,NULL,4,NULL,'Cur:','','',8,6),(3070,'',722,118,74,786,0,'FF',9,0.00,NULL,0,0,0,NULL,1,NULL,'Avg:','','',8,7),(3071,'',723,118,74,786,0,'FF',9,0.00,NULL,0,0,0,NULL,3,NULL,'Max:','','on',8,8),(3072,'',724,118,74,785,456,'FF',8,0.00,NULL,0,0,0,NULL,1,NULL,'Membuffer','','',8,9),(3073,'',725,118,74,785,0,'FF',9,0.00,NULL,0,0,0,NULL,4,NULL,'Cur:','','',8,10),(3074,'',726,118,74,785,0,'FF',9,0.00,NULL,0,0,0,NULL,1,NULL,'Avg:','','',8,11),(3075,'',727,118,74,785,0,'FF',9,0.00,NULL,0,0,0,NULL,3,NULL,'Max:','','on',8,12),(3076,'',728,118,74,788,457,'FF',8,0.00,NULL,0,0,0,NULL,1,NULL,'Memshared','','',8,13),(3077,'',729,118,74,788,0,'FF',9,0.00,NULL,0,0,0,NULL,4,NULL,'Cur:','','',8,14),(3078,'',730,118,74,788,0,'FF',9,0.00,NULL,0,0,0,NULL,1,NULL,'Avg:','','',8,15),(3079,'',731,118,74,788,0,'FF',9,0.00,NULL,0,0,0,NULL,3,NULL,'Max:','','on',8,16),(3080,'',732,118,74,787,458,'FF',8,0.00,NULL,0,0,0,NULL,1,NULL,'Memfree','','',8,17),(3081,'',733,118,74,787,0,'FF',9,0.00,NULL,0,0,0,NULL,4,NULL,'Cur:','','',8,18),(3082,'',734,118,74,787,0,'FF',9,0.00,NULL,0,0,0,NULL,1,NULL,'Avg:','','',8,19),(3083,'',735,118,74,787,0,'FF',9,0.00,NULL,0,0,0,NULL,3,NULL,'Max:','','on',8,20),(3084,'',840,119,84,790,480,'FF',7,0.00,NULL,0,0,0,NULL,1,NULL,'Established','','',8,1),(3085,'',841,119,84,790,0,'FF',9,0.00,NULL,0,0,0,NULL,4,NULL,'Cur:','','',8,2),(3086,'',842,119,84,790,0,'FF',9,0.00,NULL,0,0,0,NULL,1,NULL,'Avg:','','',8,3),(3087,'',843,119,84,790,0,'FF',9,0.00,NULL,0,0,0,NULL,3,NULL,'Max:','','on',8,4),(3088,'',844,119,84,793,481,'FF',8,0.00,NULL,0,0,0,NULL,1,NULL,'Syn Sent','','',8,5),(3089,'',845,119,84,793,0,'FF',9,0.00,NULL,0,0,0,NULL,4,NULL,'Cur:','','',8,6),(3090,'',846,119,84,793,0,'FF',9,0.00,NULL,0,0,0,NULL,1,NULL,'Avg:','','',8,7),(3091,'',847,119,84,793,0,'FF',9,0.00,NULL,0,0,0,NULL,3,NULL,'Max:','','on',8,8),(3092,'',848,119,84,797,482,'FF',8,0.00,NULL,0,0,0,NULL,1,NULL,'Syn Recv','','',8,9),(3093,'',849,119,84,797,0,'FF',9,0.00,NULL,0,0,0,NULL,4,NULL,'Cur:','','',8,10),(3094,'',850,119,84,797,0,'FF',9,0.00,NULL,0,0,0,NULL,1,NULL,'Avg:','','',8,11),(3095,'',851,119,84,797,0,'FF',9,0.00,NULL,0,0,0,NULL,3,NULL,'Max:','','on',8,12),(3096,'',852,119,84,801,483,'FF',8,0.00,NULL,0,0,0,NULL,1,NULL,'Fin Wait1','','',8,13),(3097,'',853,119,84,801,0,'FF',9,0.00,NULL,0,0,0,NULL,4,NULL,'Cur:','','',8,14),(3098,'',854,119,84,801,0,'FF',9,0.00,NULL,0,0,0,NULL,1,NULL,'Avg:','','',8,15),(3099,'',855,119,84,801,0,'FF',9,0.00,NULL,0,0,0,NULL,3,NULL,'Max:','','on',8,16),(3100,'',856,119,84,792,484,'FF',8,0.00,NULL,0,0,0,NULL,1,NULL,'Fin Wait2','','',8,17),(3101,'',857,119,84,792,0,'FF',9,0.00,NULL,0,0,0,NULL,4,NULL,'Cur:','','',8,18),(3102,'',858,119,84,792,0,'FF',9,0.00,NULL,0,0,0,NULL,1,NULL,'Avg:','','',8,19),(3103,'',859,119,84,792,0,'FF',9,0.00,NULL,0,0,0,NULL,3,NULL,'Max:','','on',8,20),(3104,'',860,119,84,795,476,'FF',8,0.00,NULL,0,0,0,NULL,1,NULL,'Time Wait','','',8,21),(3105,'',861,119,84,795,0,'FF',9,0.00,NULL,0,0,0,NULL,4,NULL,'Cur:','','',8,22),(3106,'',862,119,84,795,0,'FF',9,0.00,NULL,0,0,0,NULL,1,NULL,'Avg:','','',8,23),(3107,'',863,119,84,795,0,'FF',9,0.00,NULL,0,0,0,NULL,3,NULL,'Max:','','on',8,24),(3108,'',864,119,84,791,475,'FF',8,0.00,NULL,0,0,0,NULL,1,NULL,'Close','','',8,25),(3109,'',865,119,84,791,0,'FF',9,0.00,NULL,0,0,0,NULL,4,NULL,'Cur:','','',8,26),(3110,'',866,119,84,791,0,'FF',9,0.00,NULL,0,0,0,NULL,1,NULL,'Avg:','','',8,27),(3111,'',867,119,84,791,0,'FF',9,0.00,NULL,0,0,0,NULL,3,NULL,'Max:','','on',8,28),(3112,'',868,119,84,800,474,'FF',8,0.00,NULL,0,0,0,NULL,1,NULL,'Close Wait','','',8,29),(3113,'',869,119,84,800,0,'FF',9,0.00,NULL,0,0,0,NULL,4,NULL,'Cur:','','',8,30),(3114,'',870,119,84,800,0,'FF',9,0.00,NULL,0,0,0,NULL,1,NULL,'Avg:','','',8,31),(3115,'',871,119,84,800,0,'FF',9,0.00,NULL,0,0,0,NULL,3,NULL,'Max:','','on',8,32),(3116,'',872,119,84,798,478,'FF',8,0.00,NULL,0,0,0,NULL,1,NULL,'Last Ack','','',8,33),(3117,'',873,119,84,798,0,'FF',9,0.00,NULL,0,0,0,NULL,4,NULL,'Cur:','','',8,34),(3118,'',874,119,84,798,0,'FF',9,0.00,NULL,0,0,0,NULL,1,NULL,'Avg:','','',8,35),(3119,'',875,119,84,798,0,'FF',9,0.00,NULL,0,0,0,NULL,3,NULL,'Max:','','on',8,36),(3120,'',876,119,84,794,485,'FF',8,0.00,NULL,0,0,0,NULL,1,NULL,'Listen','','',8,37),(3121,'',877,119,84,794,0,'FF',9,0.00,NULL,0,0,0,NULL,4,NULL,'Cur:','','',8,38),(3122,'',878,119,84,794,0,'FF',9,0.00,NULL,0,0,0,NULL,1,NULL,'Avg:','','',8,39),(3123,'',879,119,84,794,0,'FF',9,0.00,NULL,0,0,0,NULL,3,NULL,'Max:','','on',8,40),(3124,'',880,119,84,796,486,'FF',8,0.00,NULL,0,0,0,NULL,1,NULL,'Closing','','',8,41),(3125,'',881,119,84,796,0,'FF',9,0.00,NULL,0,0,0,NULL,4,NULL,'Cur:','','',8,42),(3126,'',882,119,84,796,0,'FF',9,0.00,NULL,0,0,0,NULL,1,NULL,'Avg:','','',8,43),(3127,'',883,119,84,796,0,'FF',9,0.00,NULL,0,0,0,NULL,3,NULL,'Max:','','on',8,44),(3128,'',884,119,84,799,487,'FF',8,0.00,NULL,0,0,0,NULL,1,NULL,'Unknown','','',8,45),(3129,'',885,119,84,799,0,'FF',9,0.00,NULL,0,0,0,NULL,4,NULL,'Cur:','','',8,46),(3130,'',886,119,84,799,0,'FF',9,0.00,NULL,0,0,0,NULL,1,NULL,'Avg:','','',8,47),(3131,'',887,119,84,799,0,'FF',9,0.00,NULL,0,0,0,NULL,3,NULL,'Max:','','on',8,48),(3148,'',788,122,81,806,472,'FF',7,0.00,NULL,0,0,0,NULL,1,NULL,'Used','','',8,1),(3149,'',789,122,81,806,0,'FF',9,0.00,NULL,0,0,0,NULL,4,NULL,'Cur:','','',8,2),(3150,'',790,122,81,806,0,'FF',9,0.00,NULL,0,0,0,NULL,1,NULL,'Avg:','','',8,3),(3151,'',791,122,81,806,0,'FF',9,0.00,NULL,0,0,0,NULL,3,NULL,'Max:','','on',8,4),(3152,'',792,122,81,807,473,'FF',8,0.00,NULL,0,0,0,NULL,1,NULL,'Available','','',8,5),(3153,'',793,122,81,807,0,'FF',9,0.00,NULL,0,0,0,NULL,4,NULL,'Cur:','','',8,6),(3154,'',794,122,81,807,0,'FF',9,0.00,NULL,0,0,0,NULL,1,NULL,'Avg:','','',8,7),(3155,'',795,122,81,807,0,'FF',9,0.00,NULL,0,0,0,NULL,3,NULL,'Max:','','on',8,8),(3156,'',796,123,82,809,22,'FF',7,0.00,NULL,0,20,0,NULL,1,NULL,'Inbound','','',8,1),(3157,'',797,123,82,809,0,'FF',9,0.00,NULL,0,20,0,NULL,4,NULL,'Cur:','','',8,2),(3158,'',798,123,82,809,0,'FF',9,0.00,NULL,0,20,0,NULL,1,NULL,'Avg:','','',8,3),(3159,'',799,123,82,809,0,'FF',9,0.00,NULL,0,20,0,NULL,3,NULL,'Max:','','on',8,4),(3160,'',800,123,82,808,20,'FF',4,0.00,NULL,0,20,0,NULL,1,NULL,'Outbound','','',8,5),(3161,'',801,123,82,808,0,'FF',9,0.00,NULL,0,20,0,NULL,4,NULL,'Cur:','','',8,6),(3162,'',802,123,82,808,0,'FF',9,0.00,NULL,0,20,0,NULL,1,NULL,'Avg:','','',8,7),(3163,'',803,123,82,808,0,'FF',9,0.00,NULL,0,20,0,NULL,3,NULL,'Max:','','on',8,8),(3172,'',668,126,70,812,442,'FF',7,0.00,NULL,0,0,0,NULL,1,NULL,'Forks','','',8,1),(3173,'',669,126,70,812,0,'FF',9,0.00,NULL,0,0,0,NULL,4,NULL,'Cur:','','',8,2),(3174,'',670,126,70,812,0,'FF',9,0.00,NULL,0,0,0,NULL,1,NULL,'Avg:','','',8,3),(3175,'',671,126,70,812,0,'FF',9,0.00,NULL,0,0,0,NULL,3,NULL,'Max:','','on',8,4),(3176,'',672,127,71,821,443,'FF',7,0.00,NULL,0,0,0,NULL,1,NULL,'CPU User','','',8,1),(3177,'',673,127,71,821,0,'FF',9,0.00,NULL,0,0,0,NULL,4,NULL,'Cur:','','',8,2),(3178,'',674,127,71,821,0,'FF',9,0.00,NULL,0,0,0,NULL,1,NULL,'Avg:','','',8,3),(3179,'',675,127,71,821,0,'FF',9,0.00,NULL,0,0,0,NULL,3,NULL,'Max:','','on',8,4),(3180,'',676,127,71,813,444,'FF',8,0.00,NULL,0,0,0,NULL,1,NULL,'CPU Nice','','',8,5),(3181,'',677,127,71,813,0,'FF',9,0.00,NULL,0,0,0,NULL,4,NULL,'Cur:','','',8,6),(3182,'',678,127,71,813,0,'FF',9,0.00,NULL,0,0,0,NULL,1,NULL,'Avg:','','',8,7),(3183,'',679,127,71,813,0,'FF',9,0.00,NULL,0,0,0,NULL,3,NULL,'Max:','','on',8,8),(3184,'',680,127,71,818,445,'FF',8,0.00,NULL,0,0,0,NULL,1,NULL,'CPU System','','',8,9),(3185,'',681,127,71,818,0,'FF',9,0.00,NULL,0,0,0,NULL,4,NULL,'Cur:','','',8,10),(3186,'',682,127,71,818,0,'FF',9,0.00,NULL,0,0,0,NULL,1,NULL,'Avg:','','',8,11),(3187,'',683,127,71,818,0,'FF',9,0.00,NULL,0,0,0,NULL,3,NULL,'Max:','','on',8,12),(3188,'',684,127,71,815,446,'FF',8,0.00,NULL,0,0,0,NULL,1,NULL,'CPU Idle','','',8,13),(3189,'',685,127,71,815,0,'FF',9,0.00,NULL,0,0,0,NULL,4,NULL,'Cur:','','',8,14),(3190,'',686,127,71,815,0,'FF',9,0.00,NULL,0,0,0,NULL,1,NULL,'Avg:','','',8,15),(3191,'',687,127,71,815,0,'FF',9,0.00,NULL,0,0,0,NULL,3,NULL,'Max:','','on',8,16),(3192,'',688,127,71,817,447,'FF',8,0.00,NULL,0,0,0,NULL,1,NULL,'CPU Iowait','','',8,17),(3193,'',689,127,71,817,0,'FF',9,0.00,NULL,0,0,0,NULL,4,NULL,'Cur:','','',8,18),(3194,'',690,127,71,817,0,'FF',9,0.00,NULL,0,0,0,NULL,1,NULL,'Avg:','','',8,19),(3195,'',691,127,71,817,0,'FF',9,0.00,NULL,0,0,0,NULL,3,NULL,'Max:','','on',8,20),(3196,'',692,127,71,816,448,'FF',8,0.00,NULL,0,0,0,NULL,1,NULL,'CPU Irq','','',8,21),(3197,'',693,127,71,816,0,'FF',9,0.00,NULL,0,0,0,NULL,4,NULL,'Cur:','','',8,22),(3198,'',694,127,71,816,0,'FF',9,0.00,NULL,0,0,0,NULL,1,NULL,'Avg:','','',8,23),(3199,'',695,127,71,816,0,'FF',9,0.00,NULL,0,0,0,NULL,3,NULL,'Max:','','on',8,24),(3200,'',696,127,71,820,449,'FF',8,0.00,NULL,0,0,0,NULL,1,NULL,'CPU Softirq','','',8,25),(3201,'',697,127,71,820,0,'FF',9,0.00,NULL,0,0,0,NULL,4,NULL,'Cur:','','',8,26),(3202,'',698,127,71,820,0,'FF',9,0.00,NULL,0,0,0,NULL,1,NULL,'Avg:','','',8,27),(3203,'',699,127,71,820,0,'FF',9,0.00,NULL,0,0,0,NULL,3,NULL,'Max:','','on',8,28),(3204,'',700,127,71,814,450,'FF',8,0.00,NULL,0,0,0,NULL,1,NULL,'CPU Steal','','',8,29),(3205,'',701,127,71,814,0,'FF',9,0.00,NULL,0,0,0,NULL,4,NULL,'Cur:','','',8,30),(3206,'',702,127,71,814,0,'FF',9,0.00,NULL,0,0,0,NULL,1,NULL,'Avg:','','',8,31),(3207,'',703,127,71,814,0,'FF',9,0.00,NULL,0,0,0,NULL,3,NULL,'Max:','','on',8,32),(3208,'',704,127,71,819,451,'FF',8,0.00,NULL,0,0,0,NULL,1,NULL,'CPU Guest','','',8,33),(3209,'',705,127,71,819,0,'FF',9,0.00,NULL,0,0,0,NULL,4,NULL,'Cur:','','',8,34),(3210,'',706,127,71,819,0,'FF',9,0.00,NULL,0,0,0,NULL,1,NULL,'Avg:','','',8,35),(3211,'',707,127,71,819,0,'FF',9,0.00,NULL,0,0,0,NULL,3,NULL,'Max:','','on',8,36),(3212,'',708,128,72,822,452,'FF',7,0.00,NULL,0,0,0,NULL,1,NULL,'Loadavg','','',8,1),(3213,'',709,128,72,822,0,'FF',9,0.00,NULL,0,0,0,NULL,4,NULL,'Cur:','','',8,2),(3214,'',710,128,72,822,0,'FF',9,0.00,NULL,0,0,0,NULL,1,NULL,'Avg:','','',8,3),(3215,'',711,128,72,822,0,'FF',9,0.00,NULL,0,0,0,NULL,3,NULL,'Max:','','on',8,4),(3216,'',712,129,73,823,453,'FF',7,0.00,NULL,0,0,0,NULL,1,NULL,'Numusers','','',8,1),(3217,'',713,129,73,823,0,'FF',9,0.00,NULL,0,0,0,NULL,4,NULL,'Cur:','','',8,2),(3218,'',714,129,73,823,0,'FF',9,0.00,NULL,0,0,0,NULL,1,NULL,'Avg:','','',8,3),(3219,'',715,129,73,823,0,'FF',9,0.00,NULL,0,0,0,NULL,3,NULL,'Max:','','on',8,4),(3220,'',716,130,74,824,454,'FF',7,0.00,NULL,0,0,0,NULL,1,NULL,'Memused','','',8,1),(3221,'',717,130,74,824,0,'FF',9,0.00,NULL,0,0,0,NULL,4,NULL,'Cur:','','',8,2),(3222,'',718,130,74,824,0,'FF',9,0.00,NULL,0,0,0,NULL,1,NULL,'Avg:','','',8,3),(3223,'',719,130,74,824,0,'FF',9,0.00,NULL,0,0,0,NULL,3,NULL,'Max:','','on',8,4),(3224,'',720,130,74,826,455,'FF',8,0.00,NULL,0,0,0,NULL,1,NULL,'Memcached','','',8,5),(3225,'',721,130,74,826,0,'FF',9,0.00,NULL,0,0,0,NULL,4,NULL,'Cur:','','',8,6),(3226,'',722,130,74,826,0,'FF',9,0.00,NULL,0,0,0,NULL,1,NULL,'Avg:','','',8,7),(3227,'',723,130,74,826,0,'FF',9,0.00,NULL,0,0,0,NULL,3,NULL,'Max:','','on',8,8),(3228,'',724,130,74,825,456,'FF',8,0.00,NULL,0,0,0,NULL,1,NULL,'Membuffer','','',8,9),(3229,'',725,130,74,825,0,'FF',9,0.00,NULL,0,0,0,NULL,4,NULL,'Cur:','','',8,10),(3230,'',726,130,74,825,0,'FF',9,0.00,NULL,0,0,0,NULL,1,NULL,'Avg:','','',8,11),(3231,'',727,130,74,825,0,'FF',9,0.00,NULL,0,0,0,NULL,3,NULL,'Max:','','on',8,12),(3232,'',728,130,74,828,457,'FF',8,0.00,NULL,0,0,0,NULL,1,NULL,'Memshared','','',8,13),(3233,'',729,130,74,828,0,'FF',9,0.00,NULL,0,0,0,NULL,4,NULL,'Cur:','','',8,14),(3234,'',730,130,74,828,0,'FF',9,0.00,NULL,0,0,0,NULL,1,NULL,'Avg:','','',8,15),(3235,'',731,130,74,828,0,'FF',9,0.00,NULL,0,0,0,NULL,3,NULL,'Max:','','on',8,16),(3236,'',732,130,74,827,458,'FF',8,0.00,NULL,0,0,0,NULL,1,NULL,'Memfree','','',8,17),(3237,'',733,130,74,827,0,'FF',9,0.00,NULL,0,0,0,NULL,4,NULL,'Cur:','','',8,18),(3238,'',734,130,74,827,0,'FF',9,0.00,NULL,0,0,0,NULL,1,NULL,'Avg:','','',8,19),(3239,'',735,130,74,827,0,'FF',9,0.00,NULL,0,0,0,NULL,3,NULL,'Max:','','on',8,20),(3240,'',840,131,84,830,480,'FF',7,0.00,NULL,0,0,0,NULL,1,NULL,'Established','','',8,1),(3241,'',841,131,84,830,0,'FF',9,0.00,NULL,0,0,0,NULL,4,NULL,'Cur:','','',8,2),(3242,'',842,131,84,830,0,'FF',9,0.00,NULL,0,0,0,NULL,1,NULL,'Avg:','','',8,3),(3243,'',843,131,84,830,0,'FF',9,0.00,NULL,0,0,0,NULL,3,NULL,'Max:','','on',8,4),(3244,'',844,131,84,833,481,'FF',8,0.00,NULL,0,0,0,NULL,1,NULL,'Syn Sent','','',8,5),(3245,'',845,131,84,833,0,'FF',9,0.00,NULL,0,0,0,NULL,4,NULL,'Cur:','','',8,6),(3246,'',846,131,84,833,0,'FF',9,0.00,NULL,0,0,0,NULL,1,NULL,'Avg:','','',8,7),(3247,'',847,131,84,833,0,'FF',9,0.00,NULL,0,0,0,NULL,3,NULL,'Max:','','on',8,8),(3248,'',848,131,84,837,482,'FF',8,0.00,NULL,0,0,0,NULL,1,NULL,'Syn Recv','','',8,9),(3249,'',849,131,84,837,0,'FF',9,0.00,NULL,0,0,0,NULL,4,NULL,'Cur:','','',8,10),(3250,'',850,131,84,837,0,'FF',9,0.00,NULL,0,0,0,NULL,1,NULL,'Avg:','','',8,11),(3251,'',851,131,84,837,0,'FF',9,0.00,NULL,0,0,0,NULL,3,NULL,'Max:','','on',8,12),(3252,'',852,131,84,841,483,'FF',8,0.00,NULL,0,0,0,NULL,1,NULL,'Fin Wait1','','',8,13),(3253,'',853,131,84,841,0,'FF',9,0.00,NULL,0,0,0,NULL,4,NULL,'Cur:','','',8,14),(3254,'',854,131,84,841,0,'FF',9,0.00,NULL,0,0,0,NULL,1,NULL,'Avg:','','',8,15),(3255,'',855,131,84,841,0,'FF',9,0.00,NULL,0,0,0,NULL,3,NULL,'Max:','','on',8,16),(3256,'',856,131,84,832,484,'FF',8,0.00,NULL,0,0,0,NULL,1,NULL,'Fin Wait2','','',8,17),(3257,'',857,131,84,832,0,'FF',9,0.00,NULL,0,0,0,NULL,4,NULL,'Cur:','','',8,18),(3258,'',858,131,84,832,0,'FF',9,0.00,NULL,0,0,0,NULL,1,NULL,'Avg:','','',8,19),(3259,'',859,131,84,832,0,'FF',9,0.00,NULL,0,0,0,NULL,3,NULL,'Max:','','on',8,20),(3260,'',860,131,84,835,476,'FF',8,0.00,NULL,0,0,0,NULL,1,NULL,'Time Wait','','',8,21),(3261,'',861,131,84,835,0,'FF',9,0.00,NULL,0,0,0,NULL,4,NULL,'Cur:','','',8,22),(3262,'',862,131,84,835,0,'FF',9,0.00,NULL,0,0,0,NULL,1,NULL,'Avg:','','',8,23),(3263,'',863,131,84,835,0,'FF',9,0.00,NULL,0,0,0,NULL,3,NULL,'Max:','','on',8,24),(3264,'',864,131,84,831,475,'FF',8,0.00,NULL,0,0,0,NULL,1,NULL,'Close','','',8,25),(3265,'',865,131,84,831,0,'FF',9,0.00,NULL,0,0,0,NULL,4,NULL,'Cur:','','',8,26),(3266,'',866,131,84,831,0,'FF',9,0.00,NULL,0,0,0,NULL,1,NULL,'Avg:','','',8,27),(3267,'',867,131,84,831,0,'FF',9,0.00,NULL,0,0,0,NULL,3,NULL,'Max:','','on',8,28),(3268,'',868,131,84,840,474,'FF',8,0.00,NULL,0,0,0,NULL,1,NULL,'Close Wait','','',8,29),(3269,'',869,131,84,840,0,'FF',9,0.00,NULL,0,0,0,NULL,4,NULL,'Cur:','','',8,30),(3270,'',870,131,84,840,0,'FF',9,0.00,NULL,0,0,0,NULL,1,NULL,'Avg:','','',8,31),(3271,'',871,131,84,840,0,'FF',9,0.00,NULL,0,0,0,NULL,3,NULL,'Max:','','on',8,32),(3272,'',872,131,84,838,478,'FF',8,0.00,NULL,0,0,0,NULL,1,NULL,'Last Ack','','',8,33),(3273,'',873,131,84,838,0,'FF',9,0.00,NULL,0,0,0,NULL,4,NULL,'Cur:','','',8,34),(3274,'',874,131,84,838,0,'FF',9,0.00,NULL,0,0,0,NULL,1,NULL,'Avg:','','',8,35),(3275,'',875,131,84,838,0,'FF',9,0.00,NULL,0,0,0,NULL,3,NULL,'Max:','','on',8,36),(3276,'',876,131,84,834,485,'FF',8,0.00,NULL,0,0,0,NULL,1,NULL,'Listen','','',8,37),(3277,'',877,131,84,834,0,'FF',9,0.00,NULL,0,0,0,NULL,4,NULL,'Cur:','','',8,38),(3278,'',878,131,84,834,0,'FF',9,0.00,NULL,0,0,0,NULL,1,NULL,'Avg:','','',8,39),(3279,'',879,131,84,834,0,'FF',9,0.00,NULL,0,0,0,NULL,3,NULL,'Max:','','on',8,40),(3280,'',880,131,84,836,486,'FF',8,0.00,NULL,0,0,0,NULL,1,NULL,'Closing','','',8,41),(3281,'',881,131,84,836,0,'FF',9,0.00,NULL,0,0,0,NULL,4,NULL,'Cur:','','',8,42),(3282,'',882,131,84,836,0,'FF',9,0.00,NULL,0,0,0,NULL,1,NULL,'Avg:','','',8,43),(3283,'',883,131,84,836,0,'FF',9,0.00,NULL,0,0,0,NULL,3,NULL,'Max:','','on',8,44),(3284,'',884,131,84,839,487,'FF',8,0.00,NULL,0,0,0,NULL,1,NULL,'Unknown','','',8,45),(3285,'',885,131,84,839,0,'FF',9,0.00,NULL,0,0,0,NULL,4,NULL,'Cur:','','',8,46),(3286,'',886,131,84,839,0,'FF',9,0.00,NULL,0,0,0,NULL,1,NULL,'Avg:','','',8,47),(3287,'',887,131,84,839,0,'FF',9,0.00,NULL,0,0,0,NULL,3,NULL,'Max:','','on',8,48),(3296,'',788,133,81,844,472,'FF',7,0.00,NULL,0,0,0,NULL,1,NULL,'Used','','',8,1),(3297,'',789,133,81,844,0,'FF',9,0.00,NULL,0,0,0,NULL,4,NULL,'Cur:','','',8,2),(3298,'',790,133,81,844,0,'FF',9,0.00,NULL,0,0,0,NULL,1,NULL,'Avg:','','',8,3),(3299,'',791,133,81,844,0,'FF',9,0.00,NULL,0,0,0,NULL,3,NULL,'Max:','','on',8,4),(3300,'',792,133,81,845,473,'FF',8,0.00,NULL,0,0,0,NULL,1,NULL,'Available','','',8,5),(3301,'',793,133,81,845,0,'FF',9,0.00,NULL,0,0,0,NULL,4,NULL,'Cur:','','',8,6),(3302,'',794,133,81,845,0,'FF',9,0.00,NULL,0,0,0,NULL,1,NULL,'Avg:','','',8,7),(3303,'',795,133,81,845,0,'FF',9,0.00,NULL,0,0,0,NULL,3,NULL,'Max:','','on',8,8),(3304,'',796,134,82,847,22,'FF',7,0.00,NULL,0,20,0,NULL,1,NULL,'Inbound','','',8,1),(3305,'',797,134,82,847,0,'FF',9,0.00,NULL,0,20,0,NULL,4,NULL,'Cur:','','',8,2),(3306,'',798,134,82,847,0,'FF',9,0.00,NULL,0,20,0,NULL,1,NULL,'Avg:','','',8,3),(3307,'',799,134,82,847,0,'FF',9,0.00,NULL,0,20,0,NULL,3,NULL,'Max:','','on',8,4),(3308,'',800,134,82,846,20,'FF',4,0.00,NULL,0,20,0,NULL,1,NULL,'Outbound','','',8,5),(3309,'',801,134,82,846,0,'FF',9,0.00,NULL,0,20,0,NULL,4,NULL,'Cur:','','',8,6),(3310,'',802,134,82,846,0,'FF',9,0.00,NULL,0,20,0,NULL,1,NULL,'Avg:','','',8,7),(3311,'',803,134,82,846,0,'FF',9,0.00,NULL,0,20,0,NULL,3,NULL,'Max:','','on',8,8),(3320,'',668,137,70,850,442,'FF',7,0.00,NULL,0,0,0,NULL,1,NULL,'Forks','','',8,1),(3321,'',669,137,70,850,0,'FF',9,0.00,NULL,0,0,0,NULL,4,NULL,'Cur:','','',8,2),(3322,'',670,137,70,850,0,'FF',9,0.00,NULL,0,0,0,NULL,1,NULL,'Avg:','','',8,3),(3323,'',671,137,70,850,0,'FF',9,0.00,NULL,0,0,0,NULL,3,NULL,'Max:','','on',8,4),(3324,'',672,138,71,859,443,'FF',7,0.00,NULL,0,0,0,NULL,1,NULL,'CPU User','','',8,1),(3325,'',673,138,71,859,0,'FF',9,0.00,NULL,0,0,0,NULL,4,NULL,'Cur:','','',8,2),(3326,'',674,138,71,859,0,'FF',9,0.00,NULL,0,0,0,NULL,1,NULL,'Avg:','','',8,3),(3327,'',675,138,71,859,0,'FF',9,0.00,NULL,0,0,0,NULL,3,NULL,'Max:','','on',8,4),(3328,'',676,138,71,851,444,'FF',8,0.00,NULL,0,0,0,NULL,1,NULL,'CPU Nice','','',8,5),(3329,'',677,138,71,851,0,'FF',9,0.00,NULL,0,0,0,NULL,4,NULL,'Cur:','','',8,6),(3330,'',678,138,71,851,0,'FF',9,0.00,NULL,0,0,0,NULL,1,NULL,'Avg:','','',8,7),(3331,'',679,138,71,851,0,'FF',9,0.00,NULL,0,0,0,NULL,3,NULL,'Max:','','on',8,8),(3332,'',680,138,71,856,445,'FF',8,0.00,NULL,0,0,0,NULL,1,NULL,'CPU System','','',8,9),(3333,'',681,138,71,856,0,'FF',9,0.00,NULL,0,0,0,NULL,4,NULL,'Cur:','','',8,10),(3334,'',682,138,71,856,0,'FF',9,0.00,NULL,0,0,0,NULL,1,NULL,'Avg:','','',8,11),(3335,'',683,138,71,856,0,'FF',9,0.00,NULL,0,0,0,NULL,3,NULL,'Max:','','on',8,12),(3336,'',684,138,71,853,446,'FF',8,0.00,NULL,0,0,0,NULL,1,NULL,'CPU Idle','','',8,13),(3337,'',685,138,71,853,0,'FF',9,0.00,NULL,0,0,0,NULL,4,NULL,'Cur:','','',8,14),(3338,'',686,138,71,853,0,'FF',9,0.00,NULL,0,0,0,NULL,1,NULL,'Avg:','','',8,15),(3339,'',687,138,71,853,0,'FF',9,0.00,NULL,0,0,0,NULL,3,NULL,'Max:','','on',8,16),(3340,'',688,138,71,855,447,'FF',8,0.00,NULL,0,0,0,NULL,1,NULL,'CPU Iowait','','',8,17),(3341,'',689,138,71,855,0,'FF',9,0.00,NULL,0,0,0,NULL,4,NULL,'Cur:','','',8,18),(3342,'',690,138,71,855,0,'FF',9,0.00,NULL,0,0,0,NULL,1,NULL,'Avg:','','',8,19),(3343,'',691,138,71,855,0,'FF',9,0.00,NULL,0,0,0,NULL,3,NULL,'Max:','','on',8,20),(3344,'',692,138,71,854,448,'FF',8,0.00,NULL,0,0,0,NULL,1,NULL,'CPU Irq','','',8,21),(3345,'',693,138,71,854,0,'FF',9,0.00,NULL,0,0,0,NULL,4,NULL,'Cur:','','',8,22),(3346,'',694,138,71,854,0,'FF',9,0.00,NULL,0,0,0,NULL,1,NULL,'Avg:','','',8,23),(3347,'',695,138,71,854,0,'FF',9,0.00,NULL,0,0,0,NULL,3,NULL,'Max:','','on',8,24),(3348,'',696,138,71,858,449,'FF',8,0.00,NULL,0,0,0,NULL,1,NULL,'CPU Softirq','','',8,25),(3349,'',697,138,71,858,0,'FF',9,0.00,NULL,0,0,0,NULL,4,NULL,'Cur:','','',8,26),(3350,'',698,138,71,858,0,'FF',9,0.00,NULL,0,0,0,NULL,1,NULL,'Avg:','','',8,27),(3351,'',699,138,71,858,0,'FF',9,0.00,NULL,0,0,0,NULL,3,NULL,'Max:','','on',8,28),(3352,'',700,138,71,852,450,'FF',8,0.00,NULL,0,0,0,NULL,1,NULL,'CPU Steal','','',8,29),(3353,'',701,138,71,852,0,'FF',9,0.00,NULL,0,0,0,NULL,4,NULL,'Cur:','','',8,30),(3354,'',702,138,71,852,0,'FF',9,0.00,NULL,0,0,0,NULL,1,NULL,'Avg:','','',8,31),(3355,'',703,138,71,852,0,'FF',9,0.00,NULL,0,0,0,NULL,3,NULL,'Max:','','on',8,32),(3356,'',704,138,71,857,451,'FF',8,0.00,NULL,0,0,0,NULL,1,NULL,'CPU Guest','','',8,33),(3357,'',705,138,71,857,0,'FF',9,0.00,NULL,0,0,0,NULL,4,NULL,'Cur:','','',8,34),(3358,'',706,138,71,857,0,'FF',9,0.00,NULL,0,0,0,NULL,1,NULL,'Avg:','','',8,35),(3359,'',707,138,71,857,0,'FF',9,0.00,NULL,0,0,0,NULL,3,NULL,'Max:','','on',8,36),(3360,'',708,139,72,860,452,'FF',7,0.00,NULL,0,0,0,NULL,1,NULL,'Loadavg','','',8,1),(3361,'',709,139,72,860,0,'FF',9,0.00,NULL,0,0,0,NULL,4,NULL,'Cur:','','',8,2),(3362,'',710,139,72,860,0,'FF',9,0.00,NULL,0,0,0,NULL,1,NULL,'Avg:','','',8,3),(3363,'',711,139,72,860,0,'FF',9,0.00,NULL,0,0,0,NULL,3,NULL,'Max:','','on',8,4),(3364,'',712,140,73,861,453,'FF',7,0.00,NULL,0,0,0,NULL,1,NULL,'Numusers','','',8,1),(3365,'',713,140,73,861,0,'FF',9,0.00,NULL,0,0,0,NULL,4,NULL,'Cur:','','',8,2),(3366,'',714,140,73,861,0,'FF',9,0.00,NULL,0,0,0,NULL,1,NULL,'Avg:','','',8,3),(3367,'',715,140,73,861,0,'FF',9,0.00,NULL,0,0,0,NULL,3,NULL,'Max:','','on',8,4),(3368,'',716,141,74,862,454,'FF',7,0.00,NULL,0,0,0,NULL,1,NULL,'Memused','','',8,1),(3369,'',717,141,74,862,0,'FF',9,0.00,NULL,0,0,0,NULL,4,NULL,'Cur:','','',8,2),(3370,'',718,141,74,862,0,'FF',9,0.00,NULL,0,0,0,NULL,1,NULL,'Avg:','','',8,3),(3371,'',719,141,74,862,0,'FF',9,0.00,NULL,0,0,0,NULL,3,NULL,'Max:','','on',8,4),(3372,'',720,141,74,864,455,'FF',8,0.00,NULL,0,0,0,NULL,1,NULL,'Memcached','','',8,5),(3373,'',721,141,74,864,0,'FF',9,0.00,NULL,0,0,0,NULL,4,NULL,'Cur:','','',8,6),(3374,'',722,141,74,864,0,'FF',9,0.00,NULL,0,0,0,NULL,1,NULL,'Avg:','','',8,7),(3375,'',723,141,74,864,0,'FF',9,0.00,NULL,0,0,0,NULL,3,NULL,'Max:','','on',8,8),(3376,'',724,141,74,863,456,'FF',8,0.00,NULL,0,0,0,NULL,1,NULL,'Membuffer','','',8,9),(3377,'',725,141,74,863,0,'FF',9,0.00,NULL,0,0,0,NULL,4,NULL,'Cur:','','',8,10),(3378,'',726,141,74,863,0,'FF',9,0.00,NULL,0,0,0,NULL,1,NULL,'Avg:','','',8,11),(3379,'',727,141,74,863,0,'FF',9,0.00,NULL,0,0,0,NULL,3,NULL,'Max:','','on',8,12),(3380,'',728,141,74,866,457,'FF',8,0.00,NULL,0,0,0,NULL,1,NULL,'Memshared','','',8,13),(3381,'',729,141,74,866,0,'FF',9,0.00,NULL,0,0,0,NULL,4,NULL,'Cur:','','',8,14),(3382,'',730,141,74,866,0,'FF',9,0.00,NULL,0,0,0,NULL,1,NULL,'Avg:','','',8,15),(3383,'',731,141,74,866,0,'FF',9,0.00,NULL,0,0,0,NULL,3,NULL,'Max:','','on',8,16),(3384,'',732,141,74,865,458,'FF',8,0.00,NULL,0,0,0,NULL,1,NULL,'Memfree','','',8,17),(3385,'',733,141,74,865,0,'FF',9,0.00,NULL,0,0,0,NULL,4,NULL,'Cur:','','',8,18),(3386,'',734,141,74,865,0,'FF',9,0.00,NULL,0,0,0,NULL,1,NULL,'Avg:','','',8,19),(3387,'',735,141,74,865,0,'FF',9,0.00,NULL,0,0,0,NULL,3,NULL,'Max:','','on',8,20),(3388,'',840,142,84,868,480,'FF',7,0.00,NULL,0,0,0,NULL,1,NULL,'Established','','',8,1),(3389,'',841,142,84,868,0,'FF',9,0.00,NULL,0,0,0,NULL,4,NULL,'Cur:','','',8,2),(3390,'',842,142,84,868,0,'FF',9,0.00,NULL,0,0,0,NULL,1,NULL,'Avg:','','',8,3),(3391,'',843,142,84,868,0,'FF',9,0.00,NULL,0,0,0,NULL,3,NULL,'Max:','','on',8,4),(3392,'',844,142,84,871,481,'FF',8,0.00,NULL,0,0,0,NULL,1,NULL,'Syn Sent','','',8,5),(3393,'',845,142,84,871,0,'FF',9,0.00,NULL,0,0,0,NULL,4,NULL,'Cur:','','',8,6),(3394,'',846,142,84,871,0,'FF',9,0.00,NULL,0,0,0,NULL,1,NULL,'Avg:','','',8,7),(3395,'',847,142,84,871,0,'FF',9,0.00,NULL,0,0,0,NULL,3,NULL,'Max:','','on',8,8),(3396,'',848,142,84,875,482,'FF',8,0.00,NULL,0,0,0,NULL,1,NULL,'Syn Recv','','',8,9),(3397,'',849,142,84,875,0,'FF',9,0.00,NULL,0,0,0,NULL,4,NULL,'Cur:','','',8,10),(3398,'',850,142,84,875,0,'FF',9,0.00,NULL,0,0,0,NULL,1,NULL,'Avg:','','',8,11),(3399,'',851,142,84,875,0,'FF',9,0.00,NULL,0,0,0,NULL,3,NULL,'Max:','','on',8,12),(3400,'',852,142,84,879,483,'FF',8,0.00,NULL,0,0,0,NULL,1,NULL,'Fin Wait1','','',8,13),(3401,'',853,142,84,879,0,'FF',9,0.00,NULL,0,0,0,NULL,4,NULL,'Cur:','','',8,14),(3402,'',854,142,84,879,0,'FF',9,0.00,NULL,0,0,0,NULL,1,NULL,'Avg:','','',8,15),(3403,'',855,142,84,879,0,'FF',9,0.00,NULL,0,0,0,NULL,3,NULL,'Max:','','on',8,16),(3404,'',856,142,84,870,484,'FF',8,0.00,NULL,0,0,0,NULL,1,NULL,'Fin Wait2','','',8,17),(3405,'',857,142,84,870,0,'FF',9,0.00,NULL,0,0,0,NULL,4,NULL,'Cur:','','',8,18),(3406,'',858,142,84,870,0,'FF',9,0.00,NULL,0,0,0,NULL,1,NULL,'Avg:','','',8,19),(3407,'',859,142,84,870,0,'FF',9,0.00,NULL,0,0,0,NULL,3,NULL,'Max:','','on',8,20),(3408,'',860,142,84,873,476,'FF',8,0.00,NULL,0,0,0,NULL,1,NULL,'Time Wait','','',8,21),(3409,'',861,142,84,873,0,'FF',9,0.00,NULL,0,0,0,NULL,4,NULL,'Cur:','','',8,22),(3410,'',862,142,84,873,0,'FF',9,0.00,NULL,0,0,0,NULL,1,NULL,'Avg:','','',8,23),(3411,'',863,142,84,873,0,'FF',9,0.00,NULL,0,0,0,NULL,3,NULL,'Max:','','on',8,24),(3412,'',864,142,84,869,475,'FF',8,0.00,NULL,0,0,0,NULL,1,NULL,'Close','','',8,25),(3413,'',865,142,84,869,0,'FF',9,0.00,NULL,0,0,0,NULL,4,NULL,'Cur:','','',8,26),(3414,'',866,142,84,869,0,'FF',9,0.00,NULL,0,0,0,NULL,1,NULL,'Avg:','','',8,27),(3415,'',867,142,84,869,0,'FF',9,0.00,NULL,0,0,0,NULL,3,NULL,'Max:','','on',8,28),(3416,'',868,142,84,878,474,'FF',8,0.00,NULL,0,0,0,NULL,1,NULL,'Close Wait','','',8,29),(3417,'',869,142,84,878,0,'FF',9,0.00,NULL,0,0,0,NULL,4,NULL,'Cur:','','',8,30),(3418,'',870,142,84,878,0,'FF',9,0.00,NULL,0,0,0,NULL,1,NULL,'Avg:','','',8,31),(3419,'',871,142,84,878,0,'FF',9,0.00,NULL,0,0,0,NULL,3,NULL,'Max:','','on',8,32),(3420,'',872,142,84,876,478,'FF',8,0.00,NULL,0,0,0,NULL,1,NULL,'Last Ack','','',8,33),(3421,'',873,142,84,876,0,'FF',9,0.00,NULL,0,0,0,NULL,4,NULL,'Cur:','','',8,34),(3422,'',874,142,84,876,0,'FF',9,0.00,NULL,0,0,0,NULL,1,NULL,'Avg:','','',8,35),(3423,'',875,142,84,876,0,'FF',9,0.00,NULL,0,0,0,NULL,3,NULL,'Max:','','on',8,36),(3424,'',876,142,84,872,485,'FF',8,0.00,NULL,0,0,0,NULL,1,NULL,'Listen','','',8,37),(3425,'',877,142,84,872,0,'FF',9,0.00,NULL,0,0,0,NULL,4,NULL,'Cur:','','',8,38),(3426,'',878,142,84,872,0,'FF',9,0.00,NULL,0,0,0,NULL,1,NULL,'Avg:','','',8,39),(3427,'',879,142,84,872,0,'FF',9,0.00,NULL,0,0,0,NULL,3,NULL,'Max:','','on',8,40),(3428,'',880,142,84,874,486,'FF',8,0.00,NULL,0,0,0,NULL,1,NULL,'Closing','','',8,41),(3429,'',881,142,84,874,0,'FF',9,0.00,NULL,0,0,0,NULL,4,NULL,'Cur:','','',8,42),(3430,'',882,142,84,874,0,'FF',9,0.00,NULL,0,0,0,NULL,1,NULL,'Avg:','','',8,43),(3431,'',883,142,84,874,0,'FF',9,0.00,NULL,0,0,0,NULL,3,NULL,'Max:','','on',8,44),(3432,'',884,142,84,877,487,'FF',8,0.00,NULL,0,0,0,NULL,1,NULL,'Unknown','','',8,45),(3433,'',885,142,84,877,0,'FF',9,0.00,NULL,0,0,0,NULL,4,NULL,'Cur:','','',8,46),(3434,'',886,142,84,877,0,'FF',9,0.00,NULL,0,0,0,NULL,1,NULL,'Avg:','','',8,47),(3435,'',887,142,84,877,0,'FF',9,0.00,NULL,0,0,0,NULL,3,NULL,'Max:','','on',8,48),(3444,'',788,144,81,882,472,'FF',7,0.00,NULL,0,0,0,NULL,1,NULL,'Used','','',8,1),(3445,'',789,144,81,882,0,'FF',9,0.00,NULL,0,0,0,NULL,4,NULL,'Cur:','','',8,2),(3446,'',790,144,81,882,0,'FF',9,0.00,NULL,0,0,0,NULL,1,NULL,'Avg:','','',8,3),(3447,'',791,144,81,882,0,'FF',9,0.00,NULL,0,0,0,NULL,3,NULL,'Max:','','on',8,4),(3448,'',792,144,81,883,473,'FF',8,0.00,NULL,0,0,0,NULL,1,NULL,'Available','','',8,5),(3449,'',793,144,81,883,0,'FF',9,0.00,NULL,0,0,0,NULL,4,NULL,'Cur:','','',8,6),(3450,'',794,144,81,883,0,'FF',9,0.00,NULL,0,0,0,NULL,1,NULL,'Avg:','','',8,7),(3451,'',795,144,81,883,0,'FF',9,0.00,NULL,0,0,0,NULL,3,NULL,'Max:','','on',8,8),(3452,'',796,145,82,885,22,'FF',7,0.00,NULL,0,20,0,NULL,1,NULL,'Inbound','','',8,1),(3453,'',797,145,82,885,0,'FF',9,0.00,NULL,0,20,0,NULL,4,NULL,'Cur:','','',8,2),(3454,'',798,145,82,885,0,'FF',9,0.00,NULL,0,20,0,NULL,1,NULL,'Avg:','','',8,3),(3455,'',799,145,82,885,0,'FF',9,0.00,NULL,0,20,0,NULL,3,NULL,'Max:','','on',8,4),(3456,'',800,145,82,884,20,'FF',4,0.00,NULL,0,20,0,NULL,1,NULL,'Outbound','','',8,5),(3457,'',801,145,82,884,0,'FF',9,0.00,NULL,0,20,0,NULL,4,NULL,'Cur:','','',8,6),(3458,'',802,145,82,884,0,'FF',9,0.00,NULL,0,20,0,NULL,1,NULL,'Avg:','','',8,7),(3459,'',803,145,82,884,0,'FF',9,0.00,NULL,0,20,0,NULL,3,NULL,'Max:','','on',8,8),(3468,'',668,148,70,888,442,'FF',7,0.00,NULL,0,0,0,NULL,1,NULL,'Forks','','',8,1),(3469,'',669,148,70,888,0,'FF',9,0.00,NULL,0,0,0,NULL,4,NULL,'Cur:','','',8,2),(3470,'',670,148,70,888,0,'FF',9,0.00,NULL,0,0,0,NULL,1,NULL,'Avg:','','',8,3),(3471,'',671,148,70,888,0,'FF',9,0.00,NULL,0,0,0,NULL,3,NULL,'Max:','','on',8,4),(3472,'',672,149,71,897,443,'FF',7,0.00,NULL,0,0,0,NULL,1,NULL,'CPU User','','',8,1),(3473,'',673,149,71,897,0,'FF',9,0.00,NULL,0,0,0,NULL,4,NULL,'Cur:','','',8,2),(3474,'',674,149,71,897,0,'FF',9,0.00,NULL,0,0,0,NULL,1,NULL,'Avg:','','',8,3),(3475,'',675,149,71,897,0,'FF',9,0.00,NULL,0,0,0,NULL,3,NULL,'Max:','','on',8,4),(3476,'',676,149,71,889,444,'FF',8,0.00,NULL,0,0,0,NULL,1,NULL,'CPU Nice','','',8,5),(3477,'',677,149,71,889,0,'FF',9,0.00,NULL,0,0,0,NULL,4,NULL,'Cur:','','',8,6),(3478,'',678,149,71,889,0,'FF',9,0.00,NULL,0,0,0,NULL,1,NULL,'Avg:','','',8,7),(3479,'',679,149,71,889,0,'FF',9,0.00,NULL,0,0,0,NULL,3,NULL,'Max:','','on',8,8),(3480,'',680,149,71,894,445,'FF',8,0.00,NULL,0,0,0,NULL,1,NULL,'CPU System','','',8,9),(3481,'',681,149,71,894,0,'FF',9,0.00,NULL,0,0,0,NULL,4,NULL,'Cur:','','',8,10),(3482,'',682,149,71,894,0,'FF',9,0.00,NULL,0,0,0,NULL,1,NULL,'Avg:','','',8,11),(3483,'',683,149,71,894,0,'FF',9,0.00,NULL,0,0,0,NULL,3,NULL,'Max:','','on',8,12),(3484,'',684,149,71,891,446,'FF',8,0.00,NULL,0,0,0,NULL,1,NULL,'CPU Idle','','',8,13),(3485,'',685,149,71,891,0,'FF',9,0.00,NULL,0,0,0,NULL,4,NULL,'Cur:','','',8,14),(3486,'',686,149,71,891,0,'FF',9,0.00,NULL,0,0,0,NULL,1,NULL,'Avg:','','',8,15),(3487,'',687,149,71,891,0,'FF',9,0.00,NULL,0,0,0,NULL,3,NULL,'Max:','','on',8,16),(3488,'',688,149,71,893,447,'FF',8,0.00,NULL,0,0,0,NULL,1,NULL,'CPU Iowait','','',8,17),(3489,'',689,149,71,893,0,'FF',9,0.00,NULL,0,0,0,NULL,4,NULL,'Cur:','','',8,18),(3490,'',690,149,71,893,0,'FF',9,0.00,NULL,0,0,0,NULL,1,NULL,'Avg:','','',8,19),(3491,'',691,149,71,893,0,'FF',9,0.00,NULL,0,0,0,NULL,3,NULL,'Max:','','on',8,20),(3492,'',692,149,71,892,448,'FF',8,0.00,NULL,0,0,0,NULL,1,NULL,'CPU Irq','','',8,21),(3493,'',693,149,71,892,0,'FF',9,0.00,NULL,0,0,0,NULL,4,NULL,'Cur:','','',8,22),(3494,'',694,149,71,892,0,'FF',9,0.00,NULL,0,0,0,NULL,1,NULL,'Avg:','','',8,23),(3495,'',695,149,71,892,0,'FF',9,0.00,NULL,0,0,0,NULL,3,NULL,'Max:','','on',8,24),(3496,'',696,149,71,896,449,'FF',8,0.00,NULL,0,0,0,NULL,1,NULL,'CPU Softirq','','',8,25),(3497,'',697,149,71,896,0,'FF',9,0.00,NULL,0,0,0,NULL,4,NULL,'Cur:','','',8,26),(3498,'',698,149,71,896,0,'FF',9,0.00,NULL,0,0,0,NULL,1,NULL,'Avg:','','',8,27),(3499,'',699,149,71,896,0,'FF',9,0.00,NULL,0,0,0,NULL,3,NULL,'Max:','','on',8,28),(3500,'',700,149,71,890,450,'FF',8,0.00,NULL,0,0,0,NULL,1,NULL,'CPU Steal','','',8,29),(3501,'',701,149,71,890,0,'FF',9,0.00,NULL,0,0,0,NULL,4,NULL,'Cur:','','',8,30),(3502,'',702,149,71,890,0,'FF',9,0.00,NULL,0,0,0,NULL,1,NULL,'Avg:','','',8,31),(3503,'',703,149,71,890,0,'FF',9,0.00,NULL,0,0,0,NULL,3,NULL,'Max:','','on',8,32),(3504,'',704,149,71,895,451,'FF',8,0.00,NULL,0,0,0,NULL,1,NULL,'CPU Guest','','',8,33),(3505,'',705,149,71,895,0,'FF',9,0.00,NULL,0,0,0,NULL,4,NULL,'Cur:','','',8,34),(3506,'',706,149,71,895,0,'FF',9,0.00,NULL,0,0,0,NULL,1,NULL,'Avg:','','',8,35),(3507,'',707,149,71,895,0,'FF',9,0.00,NULL,0,0,0,NULL,3,NULL,'Max:','','on',8,36),(3508,'',708,150,72,898,452,'FF',7,0.00,NULL,0,0,0,NULL,1,NULL,'Loadavg','','',8,1),(3509,'',709,150,72,898,0,'FF',9,0.00,NULL,0,0,0,NULL,4,NULL,'Cur:','','',8,2),(3510,'',710,150,72,898,0,'FF',9,0.00,NULL,0,0,0,NULL,1,NULL,'Avg:','','',8,3),(3511,'',711,150,72,898,0,'FF',9,0.00,NULL,0,0,0,NULL,3,NULL,'Max:','','on',8,4),(3512,'',712,151,73,899,453,'FF',7,0.00,NULL,0,0,0,NULL,1,NULL,'Numusers','','',8,1),(3513,'',713,151,73,899,0,'FF',9,0.00,NULL,0,0,0,NULL,4,NULL,'Cur:','','',8,2),(3514,'',714,151,73,899,0,'FF',9,0.00,NULL,0,0,0,NULL,1,NULL,'Avg:','','',8,3),(3515,'',715,151,73,899,0,'FF',9,0.00,NULL,0,0,0,NULL,3,NULL,'Max:','','on',8,4),(3516,'',716,152,74,900,454,'FF',7,0.00,NULL,0,0,0,NULL,1,NULL,'Memused','','',8,1),(3517,'',717,152,74,900,0,'FF',9,0.00,NULL,0,0,0,NULL,4,NULL,'Cur:','','',8,2),(3518,'',718,152,74,900,0,'FF',9,0.00,NULL,0,0,0,NULL,1,NULL,'Avg:','','',8,3),(3519,'',719,152,74,900,0,'FF',9,0.00,NULL,0,0,0,NULL,3,NULL,'Max:','','on',8,4),(3520,'',720,152,74,902,455,'FF',8,0.00,NULL,0,0,0,NULL,1,NULL,'Memcached','','',8,5),(3521,'',721,152,74,902,0,'FF',9,0.00,NULL,0,0,0,NULL,4,NULL,'Cur:','','',8,6),(3522,'',722,152,74,902,0,'FF',9,0.00,NULL,0,0,0,NULL,1,NULL,'Avg:','','',8,7),(3523,'',723,152,74,902,0,'FF',9,0.00,NULL,0,0,0,NULL,3,NULL,'Max:','','on',8,8),(3524,'',724,152,74,901,456,'FF',8,0.00,NULL,0,0,0,NULL,1,NULL,'Membuffer','','',8,9),(3525,'',725,152,74,901,0,'FF',9,0.00,NULL,0,0,0,NULL,4,NULL,'Cur:','','',8,10),(3526,'',726,152,74,901,0,'FF',9,0.00,NULL,0,0,0,NULL,1,NULL,'Avg:','','',8,11),(3527,'',727,152,74,901,0,'FF',9,0.00,NULL,0,0,0,NULL,3,NULL,'Max:','','on',8,12),(3528,'',728,152,74,904,457,'FF',8,0.00,NULL,0,0,0,NULL,1,NULL,'Memshared','','',8,13),(3529,'',729,152,74,904,0,'FF',9,0.00,NULL,0,0,0,NULL,4,NULL,'Cur:','','',8,14),(3530,'',730,152,74,904,0,'FF',9,0.00,NULL,0,0,0,NULL,1,NULL,'Avg:','','',8,15),(3531,'',731,152,74,904,0,'FF',9,0.00,NULL,0,0,0,NULL,3,NULL,'Max:','','on',8,16),(3532,'',732,152,74,903,458,'FF',8,0.00,NULL,0,0,0,NULL,1,NULL,'Memfree','','',8,17),(3533,'',733,152,74,903,0,'FF',9,0.00,NULL,0,0,0,NULL,4,NULL,'Cur:','','',8,18),(3534,'',734,152,74,903,0,'FF',9,0.00,NULL,0,0,0,NULL,1,NULL,'Avg:','','',8,19),(3535,'',735,152,74,903,0,'FF',9,0.00,NULL,0,0,0,NULL,3,NULL,'Max:','','on',8,20),(3536,'',840,153,84,906,480,'FF',7,0.00,NULL,0,0,0,NULL,1,NULL,'Established','','',8,1),(3537,'',841,153,84,906,0,'FF',9,0.00,NULL,0,0,0,NULL,4,NULL,'Cur:','','',8,2),(3538,'',842,153,84,906,0,'FF',9,0.00,NULL,0,0,0,NULL,1,NULL,'Avg:','','',8,3),(3539,'',843,153,84,906,0,'FF',9,0.00,NULL,0,0,0,NULL,3,NULL,'Max:','','on',8,4),(3540,'',844,153,84,909,481,'FF',8,0.00,NULL,0,0,0,NULL,1,NULL,'Syn Sent','','',8,5),(3541,'',845,153,84,909,0,'FF',9,0.00,NULL,0,0,0,NULL,4,NULL,'Cur:','','',8,6),(3542,'',846,153,84,909,0,'FF',9,0.00,NULL,0,0,0,NULL,1,NULL,'Avg:','','',8,7),(3543,'',847,153,84,909,0,'FF',9,0.00,NULL,0,0,0,NULL,3,NULL,'Max:','','on',8,8),(3544,'',848,153,84,913,482,'FF',8,0.00,NULL,0,0,0,NULL,1,NULL,'Syn Recv','','',8,9),(3545,'',849,153,84,913,0,'FF',9,0.00,NULL,0,0,0,NULL,4,NULL,'Cur:','','',8,10),(3546,'',850,153,84,913,0,'FF',9,0.00,NULL,0,0,0,NULL,1,NULL,'Avg:','','',8,11),(3547,'',851,153,84,913,0,'FF',9,0.00,NULL,0,0,0,NULL,3,NULL,'Max:','','on',8,12),(3548,'',852,153,84,917,483,'FF',8,0.00,NULL,0,0,0,NULL,1,NULL,'Fin Wait1','','',8,13),(3549,'',853,153,84,917,0,'FF',9,0.00,NULL,0,0,0,NULL,4,NULL,'Cur:','','',8,14),(3550,'',854,153,84,917,0,'FF',9,0.00,NULL,0,0,0,NULL,1,NULL,'Avg:','','',8,15),(3551,'',855,153,84,917,0,'FF',9,0.00,NULL,0,0,0,NULL,3,NULL,'Max:','','on',8,16),(3552,'',856,153,84,908,484,'FF',8,0.00,NULL,0,0,0,NULL,1,NULL,'Fin Wait2','','',8,17),(3553,'',857,153,84,908,0,'FF',9,0.00,NULL,0,0,0,NULL,4,NULL,'Cur:','','',8,18),(3554,'',858,153,84,908,0,'FF',9,0.00,NULL,0,0,0,NULL,1,NULL,'Avg:','','',8,19),(3555,'',859,153,84,908,0,'FF',9,0.00,NULL,0,0,0,NULL,3,NULL,'Max:','','on',8,20),(3556,'',860,153,84,911,476,'FF',8,0.00,NULL,0,0,0,NULL,1,NULL,'Time Wait','','',8,21),(3557,'',861,153,84,911,0,'FF',9,0.00,NULL,0,0,0,NULL,4,NULL,'Cur:','','',8,22),(3558,'',862,153,84,911,0,'FF',9,0.00,NULL,0,0,0,NULL,1,NULL,'Avg:','','',8,23),(3559,'',863,153,84,911,0,'FF',9,0.00,NULL,0,0,0,NULL,3,NULL,'Max:','','on',8,24),(3560,'',864,153,84,907,475,'FF',8,0.00,NULL,0,0,0,NULL,1,NULL,'Close','','',8,25),(3561,'',865,153,84,907,0,'FF',9,0.00,NULL,0,0,0,NULL,4,NULL,'Cur:','','',8,26),(3562,'',866,153,84,907,0,'FF',9,0.00,NULL,0,0,0,NULL,1,NULL,'Avg:','','',8,27),(3563,'',867,153,84,907,0,'FF',9,0.00,NULL,0,0,0,NULL,3,NULL,'Max:','','on',8,28),(3564,'',868,153,84,916,474,'FF',8,0.00,NULL,0,0,0,NULL,1,NULL,'Close Wait','','',8,29),(3565,'',869,153,84,916,0,'FF',9,0.00,NULL,0,0,0,NULL,4,NULL,'Cur:','','',8,30),(3566,'',870,153,84,916,0,'FF',9,0.00,NULL,0,0,0,NULL,1,NULL,'Avg:','','',8,31),(3567,'',871,153,84,916,0,'FF',9,0.00,NULL,0,0,0,NULL,3,NULL,'Max:','','on',8,32),(3568,'',872,153,84,914,478,'FF',8,0.00,NULL,0,0,0,NULL,1,NULL,'Last Ack','','',8,33),(3569,'',873,153,84,914,0,'FF',9,0.00,NULL,0,0,0,NULL,4,NULL,'Cur:','','',8,34),(3570,'',874,153,84,914,0,'FF',9,0.00,NULL,0,0,0,NULL,1,NULL,'Avg:','','',8,35),(3571,'',875,153,84,914,0,'FF',9,0.00,NULL,0,0,0,NULL,3,NULL,'Max:','','on',8,36),(3572,'',876,153,84,910,485,'FF',8,0.00,NULL,0,0,0,NULL,1,NULL,'Listen','','',8,37),(3573,'',877,153,84,910,0,'FF',9,0.00,NULL,0,0,0,NULL,4,NULL,'Cur:','','',8,38),(3574,'',878,153,84,910,0,'FF',9,0.00,NULL,0,0,0,NULL,1,NULL,'Avg:','','',8,39),(3575,'',879,153,84,910,0,'FF',9,0.00,NULL,0,0,0,NULL,3,NULL,'Max:','','on',8,40),(3576,'',880,153,84,912,486,'FF',8,0.00,NULL,0,0,0,NULL,1,NULL,'Closing','','',8,41),(3577,'',881,153,84,912,0,'FF',9,0.00,NULL,0,0,0,NULL,4,NULL,'Cur:','','',8,42),(3578,'',882,153,84,912,0,'FF',9,0.00,NULL,0,0,0,NULL,1,NULL,'Avg:','','',8,43),(3579,'',883,153,84,912,0,'FF',9,0.00,NULL,0,0,0,NULL,3,NULL,'Max:','','on',8,44),(3580,'',884,153,84,915,487,'FF',8,0.00,NULL,0,0,0,NULL,1,NULL,'Unknown','','',8,45),(3581,'',885,153,84,915,0,'FF',9,0.00,NULL,0,0,0,NULL,4,NULL,'Cur:','','',8,46),(3582,'',886,153,84,915,0,'FF',9,0.00,NULL,0,0,0,NULL,1,NULL,'Avg:','','',8,47),(3583,'',887,153,84,915,0,'FF',9,0.00,NULL,0,0,0,NULL,3,NULL,'Max:','','on',8,48),(3592,'',788,155,81,920,472,'FF',7,0.00,NULL,0,0,0,NULL,1,NULL,'Used','','',8,1),(3593,'',789,155,81,920,0,'FF',9,0.00,NULL,0,0,0,NULL,4,NULL,'Cur:','','',8,2),(3594,'',790,155,81,920,0,'FF',9,0.00,NULL,0,0,0,NULL,1,NULL,'Avg:','','',8,3),(3595,'',791,155,81,920,0,'FF',9,0.00,NULL,0,0,0,NULL,3,NULL,'Max:','','on',8,4),(3596,'',792,155,81,921,473,'FF',8,0.00,NULL,0,0,0,NULL,1,NULL,'Available','','',8,5),(3597,'',793,155,81,921,0,'FF',9,0.00,NULL,0,0,0,NULL,4,NULL,'Cur:','','',8,6),(3598,'',794,155,81,921,0,'FF',9,0.00,NULL,0,0,0,NULL,1,NULL,'Avg:','','',8,7),(3599,'',795,155,81,921,0,'FF',9,0.00,NULL,0,0,0,NULL,3,NULL,'Max:','','on',8,8),(3600,'',796,156,82,923,22,'FF',7,0.00,NULL,0,20,0,NULL,1,NULL,'Inbound','','',8,1),(3601,'',797,156,82,923,0,'FF',9,0.00,NULL,0,20,0,NULL,4,NULL,'Cur:','','',8,2),(3602,'',798,156,82,923,0,'FF',9,0.00,NULL,0,20,0,NULL,1,NULL,'Avg:','','',8,3),(3603,'',799,156,82,923,0,'FF',9,0.00,NULL,0,20,0,NULL,3,NULL,'Max:','','on',8,4),(3604,'',800,156,82,922,20,'FF',4,0.00,NULL,0,20,0,NULL,1,NULL,'Outbound','','',8,5),(3605,'',801,156,82,922,0,'FF',9,0.00,NULL,0,20,0,NULL,4,NULL,'Cur:','','',8,6),(3606,'',802,156,82,922,0,'FF',9,0.00,NULL,0,20,0,NULL,1,NULL,'Avg:','','',8,7),(3607,'',803,156,82,922,0,'FF',9,0.00,NULL,0,20,0,NULL,3,NULL,'Max:','','on',8,8),(3616,'',668,159,70,926,442,'FF',7,0.00,NULL,0,0,0,NULL,1,NULL,'Forks','','',8,1),(3617,'',669,159,70,926,0,'FF',9,0.00,NULL,0,0,0,NULL,4,NULL,'Cur:','','',8,2),(3618,'',670,159,70,926,0,'FF',9,0.00,NULL,0,0,0,NULL,1,NULL,'Avg:','','',8,3),(3619,'',671,159,70,926,0,'FF',9,0.00,NULL,0,0,0,NULL,3,NULL,'Max:','','on',8,4),(3620,'',672,160,71,935,443,'FF',7,0.00,NULL,0,0,0,NULL,1,NULL,'CPU User','','',8,1),(3621,'',673,160,71,935,0,'FF',9,0.00,NULL,0,0,0,NULL,4,NULL,'Cur:','','',8,2),(3622,'',674,160,71,935,0,'FF',9,0.00,NULL,0,0,0,NULL,1,NULL,'Avg:','','',8,3),(3623,'',675,160,71,935,0,'FF',9,0.00,NULL,0,0,0,NULL,3,NULL,'Max:','','on',8,4),(3624,'',676,160,71,927,444,'FF',8,0.00,NULL,0,0,0,NULL,1,NULL,'CPU Nice','','',8,5),(3625,'',677,160,71,927,0,'FF',9,0.00,NULL,0,0,0,NULL,4,NULL,'Cur:','','',8,6),(3626,'',678,160,71,927,0,'FF',9,0.00,NULL,0,0,0,NULL,1,NULL,'Avg:','','',8,7),(3627,'',679,160,71,927,0,'FF',9,0.00,NULL,0,0,0,NULL,3,NULL,'Max:','','on',8,8),(3628,'',680,160,71,932,445,'FF',8,0.00,NULL,0,0,0,NULL,1,NULL,'CPU System','','',8,9),(3629,'',681,160,71,932,0,'FF',9,0.00,NULL,0,0,0,NULL,4,NULL,'Cur:','','',8,10),(3630,'',682,160,71,932,0,'FF',9,0.00,NULL,0,0,0,NULL,1,NULL,'Avg:','','',8,11),(3631,'',683,160,71,932,0,'FF',9,0.00,NULL,0,0,0,NULL,3,NULL,'Max:','','on',8,12),(3632,'',684,160,71,929,446,'FF',8,0.00,NULL,0,0,0,NULL,1,NULL,'CPU Idle','','',8,13),(3633,'',685,160,71,929,0,'FF',9,0.00,NULL,0,0,0,NULL,4,NULL,'Cur:','','',8,14),(3634,'',686,160,71,929,0,'FF',9,0.00,NULL,0,0,0,NULL,1,NULL,'Avg:','','',8,15),(3635,'',687,160,71,929,0,'FF',9,0.00,NULL,0,0,0,NULL,3,NULL,'Max:','','on',8,16),(3636,'',688,160,71,931,447,'FF',8,0.00,NULL,0,0,0,NULL,1,NULL,'CPU Iowait','','',8,17),(3637,'',689,160,71,931,0,'FF',9,0.00,NULL,0,0,0,NULL,4,NULL,'Cur:','','',8,18),(3638,'',690,160,71,931,0,'FF',9,0.00,NULL,0,0,0,NULL,1,NULL,'Avg:','','',8,19),(3639,'',691,160,71,931,0,'FF',9,0.00,NULL,0,0,0,NULL,3,NULL,'Max:','','on',8,20),(3640,'',692,160,71,930,448,'FF',8,0.00,NULL,0,0,0,NULL,1,NULL,'CPU Irq','','',8,21),(3641,'',693,160,71,930,0,'FF',9,0.00,NULL,0,0,0,NULL,4,NULL,'Cur:','','',8,22),(3642,'',694,160,71,930,0,'FF',9,0.00,NULL,0,0,0,NULL,1,NULL,'Avg:','','',8,23),(3643,'',695,160,71,930,0,'FF',9,0.00,NULL,0,0,0,NULL,3,NULL,'Max:','','on',8,24),(3644,'',696,160,71,934,449,'FF',8,0.00,NULL,0,0,0,NULL,1,NULL,'CPU Softirq','','',8,25),(3645,'',697,160,71,934,0,'FF',9,0.00,NULL,0,0,0,NULL,4,NULL,'Cur:','','',8,26),(3646,'',698,160,71,934,0,'FF',9,0.00,NULL,0,0,0,NULL,1,NULL,'Avg:','','',8,27),(3647,'',699,160,71,934,0,'FF',9,0.00,NULL,0,0,0,NULL,3,NULL,'Max:','','on',8,28),(3648,'',700,160,71,928,450,'FF',8,0.00,NULL,0,0,0,NULL,1,NULL,'CPU Steal','','',8,29),(3649,'',701,160,71,928,0,'FF',9,0.00,NULL,0,0,0,NULL,4,NULL,'Cur:','','',8,30),(3650,'',702,160,71,928,0,'FF',9,0.00,NULL,0,0,0,NULL,1,NULL,'Avg:','','',8,31),(3651,'',703,160,71,928,0,'FF',9,0.00,NULL,0,0,0,NULL,3,NULL,'Max:','','on',8,32),(3652,'',704,160,71,933,451,'FF',8,0.00,NULL,0,0,0,NULL,1,NULL,'CPU Guest','','',8,33),(3653,'',705,160,71,933,0,'FF',9,0.00,NULL,0,0,0,NULL,4,NULL,'Cur:','','',8,34),(3654,'',706,160,71,933,0,'FF',9,0.00,NULL,0,0,0,NULL,1,NULL,'Avg:','','',8,35),(3655,'',707,160,71,933,0,'FF',9,0.00,NULL,0,0,0,NULL,3,NULL,'Max:','','on',8,36),(3656,'',708,161,72,936,452,'FF',7,0.00,NULL,0,0,0,NULL,1,NULL,'Loadavg','','',8,1),(3657,'',709,161,72,936,0,'FF',9,0.00,NULL,0,0,0,NULL,4,NULL,'Cur:','','',8,2),(3658,'',710,161,72,936,0,'FF',9,0.00,NULL,0,0,0,NULL,1,NULL,'Avg:','','',8,3),(3659,'',711,161,72,936,0,'FF',9,0.00,NULL,0,0,0,NULL,3,NULL,'Max:','','on',8,4),(3660,'',712,162,73,937,453,'FF',7,0.00,NULL,0,0,0,NULL,1,NULL,'Numusers','','',8,1),(3661,'',713,162,73,937,0,'FF',9,0.00,NULL,0,0,0,NULL,4,NULL,'Cur:','','',8,2),(3662,'',714,162,73,937,0,'FF',9,0.00,NULL,0,0,0,NULL,1,NULL,'Avg:','','',8,3),(3663,'',715,162,73,937,0,'FF',9,0.00,NULL,0,0,0,NULL,3,NULL,'Max:','','on',8,4),(3664,'',716,163,74,938,454,'FF',7,0.00,NULL,0,0,0,NULL,1,NULL,'Memused','','',8,1),(3665,'',717,163,74,938,0,'FF',9,0.00,NULL,0,0,0,NULL,4,NULL,'Cur:','','',8,2),(3666,'',718,163,74,938,0,'FF',9,0.00,NULL,0,0,0,NULL,1,NULL,'Avg:','','',8,3),(3667,'',719,163,74,938,0,'FF',9,0.00,NULL,0,0,0,NULL,3,NULL,'Max:','','on',8,4),(3668,'',720,163,74,940,455,'FF',8,0.00,NULL,0,0,0,NULL,1,NULL,'Memcached','','',8,5),(3669,'',721,163,74,940,0,'FF',9,0.00,NULL,0,0,0,NULL,4,NULL,'Cur:','','',8,6),(3670,'',722,163,74,940,0,'FF',9,0.00,NULL,0,0,0,NULL,1,NULL,'Avg:','','',8,7),(3671,'',723,163,74,940,0,'FF',9,0.00,NULL,0,0,0,NULL,3,NULL,'Max:','','on',8,8),(3672,'',724,163,74,939,456,'FF',8,0.00,NULL,0,0,0,NULL,1,NULL,'Membuffer','','',8,9),(3673,'',725,163,74,939,0,'FF',9,0.00,NULL,0,0,0,NULL,4,NULL,'Cur:','','',8,10),(3674,'',726,163,74,939,0,'FF',9,0.00,NULL,0,0,0,NULL,1,NULL,'Avg:','','',8,11),(3675,'',727,163,74,939,0,'FF',9,0.00,NULL,0,0,0,NULL,3,NULL,'Max:','','on',8,12),(3676,'',728,163,74,942,457,'FF',8,0.00,NULL,0,0,0,NULL,1,NULL,'Memshared','','',8,13),(3677,'',729,163,74,942,0,'FF',9,0.00,NULL,0,0,0,NULL,4,NULL,'Cur:','','',8,14),(3678,'',730,163,74,942,0,'FF',9,0.00,NULL,0,0,0,NULL,1,NULL,'Avg:','','',8,15),(3679,'',731,163,74,942,0,'FF',9,0.00,NULL,0,0,0,NULL,3,NULL,'Max:','','on',8,16),(3680,'',732,163,74,941,458,'FF',8,0.00,NULL,0,0,0,NULL,1,NULL,'Memfree','','',8,17),(3681,'',733,163,74,941,0,'FF',9,0.00,NULL,0,0,0,NULL,4,NULL,'Cur:','','',8,18),(3682,'',734,163,74,941,0,'FF',9,0.00,NULL,0,0,0,NULL,1,NULL,'Avg:','','',8,19),(3683,'',735,163,74,941,0,'FF',9,0.00,NULL,0,0,0,NULL,3,NULL,'Max:','','on',8,20),(3684,'',840,164,84,944,480,'FF',7,0.00,NULL,0,0,0,NULL,1,NULL,'Established','','',8,1),(3685,'',841,164,84,944,0,'FF',9,0.00,NULL,0,0,0,NULL,4,NULL,'Cur:','','',8,2),(3686,'',842,164,84,944,0,'FF',9,0.00,NULL,0,0,0,NULL,1,NULL,'Avg:','','',8,3),(3687,'',843,164,84,944,0,'FF',9,0.00,NULL,0,0,0,NULL,3,NULL,'Max:','','on',8,4),(3688,'',844,164,84,947,481,'FF',8,0.00,NULL,0,0,0,NULL,1,NULL,'Syn Sent','','',8,5),(3689,'',845,164,84,947,0,'FF',9,0.00,NULL,0,0,0,NULL,4,NULL,'Cur:','','',8,6),(3690,'',846,164,84,947,0,'FF',9,0.00,NULL,0,0,0,NULL,1,NULL,'Avg:','','',8,7),(3691,'',847,164,84,947,0,'FF',9,0.00,NULL,0,0,0,NULL,3,NULL,'Max:','','on',8,8),(3692,'',848,164,84,951,482,'FF',8,0.00,NULL,0,0,0,NULL,1,NULL,'Syn Recv','','',8,9),(3693,'',849,164,84,951,0,'FF',9,0.00,NULL,0,0,0,NULL,4,NULL,'Cur:','','',8,10),(3694,'',850,164,84,951,0,'FF',9,0.00,NULL,0,0,0,NULL,1,NULL,'Avg:','','',8,11),(3695,'',851,164,84,951,0,'FF',9,0.00,NULL,0,0,0,NULL,3,NULL,'Max:','','on',8,12),(3696,'',852,164,84,955,483,'FF',8,0.00,NULL,0,0,0,NULL,1,NULL,'Fin Wait1','','',8,13),(3697,'',853,164,84,955,0,'FF',9,0.00,NULL,0,0,0,NULL,4,NULL,'Cur:','','',8,14),(3698,'',854,164,84,955,0,'FF',9,0.00,NULL,0,0,0,NULL,1,NULL,'Avg:','','',8,15),(3699,'',855,164,84,955,0,'FF',9,0.00,NULL,0,0,0,NULL,3,NULL,'Max:','','on',8,16),(3700,'',856,164,84,946,484,'FF',8,0.00,NULL,0,0,0,NULL,1,NULL,'Fin Wait2','','',8,17),(3701,'',857,164,84,946,0,'FF',9,0.00,NULL,0,0,0,NULL,4,NULL,'Cur:','','',8,18),(3702,'',858,164,84,946,0,'FF',9,0.00,NULL,0,0,0,NULL,1,NULL,'Avg:','','',8,19),(3703,'',859,164,84,946,0,'FF',9,0.00,NULL,0,0,0,NULL,3,NULL,'Max:','','on',8,20),(3704,'',860,164,84,949,476,'FF',8,0.00,NULL,0,0,0,NULL,1,NULL,'Time Wait','','',8,21),(3705,'',861,164,84,949,0,'FF',9,0.00,NULL,0,0,0,NULL,4,NULL,'Cur:','','',8,22),(3706,'',862,164,84,949,0,'FF',9,0.00,NULL,0,0,0,NULL,1,NULL,'Avg:','','',8,23),(3707,'',863,164,84,949,0,'FF',9,0.00,NULL,0,0,0,NULL,3,NULL,'Max:','','on',8,24),(3708,'',864,164,84,945,475,'FF',8,0.00,NULL,0,0,0,NULL,1,NULL,'Close','','',8,25),(3709,'',865,164,84,945,0,'FF',9,0.00,NULL,0,0,0,NULL,4,NULL,'Cur:','','',8,26),(3710,'',866,164,84,945,0,'FF',9,0.00,NULL,0,0,0,NULL,1,NULL,'Avg:','','',8,27),(3711,'',867,164,84,945,0,'FF',9,0.00,NULL,0,0,0,NULL,3,NULL,'Max:','','on',8,28),(3712,'',868,164,84,954,474,'FF',8,0.00,NULL,0,0,0,NULL,1,NULL,'Close Wait','','',8,29),(3713,'',869,164,84,954,0,'FF',9,0.00,NULL,0,0,0,NULL,4,NULL,'Cur:','','',8,30),(3714,'',870,164,84,954,0,'FF',9,0.00,NULL,0,0,0,NULL,1,NULL,'Avg:','','',8,31),(3715,'',871,164,84,954,0,'FF',9,0.00,NULL,0,0,0,NULL,3,NULL,'Max:','','on',8,32),(3716,'',872,164,84,952,478,'FF',8,0.00,NULL,0,0,0,NULL,1,NULL,'Last Ack','','',8,33),(3717,'',873,164,84,952,0,'FF',9,0.00,NULL,0,0,0,NULL,4,NULL,'Cur:','','',8,34),(3718,'',874,164,84,952,0,'FF',9,0.00,NULL,0,0,0,NULL,1,NULL,'Avg:','','',8,35),(3719,'',875,164,84,952,0,'FF',9,0.00,NULL,0,0,0,NULL,3,NULL,'Max:','','on',8,36),(3720,'',876,164,84,948,485,'FF',8,0.00,NULL,0,0,0,NULL,1,NULL,'Listen','','',8,37),(3721,'',877,164,84,948,0,'FF',9,0.00,NULL,0,0,0,NULL,4,NULL,'Cur:','','',8,38),(3722,'',878,164,84,948,0,'FF',9,0.00,NULL,0,0,0,NULL,1,NULL,'Avg:','','',8,39),(3723,'',879,164,84,948,0,'FF',9,0.00,NULL,0,0,0,NULL,3,NULL,'Max:','','on',8,40),(3724,'',880,164,84,950,486,'FF',8,0.00,NULL,0,0,0,NULL,1,NULL,'Closing','','',8,41),(3725,'',881,164,84,950,0,'FF',9,0.00,NULL,0,0,0,NULL,4,NULL,'Cur:','','',8,42),(3726,'',882,164,84,950,0,'FF',9,0.00,NULL,0,0,0,NULL,1,NULL,'Avg:','','',8,43),(3727,'',883,164,84,950,0,'FF',9,0.00,NULL,0,0,0,NULL,3,NULL,'Max:','','on',8,44),(3728,'',884,164,84,953,487,'FF',8,0.00,NULL,0,0,0,NULL,1,NULL,'Unknown','','',8,45),(3729,'',885,164,84,953,0,'FF',9,0.00,NULL,0,0,0,NULL,4,NULL,'Cur:','','',8,46),(3730,'',886,164,84,953,0,'FF',9,0.00,NULL,0,0,0,NULL,1,NULL,'Avg:','','',8,47),(3731,'',887,164,84,953,0,'FF',9,0.00,NULL,0,0,0,NULL,3,NULL,'Max:','','on',8,48),(3740,'',788,166,81,958,472,'FF',7,0.00,NULL,0,0,0,NULL,1,NULL,'Used','','',8,1),(3741,'',789,166,81,958,0,'FF',9,0.00,NULL,0,0,0,NULL,4,NULL,'Cur:','','',8,2),(3742,'',790,166,81,958,0,'FF',9,0.00,NULL,0,0,0,NULL,1,NULL,'Avg:','','',8,3),(3743,'',791,166,81,958,0,'FF',9,0.00,NULL,0,0,0,NULL,3,NULL,'Max:','','on',8,4),(3744,'',792,166,81,959,473,'FF',8,0.00,NULL,0,0,0,NULL,1,NULL,'Available','','',8,5),(3745,'',793,166,81,959,0,'FF',9,0.00,NULL,0,0,0,NULL,4,NULL,'Cur:','','',8,6),(3746,'',794,166,81,959,0,'FF',9,0.00,NULL,0,0,0,NULL,1,NULL,'Avg:','','',8,7),(3747,'',795,166,81,959,0,'FF',9,0.00,NULL,0,0,0,NULL,3,NULL,'Max:','','on',8,8),(3748,'',796,167,82,961,22,'FF',7,0.00,NULL,0,20,0,NULL,1,NULL,'Inbound','','',8,1),(3749,'',797,167,82,961,0,'FF',9,0.00,NULL,0,20,0,NULL,4,NULL,'Cur:','','',8,2),(3750,'',798,167,82,961,0,'FF',9,0.00,NULL,0,20,0,NULL,1,NULL,'Avg:','','',8,3),(3751,'',799,167,82,961,0,'FF',9,0.00,NULL,0,20,0,NULL,3,NULL,'Max:','','on',8,4),(3752,'',800,167,82,960,20,'FF',4,0.00,NULL,0,20,0,NULL,1,NULL,'Outbound','','',8,5),(3753,'',801,167,82,960,0,'FF',9,0.00,NULL,0,20,0,NULL,4,NULL,'Cur:','','',8,6),(3754,'',802,167,82,960,0,'FF',9,0.00,NULL,0,20,0,NULL,1,NULL,'Avg:','','',8,7),(3755,'',803,167,82,960,0,'FF',9,0.00,NULL,0,20,0,NULL,3,NULL,'Max:','','on',8,8),(3764,'',668,170,70,964,442,'FF',7,0.00,NULL,0,0,0,NULL,1,NULL,'Forks','','',8,1),(3765,'',669,170,70,964,0,'FF',9,0.00,NULL,0,0,0,NULL,4,NULL,'Cur:','','',8,2),(3766,'',670,170,70,964,0,'FF',9,0.00,NULL,0,0,0,NULL,1,NULL,'Avg:','','',8,3),(3767,'',671,170,70,964,0,'FF',9,0.00,NULL,0,0,0,NULL,3,NULL,'Max:','','on',8,4),(3768,'',672,171,71,973,443,'FF',7,0.00,NULL,0,0,0,NULL,1,NULL,'CPU User','','',8,1),(3769,'',673,171,71,973,0,'FF',9,0.00,NULL,0,0,0,NULL,4,NULL,'Cur:','','',8,2),(3770,'',674,171,71,973,0,'FF',9,0.00,NULL,0,0,0,NULL,1,NULL,'Avg:','','',8,3),(3771,'',675,171,71,973,0,'FF',9,0.00,NULL,0,0,0,NULL,3,NULL,'Max:','','on',8,4),(3772,'',676,171,71,965,444,'FF',8,0.00,NULL,0,0,0,NULL,1,NULL,'CPU Nice','','',8,5),(3773,'',677,171,71,965,0,'FF',9,0.00,NULL,0,0,0,NULL,4,NULL,'Cur:','','',8,6),(3774,'',678,171,71,965,0,'FF',9,0.00,NULL,0,0,0,NULL,1,NULL,'Avg:','','',8,7),(3775,'',679,171,71,965,0,'FF',9,0.00,NULL,0,0,0,NULL,3,NULL,'Max:','','on',8,8),(3776,'',680,171,71,970,445,'FF',8,0.00,NULL,0,0,0,NULL,1,NULL,'CPU System','','',8,9),(3777,'',681,171,71,970,0,'FF',9,0.00,NULL,0,0,0,NULL,4,NULL,'Cur:','','',8,10),(3778,'',682,171,71,970,0,'FF',9,0.00,NULL,0,0,0,NULL,1,NULL,'Avg:','','',8,11),(3779,'',683,171,71,970,0,'FF',9,0.00,NULL,0,0,0,NULL,3,NULL,'Max:','','on',8,12),(3780,'',684,171,71,967,446,'FF',8,0.00,NULL,0,0,0,NULL,1,NULL,'CPU Idle','','',8,13),(3781,'',685,171,71,967,0,'FF',9,0.00,NULL,0,0,0,NULL,4,NULL,'Cur:','','',8,14),(3782,'',686,171,71,967,0,'FF',9,0.00,NULL,0,0,0,NULL,1,NULL,'Avg:','','',8,15),(3783,'',687,171,71,967,0,'FF',9,0.00,NULL,0,0,0,NULL,3,NULL,'Max:','','on',8,16),(3784,'',688,171,71,969,447,'FF',8,0.00,NULL,0,0,0,NULL,1,NULL,'CPU Iowait','','',8,17),(3785,'',689,171,71,969,0,'FF',9,0.00,NULL,0,0,0,NULL,4,NULL,'Cur:','','',8,18),(3786,'',690,171,71,969,0,'FF',9,0.00,NULL,0,0,0,NULL,1,NULL,'Avg:','','',8,19),(3787,'',691,171,71,969,0,'FF',9,0.00,NULL,0,0,0,NULL,3,NULL,'Max:','','on',8,20),(3788,'',692,171,71,968,448,'FF',8,0.00,NULL,0,0,0,NULL,1,NULL,'CPU Irq','','',8,21),(3789,'',693,171,71,968,0,'FF',9,0.00,NULL,0,0,0,NULL,4,NULL,'Cur:','','',8,22),(3790,'',694,171,71,968,0,'FF',9,0.00,NULL,0,0,0,NULL,1,NULL,'Avg:','','',8,23),(3791,'',695,171,71,968,0,'FF',9,0.00,NULL,0,0,0,NULL,3,NULL,'Max:','','on',8,24),(3792,'',696,171,71,972,449,'FF',8,0.00,NULL,0,0,0,NULL,1,NULL,'CPU Softirq','','',8,25),(3793,'',697,171,71,972,0,'FF',9,0.00,NULL,0,0,0,NULL,4,NULL,'Cur:','','',8,26),(3794,'',698,171,71,972,0,'FF',9,0.00,NULL,0,0,0,NULL,1,NULL,'Avg:','','',8,27),(3795,'',699,171,71,972,0,'FF',9,0.00,NULL,0,0,0,NULL,3,NULL,'Max:','','on',8,28),(3796,'',700,171,71,966,450,'FF',8,0.00,NULL,0,0,0,NULL,1,NULL,'CPU Steal','','',8,29),(3797,'',701,171,71,966,0,'FF',9,0.00,NULL,0,0,0,NULL,4,NULL,'Cur:','','',8,30),(3798,'',702,171,71,966,0,'FF',9,0.00,NULL,0,0,0,NULL,1,NULL,'Avg:','','',8,31),(3799,'',703,171,71,966,0,'FF',9,0.00,NULL,0,0,0,NULL,3,NULL,'Max:','','on',8,32),(3800,'',704,171,71,971,451,'FF',8,0.00,NULL,0,0,0,NULL,1,NULL,'CPU Guest','','',8,33),(3801,'',705,171,71,971,0,'FF',9,0.00,NULL,0,0,0,NULL,4,NULL,'Cur:','','',8,34),(3802,'',706,171,71,971,0,'FF',9,0.00,NULL,0,0,0,NULL,1,NULL,'Avg:','','',8,35),(3803,'',707,171,71,971,0,'FF',9,0.00,NULL,0,0,0,NULL,3,NULL,'Max:','','on',8,36),(3804,'',708,172,72,974,452,'FF',7,0.00,NULL,0,0,0,NULL,1,NULL,'Loadavg','','',8,1),(3805,'',709,172,72,974,0,'FF',9,0.00,NULL,0,0,0,NULL,4,NULL,'Cur:','','',8,2),(3806,'',710,172,72,974,0,'FF',9,0.00,NULL,0,0,0,NULL,1,NULL,'Avg:','','',8,3),(3807,'',711,172,72,974,0,'FF',9,0.00,NULL,0,0,0,NULL,3,NULL,'Max:','','on',8,4),(3808,'',712,173,73,975,453,'FF',7,0.00,NULL,0,0,0,NULL,1,NULL,'Numusers','','',8,1),(3809,'',713,173,73,975,0,'FF',9,0.00,NULL,0,0,0,NULL,4,NULL,'Cur:','','',8,2),(3810,'',714,173,73,975,0,'FF',9,0.00,NULL,0,0,0,NULL,1,NULL,'Avg:','','',8,3),(3811,'',715,173,73,975,0,'FF',9,0.00,NULL,0,0,0,NULL,3,NULL,'Max:','','on',8,4),(3812,'',716,174,74,976,454,'FF',7,0.00,NULL,0,0,0,NULL,1,NULL,'Memused','','',8,1),(3813,'',717,174,74,976,0,'FF',9,0.00,NULL,0,0,0,NULL,4,NULL,'Cur:','','',8,2),(3814,'',718,174,74,976,0,'FF',9,0.00,NULL,0,0,0,NULL,1,NULL,'Avg:','','',8,3),(3815,'',719,174,74,976,0,'FF',9,0.00,NULL,0,0,0,NULL,3,NULL,'Max:','','on',8,4),(3816,'',720,174,74,978,455,'FF',8,0.00,NULL,0,0,0,NULL,1,NULL,'Memcached','','',8,5),(3817,'',721,174,74,978,0,'FF',9,0.00,NULL,0,0,0,NULL,4,NULL,'Cur:','','',8,6),(3818,'',722,174,74,978,0,'FF',9,0.00,NULL,0,0,0,NULL,1,NULL,'Avg:','','',8,7),(3819,'',723,174,74,978,0,'FF',9,0.00,NULL,0,0,0,NULL,3,NULL,'Max:','','on',8,8),(3820,'',724,174,74,977,456,'FF',8,0.00,NULL,0,0,0,NULL,1,NULL,'Membuffer','','',8,9),(3821,'',725,174,74,977,0,'FF',9,0.00,NULL,0,0,0,NULL,4,NULL,'Cur:','','',8,10),(3822,'',726,174,74,977,0,'FF',9,0.00,NULL,0,0,0,NULL,1,NULL,'Avg:','','',8,11),(3823,'',727,174,74,977,0,'FF',9,0.00,NULL,0,0,0,NULL,3,NULL,'Max:','','on',8,12),(3824,'',728,174,74,980,457,'FF',8,0.00,NULL,0,0,0,NULL,1,NULL,'Memshared','','',8,13),(3825,'',729,174,74,980,0,'FF',9,0.00,NULL,0,0,0,NULL,4,NULL,'Cur:','','',8,14),(3826,'',730,174,74,980,0,'FF',9,0.00,NULL,0,0,0,NULL,1,NULL,'Avg:','','',8,15),(3827,'',731,174,74,980,0,'FF',9,0.00,NULL,0,0,0,NULL,3,NULL,'Max:','','on',8,16),(3828,'',732,174,74,979,458,'FF',8,0.00,NULL,0,0,0,NULL,1,NULL,'Memfree','','',8,17),(3829,'',733,174,74,979,0,'FF',9,0.00,NULL,0,0,0,NULL,4,NULL,'Cur:','','',8,18),(3830,'',734,174,74,979,0,'FF',9,0.00,NULL,0,0,0,NULL,1,NULL,'Avg:','','',8,19),(3831,'',735,174,74,979,0,'FF',9,0.00,NULL,0,0,0,NULL,3,NULL,'Max:','','on',8,20),(3832,'',840,175,84,982,480,'FF',7,0.00,NULL,0,0,0,NULL,1,NULL,'Established','','',8,1),(3833,'',841,175,84,982,0,'FF',9,0.00,NULL,0,0,0,NULL,4,NULL,'Cur:','','',8,2),(3834,'',842,175,84,982,0,'FF',9,0.00,NULL,0,0,0,NULL,1,NULL,'Avg:','','',8,3),(3835,'',843,175,84,982,0,'FF',9,0.00,NULL,0,0,0,NULL,3,NULL,'Max:','','on',8,4),(3836,'',844,175,84,985,481,'FF',8,0.00,NULL,0,0,0,NULL,1,NULL,'Syn Sent','','',8,5),(3837,'',845,175,84,985,0,'FF',9,0.00,NULL,0,0,0,NULL,4,NULL,'Cur:','','',8,6),(3838,'',846,175,84,985,0,'FF',9,0.00,NULL,0,0,0,NULL,1,NULL,'Avg:','','',8,7),(3839,'',847,175,84,985,0,'FF',9,0.00,NULL,0,0,0,NULL,3,NULL,'Max:','','on',8,8),(3840,'',848,175,84,989,482,'FF',8,0.00,NULL,0,0,0,NULL,1,NULL,'Syn Recv','','',8,9),(3841,'',849,175,84,989,0,'FF',9,0.00,NULL,0,0,0,NULL,4,NULL,'Cur:','','',8,10),(3842,'',850,175,84,989,0,'FF',9,0.00,NULL,0,0,0,NULL,1,NULL,'Avg:','','',8,11),(3843,'',851,175,84,989,0,'FF',9,0.00,NULL,0,0,0,NULL,3,NULL,'Max:','','on',8,12),(3844,'',852,175,84,993,483,'FF',8,0.00,NULL,0,0,0,NULL,1,NULL,'Fin Wait1','','',8,13),(3845,'',853,175,84,993,0,'FF',9,0.00,NULL,0,0,0,NULL,4,NULL,'Cur:','','',8,14),(3846,'',854,175,84,993,0,'FF',9,0.00,NULL,0,0,0,NULL,1,NULL,'Avg:','','',8,15),(3847,'',855,175,84,993,0,'FF',9,0.00,NULL,0,0,0,NULL,3,NULL,'Max:','','on',8,16),(3848,'',856,175,84,984,484,'FF',8,0.00,NULL,0,0,0,NULL,1,NULL,'Fin Wait2','','',8,17),(3849,'',857,175,84,984,0,'FF',9,0.00,NULL,0,0,0,NULL,4,NULL,'Cur:','','',8,18),(3850,'',858,175,84,984,0,'FF',9,0.00,NULL,0,0,0,NULL,1,NULL,'Avg:','','',8,19),(3851,'',859,175,84,984,0,'FF',9,0.00,NULL,0,0,0,NULL,3,NULL,'Max:','','on',8,20),(3852,'',860,175,84,987,476,'FF',8,0.00,NULL,0,0,0,NULL,1,NULL,'Time Wait','','',8,21),(3853,'',861,175,84,987,0,'FF',9,0.00,NULL,0,0,0,NULL,4,NULL,'Cur:','','',8,22),(3854,'',862,175,84,987,0,'FF',9,0.00,NULL,0,0,0,NULL,1,NULL,'Avg:','','',8,23),(3855,'',863,175,84,987,0,'FF',9,0.00,NULL,0,0,0,NULL,3,NULL,'Max:','','on',8,24),(3856,'',864,175,84,983,475,'FF',8,0.00,NULL,0,0,0,NULL,1,NULL,'Close','','',8,25),(3857,'',865,175,84,983,0,'FF',9,0.00,NULL,0,0,0,NULL,4,NULL,'Cur:','','',8,26),(3858,'',866,175,84,983,0,'FF',9,0.00,NULL,0,0,0,NULL,1,NULL,'Avg:','','',8,27),(3859,'',867,175,84,983,0,'FF',9,0.00,NULL,0,0,0,NULL,3,NULL,'Max:','','on',8,28),(3860,'',868,175,84,992,474,'FF',8,0.00,NULL,0,0,0,NULL,1,NULL,'Close Wait','','',8,29),(3861,'',869,175,84,992,0,'FF',9,0.00,NULL,0,0,0,NULL,4,NULL,'Cur:','','',8,30),(3862,'',870,175,84,992,0,'FF',9,0.00,NULL,0,0,0,NULL,1,NULL,'Avg:','','',8,31),(3863,'',871,175,84,992,0,'FF',9,0.00,NULL,0,0,0,NULL,3,NULL,'Max:','','on',8,32),(3864,'',872,175,84,990,478,'FF',8,0.00,NULL,0,0,0,NULL,1,NULL,'Last Ack','','',8,33),(3865,'',873,175,84,990,0,'FF',9,0.00,NULL,0,0,0,NULL,4,NULL,'Cur:','','',8,34),(3866,'',874,175,84,990,0,'FF',9,0.00,NULL,0,0,0,NULL,1,NULL,'Avg:','','',8,35),(3867,'',875,175,84,990,0,'FF',9,0.00,NULL,0,0,0,NULL,3,NULL,'Max:','','on',8,36),(3868,'',876,175,84,986,485,'FF',8,0.00,NULL,0,0,0,NULL,1,NULL,'Listen','','',8,37),(3869,'',877,175,84,986,0,'FF',9,0.00,NULL,0,0,0,NULL,4,NULL,'Cur:','','',8,38),(3870,'',878,175,84,986,0,'FF',9,0.00,NULL,0,0,0,NULL,1,NULL,'Avg:','','',8,39),(3871,'',879,175,84,986,0,'FF',9,0.00,NULL,0,0,0,NULL,3,NULL,'Max:','','on',8,40),(3872,'',880,175,84,988,486,'FF',8,0.00,NULL,0,0,0,NULL,1,NULL,'Closing','','',8,41),(3873,'',881,175,84,988,0,'FF',9,0.00,NULL,0,0,0,NULL,4,NULL,'Cur:','','',8,42),(3874,'',882,175,84,988,0,'FF',9,0.00,NULL,0,0,0,NULL,1,NULL,'Avg:','','',8,43),(3875,'',883,175,84,988,0,'FF',9,0.00,NULL,0,0,0,NULL,3,NULL,'Max:','','on',8,44),(3876,'',884,175,84,991,487,'FF',8,0.00,NULL,0,0,0,NULL,1,NULL,'Unknown','','',8,45),(3877,'',885,175,84,991,0,'FF',9,0.00,NULL,0,0,0,NULL,4,NULL,'Cur:','','',8,46),(3878,'',886,175,84,991,0,'FF',9,0.00,NULL,0,0,0,NULL,1,NULL,'Avg:','','',8,47),(3879,'',887,175,84,991,0,'FF',9,0.00,NULL,0,0,0,NULL,3,NULL,'Max:','','on',8,48),(3888,'',788,177,81,996,472,'FF',7,0.00,NULL,0,0,0,NULL,1,NULL,'Used','','',8,1),(3889,'',789,177,81,996,0,'FF',9,0.00,NULL,0,0,0,NULL,4,NULL,'Cur:','','',8,2),(3890,'',790,177,81,996,0,'FF',9,0.00,NULL,0,0,0,NULL,1,NULL,'Avg:','','',8,3),(3891,'',791,177,81,996,0,'FF',9,0.00,NULL,0,0,0,NULL,3,NULL,'Max:','','on',8,4),(3892,'',792,177,81,997,473,'FF',8,0.00,NULL,0,0,0,NULL,1,NULL,'Available','','',8,5),(3893,'',793,177,81,997,0,'FF',9,0.00,NULL,0,0,0,NULL,4,NULL,'Cur:','','',8,6),(3894,'',794,177,81,997,0,'FF',9,0.00,NULL,0,0,0,NULL,1,NULL,'Avg:','','',8,7),(3895,'',795,177,81,997,0,'FF',9,0.00,NULL,0,0,0,NULL,3,NULL,'Max:','','on',8,8),(3896,'',796,178,82,999,22,'FF',7,0.00,NULL,0,20,0,NULL,1,NULL,'Inbound','','',8,1),(3897,'',797,178,82,999,0,'FF',9,0.00,NULL,0,20,0,NULL,4,NULL,'Cur:','','',8,2),(3898,'',798,178,82,999,0,'FF',9,0.00,NULL,0,20,0,NULL,1,NULL,'Avg:','','',8,3),(3899,'',799,178,82,999,0,'FF',9,0.00,NULL,0,20,0,NULL,3,NULL,'Max:','','on',8,4),(3900,'',800,178,82,998,20,'FF',4,0.00,NULL,0,20,0,NULL,1,NULL,'Outbound','','',8,5),(3901,'',801,178,82,998,0,'FF',9,0.00,NULL,0,20,0,NULL,4,NULL,'Cur:','','',8,6),(3902,'',802,178,82,998,0,'FF',9,0.00,NULL,0,20,0,NULL,1,NULL,'Avg:','','',8,7),(3903,'',803,178,82,998,0,'FF',9,0.00,NULL,0,20,0,NULL,3,NULL,'Max:','','on',8,8),(3912,'',668,181,70,1002,442,'FF',7,0.00,NULL,0,0,0,NULL,1,NULL,'Forks','','',8,1),(3913,'',669,181,70,1002,0,'FF',9,0.00,NULL,0,0,0,NULL,4,NULL,'Cur:','','',8,2),(3914,'',670,181,70,1002,0,'FF',9,0.00,NULL,0,0,0,NULL,1,NULL,'Avg:','','',8,3),(3915,'',671,181,70,1002,0,'FF',9,0.00,NULL,0,0,0,NULL,3,NULL,'Max:','','on',8,4),(3916,'',672,182,71,1011,443,'FF',7,0.00,NULL,0,0,0,NULL,1,NULL,'CPU User','','',8,1),(3917,'',673,182,71,1011,0,'FF',9,0.00,NULL,0,0,0,NULL,4,NULL,'Cur:','','',8,2),(3918,'',674,182,71,1011,0,'FF',9,0.00,NULL,0,0,0,NULL,1,NULL,'Avg:','','',8,3),(3919,'',675,182,71,1011,0,'FF',9,0.00,NULL,0,0,0,NULL,3,NULL,'Max:','','on',8,4),(3920,'',676,182,71,1003,444,'FF',8,0.00,NULL,0,0,0,NULL,1,NULL,'CPU Nice','','',8,5),(3921,'',677,182,71,1003,0,'FF',9,0.00,NULL,0,0,0,NULL,4,NULL,'Cur:','','',8,6),(3922,'',678,182,71,1003,0,'FF',9,0.00,NULL,0,0,0,NULL,1,NULL,'Avg:','','',8,7),(3923,'',679,182,71,1003,0,'FF',9,0.00,NULL,0,0,0,NULL,3,NULL,'Max:','','on',8,8),(3924,'',680,182,71,1008,445,'FF',8,0.00,NULL,0,0,0,NULL,1,NULL,'CPU System','','',8,9),(3925,'',681,182,71,1008,0,'FF',9,0.00,NULL,0,0,0,NULL,4,NULL,'Cur:','','',8,10),(3926,'',682,182,71,1008,0,'FF',9,0.00,NULL,0,0,0,NULL,1,NULL,'Avg:','','',8,11),(3927,'',683,182,71,1008,0,'FF',9,0.00,NULL,0,0,0,NULL,3,NULL,'Max:','','on',8,12),(3928,'',684,182,71,1005,446,'FF',8,0.00,NULL,0,0,0,NULL,1,NULL,'CPU Idle','','',8,13),(3929,'',685,182,71,1005,0,'FF',9,0.00,NULL,0,0,0,NULL,4,NULL,'Cur:','','',8,14),(3930,'',686,182,71,1005,0,'FF',9,0.00,NULL,0,0,0,NULL,1,NULL,'Avg:','','',8,15),(3931,'',687,182,71,1005,0,'FF',9,0.00,NULL,0,0,0,NULL,3,NULL,'Max:','','on',8,16),(3932,'',688,182,71,1007,447,'FF',8,0.00,NULL,0,0,0,NULL,1,NULL,'CPU Iowait','','',8,17),(3933,'',689,182,71,1007,0,'FF',9,0.00,NULL,0,0,0,NULL,4,NULL,'Cur:','','',8,18),(3934,'',690,182,71,1007,0,'FF',9,0.00,NULL,0,0,0,NULL,1,NULL,'Avg:','','',8,19),(3935,'',691,182,71,1007,0,'FF',9,0.00,NULL,0,0,0,NULL,3,NULL,'Max:','','on',8,20),(3936,'',692,182,71,1006,448,'FF',8,0.00,NULL,0,0,0,NULL,1,NULL,'CPU Irq','','',8,21),(3937,'',693,182,71,1006,0,'FF',9,0.00,NULL,0,0,0,NULL,4,NULL,'Cur:','','',8,22),(3938,'',694,182,71,1006,0,'FF',9,0.00,NULL,0,0,0,NULL,1,NULL,'Avg:','','',8,23),(3939,'',695,182,71,1006,0,'FF',9,0.00,NULL,0,0,0,NULL,3,NULL,'Max:','','on',8,24),(3940,'',696,182,71,1010,449,'FF',8,0.00,NULL,0,0,0,NULL,1,NULL,'CPU Softirq','','',8,25),(3941,'',697,182,71,1010,0,'FF',9,0.00,NULL,0,0,0,NULL,4,NULL,'Cur:','','',8,26),(3942,'',698,182,71,1010,0,'FF',9,0.00,NULL,0,0,0,NULL,1,NULL,'Avg:','','',8,27),(3943,'',699,182,71,1010,0,'FF',9,0.00,NULL,0,0,0,NULL,3,NULL,'Max:','','on',8,28),(3944,'',700,182,71,1004,450,'FF',8,0.00,NULL,0,0,0,NULL,1,NULL,'CPU Steal','','',8,29),(3945,'',701,182,71,1004,0,'FF',9,0.00,NULL,0,0,0,NULL,4,NULL,'Cur:','','',8,30),(3946,'',702,182,71,1004,0,'FF',9,0.00,NULL,0,0,0,NULL,1,NULL,'Avg:','','',8,31),(3947,'',703,182,71,1004,0,'FF',9,0.00,NULL,0,0,0,NULL,3,NULL,'Max:','','on',8,32),(3948,'',704,182,71,1009,451,'FF',8,0.00,NULL,0,0,0,NULL,1,NULL,'CPU Guest','','',8,33),(3949,'',705,182,71,1009,0,'FF',9,0.00,NULL,0,0,0,NULL,4,NULL,'Cur:','','',8,34),(3950,'',706,182,71,1009,0,'FF',9,0.00,NULL,0,0,0,NULL,1,NULL,'Avg:','','',8,35),(3951,'',707,182,71,1009,0,'FF',9,0.00,NULL,0,0,0,NULL,3,NULL,'Max:','','on',8,36),(3952,'',708,183,72,1012,452,'FF',7,0.00,NULL,0,0,0,NULL,1,NULL,'Loadavg','','',8,1),(3953,'',709,183,72,1012,0,'FF',9,0.00,NULL,0,0,0,NULL,4,NULL,'Cur:','','',8,2),(3954,'',710,183,72,1012,0,'FF',9,0.00,NULL,0,0,0,NULL,1,NULL,'Avg:','','',8,3),(3955,'',711,183,72,1012,0,'FF',9,0.00,NULL,0,0,0,NULL,3,NULL,'Max:','','on',8,4),(3956,'',712,184,73,1013,453,'FF',7,0.00,NULL,0,0,0,NULL,1,NULL,'Numusers','','',8,1),(3957,'',713,184,73,1013,0,'FF',9,0.00,NULL,0,0,0,NULL,4,NULL,'Cur:','','',8,2),(3958,'',714,184,73,1013,0,'FF',9,0.00,NULL,0,0,0,NULL,1,NULL,'Avg:','','',8,3),(3959,'',715,184,73,1013,0,'FF',9,0.00,NULL,0,0,0,NULL,3,NULL,'Max:','','on',8,4),(3960,'',716,185,74,1014,454,'FF',7,0.00,NULL,0,0,0,NULL,1,NULL,'Memused','','',8,1),(3961,'',717,185,74,1014,0,'FF',9,0.00,NULL,0,0,0,NULL,4,NULL,'Cur:','','',8,2),(3962,'',718,185,74,1014,0,'FF',9,0.00,NULL,0,0,0,NULL,1,NULL,'Avg:','','',8,3),(3963,'',719,185,74,1014,0,'FF',9,0.00,NULL,0,0,0,NULL,3,NULL,'Max:','','on',8,4),(3964,'',720,185,74,1016,455,'FF',8,0.00,NULL,0,0,0,NULL,1,NULL,'Memcached','','',8,5),(3965,'',721,185,74,1016,0,'FF',9,0.00,NULL,0,0,0,NULL,4,NULL,'Cur:','','',8,6),(3966,'',722,185,74,1016,0,'FF',9,0.00,NULL,0,0,0,NULL,1,NULL,'Avg:','','',8,7),(3967,'',723,185,74,1016,0,'FF',9,0.00,NULL,0,0,0,NULL,3,NULL,'Max:','','on',8,8),(3968,'',724,185,74,1015,456,'FF',8,0.00,NULL,0,0,0,NULL,1,NULL,'Membuffer','','',8,9),(3969,'',725,185,74,1015,0,'FF',9,0.00,NULL,0,0,0,NULL,4,NULL,'Cur:','','',8,10),(3970,'',726,185,74,1015,0,'FF',9,0.00,NULL,0,0,0,NULL,1,NULL,'Avg:','','',8,11),(3971,'',727,185,74,1015,0,'FF',9,0.00,NULL,0,0,0,NULL,3,NULL,'Max:','','on',8,12),(3972,'',728,185,74,1018,457,'FF',8,0.00,NULL,0,0,0,NULL,1,NULL,'Memshared','','',8,13),(3973,'',729,185,74,1018,0,'FF',9,0.00,NULL,0,0,0,NULL,4,NULL,'Cur:','','',8,14),(3974,'',730,185,74,1018,0,'FF',9,0.00,NULL,0,0,0,NULL,1,NULL,'Avg:','','',8,15),(3975,'',731,185,74,1018,0,'FF',9,0.00,NULL,0,0,0,NULL,3,NULL,'Max:','','on',8,16),(3976,'',732,185,74,1017,458,'FF',8,0.00,NULL,0,0,0,NULL,1,NULL,'Memfree','','',8,17),(3977,'',733,185,74,1017,0,'FF',9,0.00,NULL,0,0,0,NULL,4,NULL,'Cur:','','',8,18),(3978,'',734,185,74,1017,0,'FF',9,0.00,NULL,0,0,0,NULL,1,NULL,'Avg:','','',8,19),(3979,'',735,185,74,1017,0,'FF',9,0.00,NULL,0,0,0,NULL,3,NULL,'Max:','','on',8,20),(3980,'',840,186,84,1020,480,'FF',7,0.00,NULL,0,0,0,NULL,1,NULL,'Established','','',8,1),(3981,'',841,186,84,1020,0,'FF',9,0.00,NULL,0,0,0,NULL,4,NULL,'Cur:','','',8,2),(3982,'',842,186,84,1020,0,'FF',9,0.00,NULL,0,0,0,NULL,1,NULL,'Avg:','','',8,3),(3983,'',843,186,84,1020,0,'FF',9,0.00,NULL,0,0,0,NULL,3,NULL,'Max:','','on',8,4),(3984,'',844,186,84,1023,481,'FF',8,0.00,NULL,0,0,0,NULL,1,NULL,'Syn Sent','','',8,5),(3985,'',845,186,84,1023,0,'FF',9,0.00,NULL,0,0,0,NULL,4,NULL,'Cur:','','',8,6),(3986,'',846,186,84,1023,0,'FF',9,0.00,NULL,0,0,0,NULL,1,NULL,'Avg:','','',8,7),(3987,'',847,186,84,1023,0,'FF',9,0.00,NULL,0,0,0,NULL,3,NULL,'Max:','','on',8,8),(3988,'',848,186,84,1027,482,'FF',8,0.00,NULL,0,0,0,NULL,1,NULL,'Syn Recv','','',8,9),(3989,'',849,186,84,1027,0,'FF',9,0.00,NULL,0,0,0,NULL,4,NULL,'Cur:','','',8,10),(3990,'',850,186,84,1027,0,'FF',9,0.00,NULL,0,0,0,NULL,1,NULL,'Avg:','','',8,11),(3991,'',851,186,84,1027,0,'FF',9,0.00,NULL,0,0,0,NULL,3,NULL,'Max:','','on',8,12),(3992,'',852,186,84,1031,483,'FF',8,0.00,NULL,0,0,0,NULL,1,NULL,'Fin Wait1','','',8,13),(3993,'',853,186,84,1031,0,'FF',9,0.00,NULL,0,0,0,NULL,4,NULL,'Cur:','','',8,14),(3994,'',854,186,84,1031,0,'FF',9,0.00,NULL,0,0,0,NULL,1,NULL,'Avg:','','',8,15),(3995,'',855,186,84,1031,0,'FF',9,0.00,NULL,0,0,0,NULL,3,NULL,'Max:','','on',8,16),(3996,'',856,186,84,1022,484,'FF',8,0.00,NULL,0,0,0,NULL,1,NULL,'Fin Wait2','','',8,17),(3997,'',857,186,84,1022,0,'FF',9,0.00,NULL,0,0,0,NULL,4,NULL,'Cur:','','',8,18),(3998,'',858,186,84,1022,0,'FF',9,0.00,NULL,0,0,0,NULL,1,NULL,'Avg:','','',8,19),(3999,'',859,186,84,1022,0,'FF',9,0.00,NULL,0,0,0,NULL,3,NULL,'Max:','','on',8,20),(4000,'',860,186,84,1025,476,'FF',8,0.00,NULL,0,0,0,NULL,1,NULL,'Time Wait','','',8,21),(4001,'',861,186,84,1025,0,'FF',9,0.00,NULL,0,0,0,NULL,4,NULL,'Cur:','','',8,22),(4002,'',862,186,84,1025,0,'FF',9,0.00,NULL,0,0,0,NULL,1,NULL,'Avg:','','',8,23),(4003,'',863,186,84,1025,0,'FF',9,0.00,NULL,0,0,0,NULL,3,NULL,'Max:','','on',8,24),(4004,'',864,186,84,1021,475,'FF',8,0.00,NULL,0,0,0,NULL,1,NULL,'Close','','',8,25),(4005,'',865,186,84,1021,0,'FF',9,0.00,NULL,0,0,0,NULL,4,NULL,'Cur:','','',8,26),(4006,'',866,186,84,1021,0,'FF',9,0.00,NULL,0,0,0,NULL,1,NULL,'Avg:','','',8,27),(4007,'',867,186,84,1021,0,'FF',9,0.00,NULL,0,0,0,NULL,3,NULL,'Max:','','on',8,28),(4008,'',868,186,84,1030,474,'FF',8,0.00,NULL,0,0,0,NULL,1,NULL,'Close Wait','','',8,29),(4009,'',869,186,84,1030,0,'FF',9,0.00,NULL,0,0,0,NULL,4,NULL,'Cur:','','',8,30),(4010,'',870,186,84,1030,0,'FF',9,0.00,NULL,0,0,0,NULL,1,NULL,'Avg:','','',8,31),(4011,'',871,186,84,1030,0,'FF',9,0.00,NULL,0,0,0,NULL,3,NULL,'Max:','','on',8,32),(4012,'',872,186,84,1028,478,'FF',8,0.00,NULL,0,0,0,NULL,1,NULL,'Last Ack','','',8,33),(4013,'',873,186,84,1028,0,'FF',9,0.00,NULL,0,0,0,NULL,4,NULL,'Cur:','','',8,34),(4014,'',874,186,84,1028,0,'FF',9,0.00,NULL,0,0,0,NULL,1,NULL,'Avg:','','',8,35),(4015,'',875,186,84,1028,0,'FF',9,0.00,NULL,0,0,0,NULL,3,NULL,'Max:','','on',8,36),(4016,'',876,186,84,1024,485,'FF',8,0.00,NULL,0,0,0,NULL,1,NULL,'Listen','','',8,37),(4017,'',877,186,84,1024,0,'FF',9,0.00,NULL,0,0,0,NULL,4,NULL,'Cur:','','',8,38),(4018,'',878,186,84,1024,0,'FF',9,0.00,NULL,0,0,0,NULL,1,NULL,'Avg:','','',8,39),(4019,'',879,186,84,1024,0,'FF',9,0.00,NULL,0,0,0,NULL,3,NULL,'Max:','','on',8,40),(4020,'',880,186,84,1026,486,'FF',8,0.00,NULL,0,0,0,NULL,1,NULL,'Closing','','',8,41),(4021,'',881,186,84,1026,0,'FF',9,0.00,NULL,0,0,0,NULL,4,NULL,'Cur:','','',8,42),(4022,'',882,186,84,1026,0,'FF',9,0.00,NULL,0,0,0,NULL,1,NULL,'Avg:','','',8,43),(4023,'',883,186,84,1026,0,'FF',9,0.00,NULL,0,0,0,NULL,3,NULL,'Max:','','on',8,44),(4024,'',884,186,84,1029,487,'FF',8,0.00,NULL,0,0,0,NULL,1,NULL,'Unknown','','',8,45),(4025,'',885,186,84,1029,0,'FF',9,0.00,NULL,0,0,0,NULL,4,NULL,'Cur:','','',8,46),(4026,'',886,186,84,1029,0,'FF',9,0.00,NULL,0,0,0,NULL,1,NULL,'Avg:','','',8,47),(4027,'',887,186,84,1029,0,'FF',9,0.00,NULL,0,0,0,NULL,3,NULL,'Max:','','on',8,48),(4036,'',788,188,81,1034,472,'FF',7,0.00,NULL,0,0,0,NULL,1,NULL,'Used','','',8,1),(4037,'',789,188,81,1034,0,'FF',9,0.00,NULL,0,0,0,NULL,4,NULL,'Cur:','','',8,2),(4038,'',790,188,81,1034,0,'FF',9,0.00,NULL,0,0,0,NULL,1,NULL,'Avg:','','',8,3),(4039,'',791,188,81,1034,0,'FF',9,0.00,NULL,0,0,0,NULL,3,NULL,'Max:','','on',8,4),(4040,'',792,188,81,1035,473,'FF',8,0.00,NULL,0,0,0,NULL,1,NULL,'Available','','',8,5),(4041,'',793,188,81,1035,0,'FF',9,0.00,NULL,0,0,0,NULL,4,NULL,'Cur:','','',8,6),(4042,'',794,188,81,1035,0,'FF',9,0.00,NULL,0,0,0,NULL,1,NULL,'Avg:','','',8,7),(4043,'',795,188,81,1035,0,'FF',9,0.00,NULL,0,0,0,NULL,3,NULL,'Max:','','on',8,8),(4044,'',796,189,82,1037,22,'FF',7,0.00,NULL,0,20,0,NULL,1,NULL,'Inbound','','',8,1),(4045,'',797,189,82,1037,0,'FF',9,0.00,NULL,0,20,0,NULL,4,NULL,'Cur:','','',8,2),(4046,'',798,189,82,1037,0,'FF',9,0.00,NULL,0,20,0,NULL,1,NULL,'Avg:','','',8,3),(4047,'',799,189,82,1037,0,'FF',9,0.00,NULL,0,20,0,NULL,3,NULL,'Max:','','on',8,4),(4048,'',800,189,82,1036,20,'FF',4,0.00,NULL,0,20,0,NULL,1,NULL,'Outbound','','',8,5),(4049,'',801,189,82,1036,0,'FF',9,0.00,NULL,0,20,0,NULL,4,NULL,'Cur:','','',8,6),(4050,'',802,189,82,1036,0,'FF',9,0.00,NULL,0,20,0,NULL,1,NULL,'Avg:','','',8,7),(4051,'',803,189,82,1036,0,'FF',9,0.00,NULL,0,20,0,NULL,3,NULL,'Max:','','on',8,8),(4060,'',668,192,70,1040,442,'FF',7,0.00,NULL,0,0,0,NULL,1,NULL,'Forks','','',8,1),(4061,'',669,192,70,1040,0,'FF',9,0.00,NULL,0,0,0,NULL,4,NULL,'Cur:','','',8,2),(4062,'',670,192,70,1040,0,'FF',9,0.00,NULL,0,0,0,NULL,1,NULL,'Avg:','','',8,3),(4063,'',671,192,70,1040,0,'FF',9,0.00,NULL,0,0,0,NULL,3,NULL,'Max:','','on',8,4),(4064,'',672,193,71,1049,443,'FF',7,0.00,NULL,0,0,0,NULL,1,NULL,'CPU User','','',8,1),(4065,'',673,193,71,1049,0,'FF',9,0.00,NULL,0,0,0,NULL,4,NULL,'Cur:','','',8,2),(4066,'',674,193,71,1049,0,'FF',9,0.00,NULL,0,0,0,NULL,1,NULL,'Avg:','','',8,3),(4067,'',675,193,71,1049,0,'FF',9,0.00,NULL,0,0,0,NULL,3,NULL,'Max:','','on',8,4),(4068,'',676,193,71,1041,444,'FF',8,0.00,NULL,0,0,0,NULL,1,NULL,'CPU Nice','','',8,5),(4069,'',677,193,71,1041,0,'FF',9,0.00,NULL,0,0,0,NULL,4,NULL,'Cur:','','',8,6),(4070,'',678,193,71,1041,0,'FF',9,0.00,NULL,0,0,0,NULL,1,NULL,'Avg:','','',8,7),(4071,'',679,193,71,1041,0,'FF',9,0.00,NULL,0,0,0,NULL,3,NULL,'Max:','','on',8,8),(4072,'',680,193,71,1046,445,'FF',8,0.00,NULL,0,0,0,NULL,1,NULL,'CPU System','','',8,9),(4073,'',681,193,71,1046,0,'FF',9,0.00,NULL,0,0,0,NULL,4,NULL,'Cur:','','',8,10),(4074,'',682,193,71,1046,0,'FF',9,0.00,NULL,0,0,0,NULL,1,NULL,'Avg:','','',8,11),(4075,'',683,193,71,1046,0,'FF',9,0.00,NULL,0,0,0,NULL,3,NULL,'Max:','','on',8,12),(4076,'',684,193,71,1043,446,'FF',8,0.00,NULL,0,0,0,NULL,1,NULL,'CPU Idle','','',8,13),(4077,'',685,193,71,1043,0,'FF',9,0.00,NULL,0,0,0,NULL,4,NULL,'Cur:','','',8,14),(4078,'',686,193,71,1043,0,'FF',9,0.00,NULL,0,0,0,NULL,1,NULL,'Avg:','','',8,15),(4079,'',687,193,71,1043,0,'FF',9,0.00,NULL,0,0,0,NULL,3,NULL,'Max:','','on',8,16),(4080,'',688,193,71,1045,447,'FF',8,0.00,NULL,0,0,0,NULL,1,NULL,'CPU Iowait','','',8,17),(4081,'',689,193,71,1045,0,'FF',9,0.00,NULL,0,0,0,NULL,4,NULL,'Cur:','','',8,18),(4082,'',690,193,71,1045,0,'FF',9,0.00,NULL,0,0,0,NULL,1,NULL,'Avg:','','',8,19),(4083,'',691,193,71,1045,0,'FF',9,0.00,NULL,0,0,0,NULL,3,NULL,'Max:','','on',8,20),(4084,'',692,193,71,1044,448,'FF',8,0.00,NULL,0,0,0,NULL,1,NULL,'CPU Irq','','',8,21),(4085,'',693,193,71,1044,0,'FF',9,0.00,NULL,0,0,0,NULL,4,NULL,'Cur:','','',8,22),(4086,'',694,193,71,1044,0,'FF',9,0.00,NULL,0,0,0,NULL,1,NULL,'Avg:','','',8,23),(4087,'',695,193,71,1044,0,'FF',9,0.00,NULL,0,0,0,NULL,3,NULL,'Max:','','on',8,24),(4088,'',696,193,71,1048,449,'FF',8,0.00,NULL,0,0,0,NULL,1,NULL,'CPU Softirq','','',8,25),(4089,'',697,193,71,1048,0,'FF',9,0.00,NULL,0,0,0,NULL,4,NULL,'Cur:','','',8,26),(4090,'',698,193,71,1048,0,'FF',9,0.00,NULL,0,0,0,NULL,1,NULL,'Avg:','','',8,27),(4091,'',699,193,71,1048,0,'FF',9,0.00,NULL,0,0,0,NULL,3,NULL,'Max:','','on',8,28),(4092,'',700,193,71,1042,450,'FF',8,0.00,NULL,0,0,0,NULL,1,NULL,'CPU Steal','','',8,29),(4093,'',701,193,71,1042,0,'FF',9,0.00,NULL,0,0,0,NULL,4,NULL,'Cur:','','',8,30),(4094,'',702,193,71,1042,0,'FF',9,0.00,NULL,0,0,0,NULL,1,NULL,'Avg:','','',8,31),(4095,'',703,193,71,1042,0,'FF',9,0.00,NULL,0,0,0,NULL,3,NULL,'Max:','','on',8,32),(4096,'',704,193,71,1047,451,'FF',8,0.00,NULL,0,0,0,NULL,1,NULL,'CPU Guest','','',8,33),(4097,'',705,193,71,1047,0,'FF',9,0.00,NULL,0,0,0,NULL,4,NULL,'Cur:','','',8,34),(4098,'',706,193,71,1047,0,'FF',9,0.00,NULL,0,0,0,NULL,1,NULL,'Avg:','','',8,35),(4099,'',707,193,71,1047,0,'FF',9,0.00,NULL,0,0,0,NULL,3,NULL,'Max:','','on',8,36),(4100,'',708,194,72,1050,452,'FF',7,0.00,NULL,0,0,0,NULL,1,NULL,'Loadavg','','',8,1),(4101,'',709,194,72,1050,0,'FF',9,0.00,NULL,0,0,0,NULL,4,NULL,'Cur:','','',8,2),(4102,'',710,194,72,1050,0,'FF',9,0.00,NULL,0,0,0,NULL,1,NULL,'Avg:','','',8,3),(4103,'',711,194,72,1050,0,'FF',9,0.00,NULL,0,0,0,NULL,3,NULL,'Max:','','on',8,4),(4104,'',712,195,73,1051,453,'FF',7,0.00,NULL,0,0,0,NULL,1,NULL,'Numusers','','',8,1),(4105,'',713,195,73,1051,0,'FF',9,0.00,NULL,0,0,0,NULL,4,NULL,'Cur:','','',8,2),(4106,'',714,195,73,1051,0,'FF',9,0.00,NULL,0,0,0,NULL,1,NULL,'Avg:','','',8,3),(4107,'',715,195,73,1051,0,'FF',9,0.00,NULL,0,0,0,NULL,3,NULL,'Max:','','on',8,4),(4108,'',716,196,74,1052,454,'FF',7,0.00,NULL,0,0,0,NULL,1,NULL,'Memused','','',8,1),(4109,'',717,196,74,1052,0,'FF',9,0.00,NULL,0,0,0,NULL,4,NULL,'Cur:','','',8,2),(4110,'',718,196,74,1052,0,'FF',9,0.00,NULL,0,0,0,NULL,1,NULL,'Avg:','','',8,3),(4111,'',719,196,74,1052,0,'FF',9,0.00,NULL,0,0,0,NULL,3,NULL,'Max:','','on',8,4),(4112,'',720,196,74,1054,455,'FF',8,0.00,NULL,0,0,0,NULL,1,NULL,'Memcached','','',8,5),(4113,'',721,196,74,1054,0,'FF',9,0.00,NULL,0,0,0,NULL,4,NULL,'Cur:','','',8,6),(4114,'',722,196,74,1054,0,'FF',9,0.00,NULL,0,0,0,NULL,1,NULL,'Avg:','','',8,7),(4115,'',723,196,74,1054,0,'FF',9,0.00,NULL,0,0,0,NULL,3,NULL,'Max:','','on',8,8),(4116,'',724,196,74,1053,456,'FF',8,0.00,NULL,0,0,0,NULL,1,NULL,'Membuffer','','',8,9),(4117,'',725,196,74,1053,0,'FF',9,0.00,NULL,0,0,0,NULL,4,NULL,'Cur:','','',8,10),(4118,'',726,196,74,1053,0,'FF',9,0.00,NULL,0,0,0,NULL,1,NULL,'Avg:','','',8,11),(4119,'',727,196,74,1053,0,'FF',9,0.00,NULL,0,0,0,NULL,3,NULL,'Max:','','on',8,12),(4120,'',728,196,74,1056,457,'FF',8,0.00,NULL,0,0,0,NULL,1,NULL,'Memshared','','',8,13),(4121,'',729,196,74,1056,0,'FF',9,0.00,NULL,0,0,0,NULL,4,NULL,'Cur:','','',8,14),(4122,'',730,196,74,1056,0,'FF',9,0.00,NULL,0,0,0,NULL,1,NULL,'Avg:','','',8,15),(4123,'',731,196,74,1056,0,'FF',9,0.00,NULL,0,0,0,NULL,3,NULL,'Max:','','on',8,16),(4124,'',732,196,74,1055,458,'FF',8,0.00,NULL,0,0,0,NULL,1,NULL,'Memfree','','',8,17),(4125,'',733,196,74,1055,0,'FF',9,0.00,NULL,0,0,0,NULL,4,NULL,'Cur:','','',8,18),(4126,'',734,196,74,1055,0,'FF',9,0.00,NULL,0,0,0,NULL,1,NULL,'Avg:','','',8,19),(4127,'',735,196,74,1055,0,'FF',9,0.00,NULL,0,0,0,NULL,3,NULL,'Max:','','on',8,20),(4128,'',840,197,84,1058,480,'FF',7,0.00,NULL,0,0,0,NULL,1,NULL,'Established','','',8,1),(4129,'',841,197,84,1058,0,'FF',9,0.00,NULL,0,0,0,NULL,4,NULL,'Cur:','','',8,2),(4130,'',842,197,84,1058,0,'FF',9,0.00,NULL,0,0,0,NULL,1,NULL,'Avg:','','',8,3),(4131,'',843,197,84,1058,0,'FF',9,0.00,NULL,0,0,0,NULL,3,NULL,'Max:','','on',8,4),(4132,'',844,197,84,1061,481,'FF',8,0.00,NULL,0,0,0,NULL,1,NULL,'Syn Sent','','',8,5),(4133,'',845,197,84,1061,0,'FF',9,0.00,NULL,0,0,0,NULL,4,NULL,'Cur:','','',8,6),(4134,'',846,197,84,1061,0,'FF',9,0.00,NULL,0,0,0,NULL,1,NULL,'Avg:','','',8,7),(4135,'',847,197,84,1061,0,'FF',9,0.00,NULL,0,0,0,NULL,3,NULL,'Max:','','on',8,8),(4136,'',848,197,84,1065,482,'FF',8,0.00,NULL,0,0,0,NULL,1,NULL,'Syn Recv','','',8,9),(4137,'',849,197,84,1065,0,'FF',9,0.00,NULL,0,0,0,NULL,4,NULL,'Cur:','','',8,10),(4138,'',850,197,84,1065,0,'FF',9,0.00,NULL,0,0,0,NULL,1,NULL,'Avg:','','',8,11),(4139,'',851,197,84,1065,0,'FF',9,0.00,NULL,0,0,0,NULL,3,NULL,'Max:','','on',8,12),(4140,'',852,197,84,1069,483,'FF',8,0.00,NULL,0,0,0,NULL,1,NULL,'Fin Wait1','','',8,13),(4141,'',853,197,84,1069,0,'FF',9,0.00,NULL,0,0,0,NULL,4,NULL,'Cur:','','',8,14),(4142,'',854,197,84,1069,0,'FF',9,0.00,NULL,0,0,0,NULL,1,NULL,'Avg:','','',8,15),(4143,'',855,197,84,1069,0,'FF',9,0.00,NULL,0,0,0,NULL,3,NULL,'Max:','','on',8,16),(4144,'',856,197,84,1060,484,'FF',8,0.00,NULL,0,0,0,NULL,1,NULL,'Fin Wait2','','',8,17),(4145,'',857,197,84,1060,0,'FF',9,0.00,NULL,0,0,0,NULL,4,NULL,'Cur:','','',8,18),(4146,'',858,197,84,1060,0,'FF',9,0.00,NULL,0,0,0,NULL,1,NULL,'Avg:','','',8,19),(4147,'',859,197,84,1060,0,'FF',9,0.00,NULL,0,0,0,NULL,3,NULL,'Max:','','on',8,20),(4148,'',860,197,84,1063,476,'FF',8,0.00,NULL,0,0,0,NULL,1,NULL,'Time Wait','','',8,21),(4149,'',861,197,84,1063,0,'FF',9,0.00,NULL,0,0,0,NULL,4,NULL,'Cur:','','',8,22),(4150,'',862,197,84,1063,0,'FF',9,0.00,NULL,0,0,0,NULL,1,NULL,'Avg:','','',8,23),(4151,'',863,197,84,1063,0,'FF',9,0.00,NULL,0,0,0,NULL,3,NULL,'Max:','','on',8,24),(4152,'',864,197,84,1059,475,'FF',8,0.00,NULL,0,0,0,NULL,1,NULL,'Close','','',8,25),(4153,'',865,197,84,1059,0,'FF',9,0.00,NULL,0,0,0,NULL,4,NULL,'Cur:','','',8,26),(4154,'',866,197,84,1059,0,'FF',9,0.00,NULL,0,0,0,NULL,1,NULL,'Avg:','','',8,27),(4155,'',867,197,84,1059,0,'FF',9,0.00,NULL,0,0,0,NULL,3,NULL,'Max:','','on',8,28),(4156,'',868,197,84,1068,474,'FF',8,0.00,NULL,0,0,0,NULL,1,NULL,'Close Wait','','',8,29),(4157,'',869,197,84,1068,0,'FF',9,0.00,NULL,0,0,0,NULL,4,NULL,'Cur:','','',8,30),(4158,'',870,197,84,1068,0,'FF',9,0.00,NULL,0,0,0,NULL,1,NULL,'Avg:','','',8,31),(4159,'',871,197,84,1068,0,'FF',9,0.00,NULL,0,0,0,NULL,3,NULL,'Max:','','on',8,32),(4160,'',872,197,84,1066,478,'FF',8,0.00,NULL,0,0,0,NULL,1,NULL,'Last Ack','','',8,33),(4161,'',873,197,84,1066,0,'FF',9,0.00,NULL,0,0,0,NULL,4,NULL,'Cur:','','',8,34),(4162,'',874,197,84,1066,0,'FF',9,0.00,NULL,0,0,0,NULL,1,NULL,'Avg:','','',8,35),(4163,'',875,197,84,1066,0,'FF',9,0.00,NULL,0,0,0,NULL,3,NULL,'Max:','','on',8,36),(4164,'',876,197,84,1062,485,'FF',8,0.00,NULL,0,0,0,NULL,1,NULL,'Listen','','',8,37),(4165,'',877,197,84,1062,0,'FF',9,0.00,NULL,0,0,0,NULL,4,NULL,'Cur:','','',8,38),(4166,'',878,197,84,1062,0,'FF',9,0.00,NULL,0,0,0,NULL,1,NULL,'Avg:','','',8,39),(4167,'',879,197,84,1062,0,'FF',9,0.00,NULL,0,0,0,NULL,3,NULL,'Max:','','on',8,40),(4168,'',880,197,84,1064,486,'FF',8,0.00,NULL,0,0,0,NULL,1,NULL,'Closing','','',8,41),(4169,'',881,197,84,1064,0,'FF',9,0.00,NULL,0,0,0,NULL,4,NULL,'Cur:','','',8,42),(4170,'',882,197,84,1064,0,'FF',9,0.00,NULL,0,0,0,NULL,1,NULL,'Avg:','','',8,43),(4171,'',883,197,84,1064,0,'FF',9,0.00,NULL,0,0,0,NULL,3,NULL,'Max:','','on',8,44),(4172,'',884,197,84,1067,487,'FF',8,0.00,NULL,0,0,0,NULL,1,NULL,'Unknown','','',8,45),(4173,'',885,197,84,1067,0,'FF',9,0.00,NULL,0,0,0,NULL,4,NULL,'Cur:','','',8,46),(4174,'',886,197,84,1067,0,'FF',9,0.00,NULL,0,0,0,NULL,1,NULL,'Avg:','','',8,47),(4175,'',887,197,84,1067,0,'FF',9,0.00,NULL,0,0,0,NULL,3,NULL,'Max:','','on',8,48),(4184,'',788,199,81,1072,472,'FF',7,0.00,NULL,0,0,0,NULL,1,NULL,'Used','','',8,1),(4185,'',789,199,81,1072,0,'FF',9,0.00,NULL,0,0,0,NULL,4,NULL,'Cur:','','',8,2),(4186,'',790,199,81,1072,0,'FF',9,0.00,NULL,0,0,0,NULL,1,NULL,'Avg:','','',8,3),(4187,'',791,199,81,1072,0,'FF',9,0.00,NULL,0,0,0,NULL,3,NULL,'Max:','','on',8,4),(4188,'',792,199,81,1073,473,'FF',8,0.00,NULL,0,0,0,NULL,1,NULL,'Available','','',8,5),(4189,'',793,199,81,1073,0,'FF',9,0.00,NULL,0,0,0,NULL,4,NULL,'Cur:','','',8,6),(4190,'',794,199,81,1073,0,'FF',9,0.00,NULL,0,0,0,NULL,1,NULL,'Avg:','','',8,7),(4191,'',795,199,81,1073,0,'FF',9,0.00,NULL,0,0,0,NULL,3,NULL,'Max:','','on',8,8),(4192,'',796,200,82,1075,22,'FF',7,0.00,NULL,0,20,0,NULL,1,NULL,'Inbound','','',8,1),(4193,'',797,200,82,1075,0,'FF',9,0.00,NULL,0,20,0,NULL,4,NULL,'Cur:','','',8,2),(4194,'',798,200,82,1075,0,'FF',9,0.00,NULL,0,20,0,NULL,1,NULL,'Avg:','','',8,3),(4195,'',799,200,82,1075,0,'FF',9,0.00,NULL,0,20,0,NULL,3,NULL,'Max:','','on',8,4),(4196,'',800,200,82,1074,20,'FF',4,0.00,NULL,0,20,0,NULL,1,NULL,'Outbound','','',8,5),(4197,'',801,200,82,1074,0,'FF',9,0.00,NULL,0,20,0,NULL,4,NULL,'Cur:','','',8,6),(4198,'',802,200,82,1074,0,'FF',9,0.00,NULL,0,20,0,NULL,1,NULL,'Avg:','','',8,7),(4199,'',803,200,82,1074,0,'FF',9,0.00,NULL,0,20,0,NULL,3,NULL,'Max:','','on',8,8),(4208,'',668,203,70,1078,442,'FF',7,0.00,NULL,0,0,0,NULL,1,NULL,'Forks','','',8,1),(4209,'',669,203,70,1078,0,'FF',9,0.00,NULL,0,0,0,NULL,4,NULL,'Cur:','','',8,2),(4210,'',670,203,70,1078,0,'FF',9,0.00,NULL,0,0,0,NULL,1,NULL,'Avg:','','',8,3),(4211,'',671,203,70,1078,0,'FF',9,0.00,NULL,0,0,0,NULL,3,NULL,'Max:','','on',8,4),(4212,'',672,204,71,1087,443,'FF',7,0.00,NULL,0,0,0,NULL,1,NULL,'CPU User','','',8,1),(4213,'',673,204,71,1087,0,'FF',9,0.00,NULL,0,0,0,NULL,4,NULL,'Cur:','','',8,2),(4214,'',674,204,71,1087,0,'FF',9,0.00,NULL,0,0,0,NULL,1,NULL,'Avg:','','',8,3),(4215,'',675,204,71,1087,0,'FF',9,0.00,NULL,0,0,0,NULL,3,NULL,'Max:','','on',8,4),(4216,'',676,204,71,1079,444,'FF',8,0.00,NULL,0,0,0,NULL,1,NULL,'CPU Nice','','',8,5),(4217,'',677,204,71,1079,0,'FF',9,0.00,NULL,0,0,0,NULL,4,NULL,'Cur:','','',8,6),(4218,'',678,204,71,1079,0,'FF',9,0.00,NULL,0,0,0,NULL,1,NULL,'Avg:','','',8,7),(4219,'',679,204,71,1079,0,'FF',9,0.00,NULL,0,0,0,NULL,3,NULL,'Max:','','on',8,8),(4220,'',680,204,71,1084,445,'FF',8,0.00,NULL,0,0,0,NULL,1,NULL,'CPU System','','',8,9),(4221,'',681,204,71,1084,0,'FF',9,0.00,NULL,0,0,0,NULL,4,NULL,'Cur:','','',8,10),(4222,'',682,204,71,1084,0,'FF',9,0.00,NULL,0,0,0,NULL,1,NULL,'Avg:','','',8,11),(4223,'',683,204,71,1084,0,'FF',9,0.00,NULL,0,0,0,NULL,3,NULL,'Max:','','on',8,12),(4224,'',684,204,71,1081,446,'FF',8,0.00,NULL,0,0,0,NULL,1,NULL,'CPU Idle','','',8,13),(4225,'',685,204,71,1081,0,'FF',9,0.00,NULL,0,0,0,NULL,4,NULL,'Cur:','','',8,14),(4226,'',686,204,71,1081,0,'FF',9,0.00,NULL,0,0,0,NULL,1,NULL,'Avg:','','',8,15),(4227,'',687,204,71,1081,0,'FF',9,0.00,NULL,0,0,0,NULL,3,NULL,'Max:','','on',8,16),(4228,'',688,204,71,1083,447,'FF',8,0.00,NULL,0,0,0,NULL,1,NULL,'CPU Iowait','','',8,17),(4229,'',689,204,71,1083,0,'FF',9,0.00,NULL,0,0,0,NULL,4,NULL,'Cur:','','',8,18),(4230,'',690,204,71,1083,0,'FF',9,0.00,NULL,0,0,0,NULL,1,NULL,'Avg:','','',8,19),(4231,'',691,204,71,1083,0,'FF',9,0.00,NULL,0,0,0,NULL,3,NULL,'Max:','','on',8,20),(4232,'',692,204,71,1082,448,'FF',8,0.00,NULL,0,0,0,NULL,1,NULL,'CPU Irq','','',8,21),(4233,'',693,204,71,1082,0,'FF',9,0.00,NULL,0,0,0,NULL,4,NULL,'Cur:','','',8,22),(4234,'',694,204,71,1082,0,'FF',9,0.00,NULL,0,0,0,NULL,1,NULL,'Avg:','','',8,23),(4235,'',695,204,71,1082,0,'FF',9,0.00,NULL,0,0,0,NULL,3,NULL,'Max:','','on',8,24),(4236,'',696,204,71,1086,449,'FF',8,0.00,NULL,0,0,0,NULL,1,NULL,'CPU Softirq','','',8,25),(4237,'',697,204,71,1086,0,'FF',9,0.00,NULL,0,0,0,NULL,4,NULL,'Cur:','','',8,26),(4238,'',698,204,71,1086,0,'FF',9,0.00,NULL,0,0,0,NULL,1,NULL,'Avg:','','',8,27),(4239,'',699,204,71,1086,0,'FF',9,0.00,NULL,0,0,0,NULL,3,NULL,'Max:','','on',8,28),(4240,'',700,204,71,1080,450,'FF',8,0.00,NULL,0,0,0,NULL,1,NULL,'CPU Steal','','',8,29),(4241,'',701,204,71,1080,0,'FF',9,0.00,NULL,0,0,0,NULL,4,NULL,'Cur:','','',8,30),(4242,'',702,204,71,1080,0,'FF',9,0.00,NULL,0,0,0,NULL,1,NULL,'Avg:','','',8,31),(4243,'',703,204,71,1080,0,'FF',9,0.00,NULL,0,0,0,NULL,3,NULL,'Max:','','on',8,32),(4244,'',704,204,71,1085,451,'FF',8,0.00,NULL,0,0,0,NULL,1,NULL,'CPU Guest','','',8,33),(4245,'',705,204,71,1085,0,'FF',9,0.00,NULL,0,0,0,NULL,4,NULL,'Cur:','','',8,34),(4246,'',706,204,71,1085,0,'FF',9,0.00,NULL,0,0,0,NULL,1,NULL,'Avg:','','',8,35),(4247,'',707,204,71,1085,0,'FF',9,0.00,NULL,0,0,0,NULL,3,NULL,'Max:','','on',8,36),(4248,'',708,205,72,1088,452,'FF',7,0.00,NULL,0,0,0,NULL,1,NULL,'Loadavg','','',8,1),(4249,'',709,205,72,1088,0,'FF',9,0.00,NULL,0,0,0,NULL,4,NULL,'Cur:','','',8,2),(4250,'',710,205,72,1088,0,'FF',9,0.00,NULL,0,0,0,NULL,1,NULL,'Avg:','','',8,3),(4251,'',711,205,72,1088,0,'FF',9,0.00,NULL,0,0,0,NULL,3,NULL,'Max:','','on',8,4),(4252,'',712,206,73,1089,453,'FF',7,0.00,NULL,0,0,0,NULL,1,NULL,'Numusers','','',8,1),(4253,'',713,206,73,1089,0,'FF',9,0.00,NULL,0,0,0,NULL,4,NULL,'Cur:','','',8,2),(4254,'',714,206,73,1089,0,'FF',9,0.00,NULL,0,0,0,NULL,1,NULL,'Avg:','','',8,3),(4255,'',715,206,73,1089,0,'FF',9,0.00,NULL,0,0,0,NULL,3,NULL,'Max:','','on',8,4),(4256,'',716,207,74,1090,454,'FF',7,0.00,NULL,0,0,0,NULL,1,NULL,'Memused','','',8,1),(4257,'',717,207,74,1090,0,'FF',9,0.00,NULL,0,0,0,NULL,4,NULL,'Cur:','','',8,2),(4258,'',718,207,74,1090,0,'FF',9,0.00,NULL,0,0,0,NULL,1,NULL,'Avg:','','',8,3),(4259,'',719,207,74,1090,0,'FF',9,0.00,NULL,0,0,0,NULL,3,NULL,'Max:','','on',8,4),(4260,'',720,207,74,1092,455,'FF',8,0.00,NULL,0,0,0,NULL,1,NULL,'Memcached','','',8,5),(4261,'',721,207,74,1092,0,'FF',9,0.00,NULL,0,0,0,NULL,4,NULL,'Cur:','','',8,6),(4262,'',722,207,74,1092,0,'FF',9,0.00,NULL,0,0,0,NULL,1,NULL,'Avg:','','',8,7),(4263,'',723,207,74,1092,0,'FF',9,0.00,NULL,0,0,0,NULL,3,NULL,'Max:','','on',8,8),(4264,'',724,207,74,1091,456,'FF',8,0.00,NULL,0,0,0,NULL,1,NULL,'Membuffer','','',8,9),(4265,'',725,207,74,1091,0,'FF',9,0.00,NULL,0,0,0,NULL,4,NULL,'Cur:','','',8,10),(4266,'',726,207,74,1091,0,'FF',9,0.00,NULL,0,0,0,NULL,1,NULL,'Avg:','','',8,11),(4267,'',727,207,74,1091,0,'FF',9,0.00,NULL,0,0,0,NULL,3,NULL,'Max:','','on',8,12),(4268,'',728,207,74,1094,457,'FF',8,0.00,NULL,0,0,0,NULL,1,NULL,'Memshared','','',8,13),(4269,'',729,207,74,1094,0,'FF',9,0.00,NULL,0,0,0,NULL,4,NULL,'Cur:','','',8,14),(4270,'',730,207,74,1094,0,'FF',9,0.00,NULL,0,0,0,NULL,1,NULL,'Avg:','','',8,15),(4271,'',731,207,74,1094,0,'FF',9,0.00,NULL,0,0,0,NULL,3,NULL,'Max:','','on',8,16),(4272,'',732,207,74,1093,458,'FF',8,0.00,NULL,0,0,0,NULL,1,NULL,'Memfree','','',8,17),(4273,'',733,207,74,1093,0,'FF',9,0.00,NULL,0,0,0,NULL,4,NULL,'Cur:','','',8,18),(4274,'',734,207,74,1093,0,'FF',9,0.00,NULL,0,0,0,NULL,1,NULL,'Avg:','','',8,19),(4275,'',735,207,74,1093,0,'FF',9,0.00,NULL,0,0,0,NULL,3,NULL,'Max:','','on',8,20),(4276,'',840,208,84,1096,480,'FF',7,0.00,NULL,0,0,0,NULL,1,NULL,'Established','','',8,1),(4277,'',841,208,84,1096,0,'FF',9,0.00,NULL,0,0,0,NULL,4,NULL,'Cur:','','',8,2),(4278,'',842,208,84,1096,0,'FF',9,0.00,NULL,0,0,0,NULL,1,NULL,'Avg:','','',8,3),(4279,'',843,208,84,1096,0,'FF',9,0.00,NULL,0,0,0,NULL,3,NULL,'Max:','','on',8,4),(4280,'',844,208,84,1099,481,'FF',8,0.00,NULL,0,0,0,NULL,1,NULL,'Syn Sent','','',8,5),(4281,'',845,208,84,1099,0,'FF',9,0.00,NULL,0,0,0,NULL,4,NULL,'Cur:','','',8,6),(4282,'',846,208,84,1099,0,'FF',9,0.00,NULL,0,0,0,NULL,1,NULL,'Avg:','','',8,7),(4283,'',847,208,84,1099,0,'FF',9,0.00,NULL,0,0,0,NULL,3,NULL,'Max:','','on',8,8),(4284,'',848,208,84,1103,482,'FF',8,0.00,NULL,0,0,0,NULL,1,NULL,'Syn Recv','','',8,9),(4285,'',849,208,84,1103,0,'FF',9,0.00,NULL,0,0,0,NULL,4,NULL,'Cur:','','',8,10),(4286,'',850,208,84,1103,0,'FF',9,0.00,NULL,0,0,0,NULL,1,NULL,'Avg:','','',8,11),(4287,'',851,208,84,1103,0,'FF',9,0.00,NULL,0,0,0,NULL,3,NULL,'Max:','','on',8,12),(4288,'',852,208,84,1107,483,'FF',8,0.00,NULL,0,0,0,NULL,1,NULL,'Fin Wait1','','',8,13),(4289,'',853,208,84,1107,0,'FF',9,0.00,NULL,0,0,0,NULL,4,NULL,'Cur:','','',8,14),(4290,'',854,208,84,1107,0,'FF',9,0.00,NULL,0,0,0,NULL,1,NULL,'Avg:','','',8,15),(4291,'',855,208,84,1107,0,'FF',9,0.00,NULL,0,0,0,NULL,3,NULL,'Max:','','on',8,16),(4292,'',856,208,84,1098,484,'FF',8,0.00,NULL,0,0,0,NULL,1,NULL,'Fin Wait2','','',8,17),(4293,'',857,208,84,1098,0,'FF',9,0.00,NULL,0,0,0,NULL,4,NULL,'Cur:','','',8,18),(4294,'',858,208,84,1098,0,'FF',9,0.00,NULL,0,0,0,NULL,1,NULL,'Avg:','','',8,19),(4295,'',859,208,84,1098,0,'FF',9,0.00,NULL,0,0,0,NULL,3,NULL,'Max:','','on',8,20),(4296,'',860,208,84,1101,476,'FF',8,0.00,NULL,0,0,0,NULL,1,NULL,'Time Wait','','',8,21),(4297,'',861,208,84,1101,0,'FF',9,0.00,NULL,0,0,0,NULL,4,NULL,'Cur:','','',8,22),(4298,'',862,208,84,1101,0,'FF',9,0.00,NULL,0,0,0,NULL,1,NULL,'Avg:','','',8,23),(4299,'',863,208,84,1101,0,'FF',9,0.00,NULL,0,0,0,NULL,3,NULL,'Max:','','on',8,24),(4300,'',864,208,84,1097,475,'FF',8,0.00,NULL,0,0,0,NULL,1,NULL,'Close','','',8,25),(4301,'',865,208,84,1097,0,'FF',9,0.00,NULL,0,0,0,NULL,4,NULL,'Cur:','','',8,26),(4302,'',866,208,84,1097,0,'FF',9,0.00,NULL,0,0,0,NULL,1,NULL,'Avg:','','',8,27),(4303,'',867,208,84,1097,0,'FF',9,0.00,NULL,0,0,0,NULL,3,NULL,'Max:','','on',8,28),(4304,'',868,208,84,1106,474,'FF',8,0.00,NULL,0,0,0,NULL,1,NULL,'Close Wait','','',8,29),(4305,'',869,208,84,1106,0,'FF',9,0.00,NULL,0,0,0,NULL,4,NULL,'Cur:','','',8,30),(4306,'',870,208,84,1106,0,'FF',9,0.00,NULL,0,0,0,NULL,1,NULL,'Avg:','','',8,31),(4307,'',871,208,84,1106,0,'FF',9,0.00,NULL,0,0,0,NULL,3,NULL,'Max:','','on',8,32),(4308,'',872,208,84,1104,478,'FF',8,0.00,NULL,0,0,0,NULL,1,NULL,'Last Ack','','',8,33),(4309,'',873,208,84,1104,0,'FF',9,0.00,NULL,0,0,0,NULL,4,NULL,'Cur:','','',8,34),(4310,'',874,208,84,1104,0,'FF',9,0.00,NULL,0,0,0,NULL,1,NULL,'Avg:','','',8,35),(4311,'',875,208,84,1104,0,'FF',9,0.00,NULL,0,0,0,NULL,3,NULL,'Max:','','on',8,36),(4312,'',876,208,84,1100,485,'FF',8,0.00,NULL,0,0,0,NULL,1,NULL,'Listen','','',8,37),(4313,'',877,208,84,1100,0,'FF',9,0.00,NULL,0,0,0,NULL,4,NULL,'Cur:','','',8,38),(4314,'',878,208,84,1100,0,'FF',9,0.00,NULL,0,0,0,NULL,1,NULL,'Avg:','','',8,39),(4315,'',879,208,84,1100,0,'FF',9,0.00,NULL,0,0,0,NULL,3,NULL,'Max:','','on',8,40),(4316,'',880,208,84,1102,486,'FF',8,0.00,NULL,0,0,0,NULL,1,NULL,'Closing','','',8,41),(4317,'',881,208,84,1102,0,'FF',9,0.00,NULL,0,0,0,NULL,4,NULL,'Cur:','','',8,42),(4318,'',882,208,84,1102,0,'FF',9,0.00,NULL,0,0,0,NULL,1,NULL,'Avg:','','',8,43),(4319,'',883,208,84,1102,0,'FF',9,0.00,NULL,0,0,0,NULL,3,NULL,'Max:','','on',8,44),(4320,'',884,208,84,1105,487,'FF',8,0.00,NULL,0,0,0,NULL,1,NULL,'Unknown','','',8,45),(4321,'',885,208,84,1105,0,'FF',9,0.00,NULL,0,0,0,NULL,4,NULL,'Cur:','','',8,46),(4322,'',886,208,84,1105,0,'FF',9,0.00,NULL,0,0,0,NULL,1,NULL,'Avg:','','',8,47),(4323,'',887,208,84,1105,0,'FF',9,0.00,NULL,0,0,0,NULL,3,NULL,'Max:','','on',8,48),(4332,'',788,210,81,1110,472,'FF',7,0.00,NULL,0,0,0,NULL,1,NULL,'Used','','',8,1),(4333,'',789,210,81,1110,0,'FF',9,0.00,NULL,0,0,0,NULL,4,NULL,'Cur:','','',8,2),(4334,'',790,210,81,1110,0,'FF',9,0.00,NULL,0,0,0,NULL,1,NULL,'Avg:','','',8,3),(4335,'',791,210,81,1110,0,'FF',9,0.00,NULL,0,0,0,NULL,3,NULL,'Max:','','on',8,4),(4336,'',792,210,81,1111,473,'FF',8,0.00,NULL,0,0,0,NULL,1,NULL,'Available','','',8,5),(4337,'',793,210,81,1111,0,'FF',9,0.00,NULL,0,0,0,NULL,4,NULL,'Cur:','','',8,6),(4338,'',794,210,81,1111,0,'FF',9,0.00,NULL,0,0,0,NULL,1,NULL,'Avg:','','',8,7),(4339,'',795,210,81,1111,0,'FF',9,0.00,NULL,0,0,0,NULL,3,NULL,'Max:','','on',8,8),(4340,'',796,211,82,1113,22,'FF',7,0.00,NULL,0,20,0,NULL,1,NULL,'Inbound','','',8,1),(4341,'',797,211,82,1113,0,'FF',9,0.00,NULL,0,20,0,NULL,4,NULL,'Cur:','','',8,2),(4342,'',798,211,82,1113,0,'FF',9,0.00,NULL,0,20,0,NULL,1,NULL,'Avg:','','',8,3),(4343,'',799,211,82,1113,0,'FF',9,0.00,NULL,0,20,0,NULL,3,NULL,'Max:','','on',8,4),(4344,'',800,211,82,1112,20,'FF',4,0.00,NULL,0,20,0,NULL,1,NULL,'Outbound','','',8,5),(4345,'',801,211,82,1112,0,'FF',9,0.00,NULL,0,20,0,NULL,4,NULL,'Cur:','','',8,6),(4346,'',802,211,82,1112,0,'FF',9,0.00,NULL,0,20,0,NULL,1,NULL,'Avg:','','',8,7),(4347,'',803,211,82,1112,0,'FF',9,0.00,NULL,0,20,0,NULL,3,NULL,'Max:','','on',8,8),(4356,'',668,214,70,1116,442,'FF',7,0.00,NULL,0,0,0,NULL,1,NULL,'Forks','','',8,1),(4357,'',669,214,70,1116,0,'FF',9,0.00,NULL,0,0,0,NULL,4,NULL,'Cur:','','',8,2),(4358,'',670,214,70,1116,0,'FF',9,0.00,NULL,0,0,0,NULL,1,NULL,'Avg:','','',8,3),(4359,'',671,214,70,1116,0,'FF',9,0.00,NULL,0,0,0,NULL,3,NULL,'Max:','','on',8,4),(4360,'',672,215,71,1125,443,'FF',7,0.00,NULL,0,0,0,NULL,1,NULL,'CPU User','','',8,1),(4361,'',673,215,71,1125,0,'FF',9,0.00,NULL,0,0,0,NULL,4,NULL,'Cur:','','',8,2),(4362,'',674,215,71,1125,0,'FF',9,0.00,NULL,0,0,0,NULL,1,NULL,'Avg:','','',8,3),(4363,'',675,215,71,1125,0,'FF',9,0.00,NULL,0,0,0,NULL,3,NULL,'Max:','','on',8,4),(4364,'',676,215,71,1117,444,'FF',8,0.00,NULL,0,0,0,NULL,1,NULL,'CPU Nice','','',8,5),(4365,'',677,215,71,1117,0,'FF',9,0.00,NULL,0,0,0,NULL,4,NULL,'Cur:','','',8,6),(4366,'',678,215,71,1117,0,'FF',9,0.00,NULL,0,0,0,NULL,1,NULL,'Avg:','','',8,7),(4367,'',679,215,71,1117,0,'FF',9,0.00,NULL,0,0,0,NULL,3,NULL,'Max:','','on',8,8),(4368,'',680,215,71,1122,445,'FF',8,0.00,NULL,0,0,0,NULL,1,NULL,'CPU System','','',8,9),(4369,'',681,215,71,1122,0,'FF',9,0.00,NULL,0,0,0,NULL,4,NULL,'Cur:','','',8,10),(4370,'',682,215,71,1122,0,'FF',9,0.00,NULL,0,0,0,NULL,1,NULL,'Avg:','','',8,11),(4371,'',683,215,71,1122,0,'FF',9,0.00,NULL,0,0,0,NULL,3,NULL,'Max:','','on',8,12),(4372,'',684,215,71,1119,446,'FF',8,0.00,NULL,0,0,0,NULL,1,NULL,'CPU Idle','','',8,13),(4373,'',685,215,71,1119,0,'FF',9,0.00,NULL,0,0,0,NULL,4,NULL,'Cur:','','',8,14),(4374,'',686,215,71,1119,0,'FF',9,0.00,NULL,0,0,0,NULL,1,NULL,'Avg:','','',8,15),(4375,'',687,215,71,1119,0,'FF',9,0.00,NULL,0,0,0,NULL,3,NULL,'Max:','','on',8,16),(4376,'',688,215,71,1121,447,'FF',8,0.00,NULL,0,0,0,NULL,1,NULL,'CPU Iowait','','',8,17),(4377,'',689,215,71,1121,0,'FF',9,0.00,NULL,0,0,0,NULL,4,NULL,'Cur:','','',8,18),(4378,'',690,215,71,1121,0,'FF',9,0.00,NULL,0,0,0,NULL,1,NULL,'Avg:','','',8,19),(4379,'',691,215,71,1121,0,'FF',9,0.00,NULL,0,0,0,NULL,3,NULL,'Max:','','on',8,20),(4380,'',692,215,71,1120,448,'FF',8,0.00,NULL,0,0,0,NULL,1,NULL,'CPU Irq','','',8,21),(4381,'',693,215,71,1120,0,'FF',9,0.00,NULL,0,0,0,NULL,4,NULL,'Cur:','','',8,22),(4382,'',694,215,71,1120,0,'FF',9,0.00,NULL,0,0,0,NULL,1,NULL,'Avg:','','',8,23),(4383,'',695,215,71,1120,0,'FF',9,0.00,NULL,0,0,0,NULL,3,NULL,'Max:','','on',8,24),(4384,'',696,215,71,1124,449,'FF',8,0.00,NULL,0,0,0,NULL,1,NULL,'CPU Softirq','','',8,25),(4385,'',697,215,71,1124,0,'FF',9,0.00,NULL,0,0,0,NULL,4,NULL,'Cur:','','',8,26),(4386,'',698,215,71,1124,0,'FF',9,0.00,NULL,0,0,0,NULL,1,NULL,'Avg:','','',8,27),(4387,'',699,215,71,1124,0,'FF',9,0.00,NULL,0,0,0,NULL,3,NULL,'Max:','','on',8,28),(4388,'',700,215,71,1118,450,'FF',8,0.00,NULL,0,0,0,NULL,1,NULL,'CPU Steal','','',8,29),(4389,'',701,215,71,1118,0,'FF',9,0.00,NULL,0,0,0,NULL,4,NULL,'Cur:','','',8,30),(4390,'',702,215,71,1118,0,'FF',9,0.00,NULL,0,0,0,NULL,1,NULL,'Avg:','','',8,31),(4391,'',703,215,71,1118,0,'FF',9,0.00,NULL,0,0,0,NULL,3,NULL,'Max:','','on',8,32),(4392,'',704,215,71,1123,451,'FF',8,0.00,NULL,0,0,0,NULL,1,NULL,'CPU Guest','','',8,33),(4393,'',705,215,71,1123,0,'FF',9,0.00,NULL,0,0,0,NULL,4,NULL,'Cur:','','',8,34),(4394,'',706,215,71,1123,0,'FF',9,0.00,NULL,0,0,0,NULL,1,NULL,'Avg:','','',8,35),(4395,'',707,215,71,1123,0,'FF',9,0.00,NULL,0,0,0,NULL,3,NULL,'Max:','','on',8,36),(4396,'',708,216,72,1126,452,'FF',7,0.00,NULL,0,0,0,NULL,1,NULL,'Loadavg','','',8,1),(4397,'',709,216,72,1126,0,'FF',9,0.00,NULL,0,0,0,NULL,4,NULL,'Cur:','','',8,2),(4398,'',710,216,72,1126,0,'FF',9,0.00,NULL,0,0,0,NULL,1,NULL,'Avg:','','',8,3),(4399,'',711,216,72,1126,0,'FF',9,0.00,NULL,0,0,0,NULL,3,NULL,'Max:','','on',8,4),(4400,'',712,217,73,1127,453,'FF',7,0.00,NULL,0,0,0,NULL,1,NULL,'Numusers','','',8,1),(4401,'',713,217,73,1127,0,'FF',9,0.00,NULL,0,0,0,NULL,4,NULL,'Cur:','','',8,2),(4402,'',714,217,73,1127,0,'FF',9,0.00,NULL,0,0,0,NULL,1,NULL,'Avg:','','',8,3),(4403,'',715,217,73,1127,0,'FF',9,0.00,NULL,0,0,0,NULL,3,NULL,'Max:','','on',8,4),(4404,'',716,218,74,1128,454,'FF',7,0.00,NULL,0,0,0,NULL,1,NULL,'Memused','','',8,1),(4405,'',717,218,74,1128,0,'FF',9,0.00,NULL,0,0,0,NULL,4,NULL,'Cur:','','',8,2),(4406,'',718,218,74,1128,0,'FF',9,0.00,NULL,0,0,0,NULL,1,NULL,'Avg:','','',8,3),(4407,'',719,218,74,1128,0,'FF',9,0.00,NULL,0,0,0,NULL,3,NULL,'Max:','','on',8,4),(4408,'',720,218,74,1130,455,'FF',8,0.00,NULL,0,0,0,NULL,1,NULL,'Memcached','','',8,5),(4409,'',721,218,74,1130,0,'FF',9,0.00,NULL,0,0,0,NULL,4,NULL,'Cur:','','',8,6),(4410,'',722,218,74,1130,0,'FF',9,0.00,NULL,0,0,0,NULL,1,NULL,'Avg:','','',8,7),(4411,'',723,218,74,1130,0,'FF',9,0.00,NULL,0,0,0,NULL,3,NULL,'Max:','','on',8,8),(4412,'',724,218,74,1129,456,'FF',8,0.00,NULL,0,0,0,NULL,1,NULL,'Membuffer','','',8,9),(4413,'',725,218,74,1129,0,'FF',9,0.00,NULL,0,0,0,NULL,4,NULL,'Cur:','','',8,10),(4414,'',726,218,74,1129,0,'FF',9,0.00,NULL,0,0,0,NULL,1,NULL,'Avg:','','',8,11),(4415,'',727,218,74,1129,0,'FF',9,0.00,NULL,0,0,0,NULL,3,NULL,'Max:','','on',8,12),(4416,'',728,218,74,1132,457,'FF',8,0.00,NULL,0,0,0,NULL,1,NULL,'Memshared','','',8,13),(4417,'',729,218,74,1132,0,'FF',9,0.00,NULL,0,0,0,NULL,4,NULL,'Cur:','','',8,14),(4418,'',730,218,74,1132,0,'FF',9,0.00,NULL,0,0,0,NULL,1,NULL,'Avg:','','',8,15),(4419,'',731,218,74,1132,0,'FF',9,0.00,NULL,0,0,0,NULL,3,NULL,'Max:','','on',8,16),(4420,'',732,218,74,1131,458,'FF',8,0.00,NULL,0,0,0,NULL,1,NULL,'Memfree','','',8,17),(4421,'',733,218,74,1131,0,'FF',9,0.00,NULL,0,0,0,NULL,4,NULL,'Cur:','','',8,18),(4422,'',734,218,74,1131,0,'FF',9,0.00,NULL,0,0,0,NULL,1,NULL,'Avg:','','',8,19),(4423,'',735,218,74,1131,0,'FF',9,0.00,NULL,0,0,0,NULL,3,NULL,'Max:','','on',8,20),(4424,'',840,219,84,1134,480,'FF',7,0.00,NULL,0,0,0,NULL,1,NULL,'Established','','',8,1),(4425,'',841,219,84,1134,0,'FF',9,0.00,NULL,0,0,0,NULL,4,NULL,'Cur:','','',8,2),(4426,'',842,219,84,1134,0,'FF',9,0.00,NULL,0,0,0,NULL,1,NULL,'Avg:','','',8,3),(4427,'',843,219,84,1134,0,'FF',9,0.00,NULL,0,0,0,NULL,3,NULL,'Max:','','on',8,4),(4428,'',844,219,84,1137,481,'FF',8,0.00,NULL,0,0,0,NULL,1,NULL,'Syn Sent','','',8,5),(4429,'',845,219,84,1137,0,'FF',9,0.00,NULL,0,0,0,NULL,4,NULL,'Cur:','','',8,6),(4430,'',846,219,84,1137,0,'FF',9,0.00,NULL,0,0,0,NULL,1,NULL,'Avg:','','',8,7),(4431,'',847,219,84,1137,0,'FF',9,0.00,NULL,0,0,0,NULL,3,NULL,'Max:','','on',8,8),(4432,'',848,219,84,1141,482,'FF',8,0.00,NULL,0,0,0,NULL,1,NULL,'Syn Recv','','',8,9),(4433,'',849,219,84,1141,0,'FF',9,0.00,NULL,0,0,0,NULL,4,NULL,'Cur:','','',8,10),(4434,'',850,219,84,1141,0,'FF',9,0.00,NULL,0,0,0,NULL,1,NULL,'Avg:','','',8,11),(4435,'',851,219,84,1141,0,'FF',9,0.00,NULL,0,0,0,NULL,3,NULL,'Max:','','on',8,12),(4436,'',852,219,84,1145,483,'FF',8,0.00,NULL,0,0,0,NULL,1,NULL,'Fin Wait1','','',8,13),(4437,'',853,219,84,1145,0,'FF',9,0.00,NULL,0,0,0,NULL,4,NULL,'Cur:','','',8,14),(4438,'',854,219,84,1145,0,'FF',9,0.00,NULL,0,0,0,NULL,1,NULL,'Avg:','','',8,15),(4439,'',855,219,84,1145,0,'FF',9,0.00,NULL,0,0,0,NULL,3,NULL,'Max:','','on',8,16),(4440,'',856,219,84,1136,484,'FF',8,0.00,NULL,0,0,0,NULL,1,NULL,'Fin Wait2','','',8,17),(4441,'',857,219,84,1136,0,'FF',9,0.00,NULL,0,0,0,NULL,4,NULL,'Cur:','','',8,18),(4442,'',858,219,84,1136,0,'FF',9,0.00,NULL,0,0,0,NULL,1,NULL,'Avg:','','',8,19),(4443,'',859,219,84,1136,0,'FF',9,0.00,NULL,0,0,0,NULL,3,NULL,'Max:','','on',8,20),(4444,'',860,219,84,1139,476,'FF',8,0.00,NULL,0,0,0,NULL,1,NULL,'Time Wait','','',8,21),(4445,'',861,219,84,1139,0,'FF',9,0.00,NULL,0,0,0,NULL,4,NULL,'Cur:','','',8,22),(4446,'',862,219,84,1139,0,'FF',9,0.00,NULL,0,0,0,NULL,1,NULL,'Avg:','','',8,23),(4447,'',863,219,84,1139,0,'FF',9,0.00,NULL,0,0,0,NULL,3,NULL,'Max:','','on',8,24),(4448,'',864,219,84,1135,475,'FF',8,0.00,NULL,0,0,0,NULL,1,NULL,'Close','','',8,25),(4449,'',865,219,84,1135,0,'FF',9,0.00,NULL,0,0,0,NULL,4,NULL,'Cur:','','',8,26),(4450,'',866,219,84,1135,0,'FF',9,0.00,NULL,0,0,0,NULL,1,NULL,'Avg:','','',8,27),(4451,'',867,219,84,1135,0,'FF',9,0.00,NULL,0,0,0,NULL,3,NULL,'Max:','','on',8,28),(4452,'',868,219,84,1144,474,'FF',8,0.00,NULL,0,0,0,NULL,1,NULL,'Close Wait','','',8,29),(4453,'',869,219,84,1144,0,'FF',9,0.00,NULL,0,0,0,NULL,4,NULL,'Cur:','','',8,30),(4454,'',870,219,84,1144,0,'FF',9,0.00,NULL,0,0,0,NULL,1,NULL,'Avg:','','',8,31),(4455,'',871,219,84,1144,0,'FF',9,0.00,NULL,0,0,0,NULL,3,NULL,'Max:','','on',8,32),(4456,'',872,219,84,1142,478,'FF',8,0.00,NULL,0,0,0,NULL,1,NULL,'Last Ack','','',8,33),(4457,'',873,219,84,1142,0,'FF',9,0.00,NULL,0,0,0,NULL,4,NULL,'Cur:','','',8,34),(4458,'',874,219,84,1142,0,'FF',9,0.00,NULL,0,0,0,NULL,1,NULL,'Avg:','','',8,35),(4459,'',875,219,84,1142,0,'FF',9,0.00,NULL,0,0,0,NULL,3,NULL,'Max:','','on',8,36),(4460,'',876,219,84,1138,485,'FF',8,0.00,NULL,0,0,0,NULL,1,NULL,'Listen','','',8,37),(4461,'',877,219,84,1138,0,'FF',9,0.00,NULL,0,0,0,NULL,4,NULL,'Cur:','','',8,38),(4462,'',878,219,84,1138,0,'FF',9,0.00,NULL,0,0,0,NULL,1,NULL,'Avg:','','',8,39),(4463,'',879,219,84,1138,0,'FF',9,0.00,NULL,0,0,0,NULL,3,NULL,'Max:','','on',8,40),(4464,'',880,219,84,1140,486,'FF',8,0.00,NULL,0,0,0,NULL,1,NULL,'Closing','','',8,41),(4465,'',881,219,84,1140,0,'FF',9,0.00,NULL,0,0,0,NULL,4,NULL,'Cur:','','',8,42),(4466,'',882,219,84,1140,0,'FF',9,0.00,NULL,0,0,0,NULL,1,NULL,'Avg:','','',8,43),(4467,'',883,219,84,1140,0,'FF',9,0.00,NULL,0,0,0,NULL,3,NULL,'Max:','','on',8,44),(4468,'',884,219,84,1143,487,'FF',8,0.00,NULL,0,0,0,NULL,1,NULL,'Unknown','','',8,45),(4469,'',885,219,84,1143,0,'FF',9,0.00,NULL,0,0,0,NULL,4,NULL,'Cur:','','',8,46),(4470,'',886,219,84,1143,0,'FF',9,0.00,NULL,0,0,0,NULL,1,NULL,'Avg:','','',8,47),(4471,'',887,219,84,1143,0,'FF',9,0.00,NULL,0,0,0,NULL,3,NULL,'Max:','','on',8,48),(4480,'',788,221,81,1148,472,'FF',7,0.00,NULL,0,0,0,NULL,1,NULL,'Used','','',8,1),(4481,'',789,221,81,1148,0,'FF',9,0.00,NULL,0,0,0,NULL,4,NULL,'Cur:','','',8,2),(4482,'',790,221,81,1148,0,'FF',9,0.00,NULL,0,0,0,NULL,1,NULL,'Avg:','','',8,3),(4483,'',791,221,81,1148,0,'FF',9,0.00,NULL,0,0,0,NULL,3,NULL,'Max:','','on',8,4),(4484,'',792,221,81,1149,473,'FF',8,0.00,NULL,0,0,0,NULL,1,NULL,'Available','','',8,5),(4485,'',793,221,81,1149,0,'FF',9,0.00,NULL,0,0,0,NULL,4,NULL,'Cur:','','',8,6),(4486,'',794,221,81,1149,0,'FF',9,0.00,NULL,0,0,0,NULL,1,NULL,'Avg:','','',8,7),(4487,'',795,221,81,1149,0,'FF',9,0.00,NULL,0,0,0,NULL,3,NULL,'Max:','','on',8,8),(4488,'',796,222,82,1151,22,'FF',7,0.00,NULL,0,20,0,NULL,1,NULL,'Inbound','','',8,1),(4489,'',797,222,82,1151,0,'FF',9,0.00,NULL,0,20,0,NULL,4,NULL,'Cur:','','',8,2),(4490,'',798,222,82,1151,0,'FF',9,0.00,NULL,0,20,0,NULL,1,NULL,'Avg:','','',8,3),(4491,'',799,222,82,1151,0,'FF',9,0.00,NULL,0,20,0,NULL,3,NULL,'Max:','','on',8,4),(4492,'',800,222,82,1150,20,'FF',4,0.00,NULL,0,20,0,NULL,1,NULL,'Outbound','','',8,5),(4493,'',801,222,82,1150,0,'FF',9,0.00,NULL,0,20,0,NULL,4,NULL,'Cur:','','',8,6),(4494,'',802,222,82,1150,0,'FF',9,0.00,NULL,0,20,0,NULL,1,NULL,'Avg:','','',8,7),(4495,'',803,222,82,1150,0,'FF',9,0.00,NULL,0,20,0,NULL,3,NULL,'Max:','','on',8,8);
/*!40000 ALTER TABLE `graph_templates_item` ENABLE KEYS */;
UNLOCK TABLES;

--
-- Table structure for table `graph_tree`
--

DROP TABLE IF EXISTS `graph_tree`;
/*!40101 SET @saved_cs_client     = @@character_set_client */;
/*!40101 SET character_set_client = utf8 */;
CREATE TABLE `graph_tree` (
  `id` smallint(5) unsigned NOT NULL AUTO_INCREMENT,
  `enabled` char(2) COLLATE utf8mb4_unicode_ci DEFAULT 'on',
  `locked` tinyint(4) DEFAULT '0',
  `locked_date` timestamp NOT NULL DEFAULT '0000-00-00 00:00:00',
  `sort_type` tinyint(3) unsigned NOT NULL DEFAULT '1',
  `name` varchar(255) COLLATE utf8mb4_unicode_ci NOT NULL DEFAULT '',
  `sequence` int(10) unsigned DEFAULT '1',
  `user_id` int(10) unsigned DEFAULT '1',
  `last_modified` timestamp NOT NULL DEFAULT '0000-00-00 00:00:00',
  `modified_by` int(10) unsigned DEFAULT '1',
  PRIMARY KEY (`id`),
  KEY `sequence` (`sequence`),
  KEY `name` (`name`(171))
) ENGINE=InnoDB AUTO_INCREMENT=2 DEFAULT CHARSET=utf8mb4 COLLATE=utf8mb4_unicode_ci;
/*!40101 SET character_set_client = @saved_cs_client */;

--
-- Dumping data for table `graph_tree`
--

LOCK TABLES `graph_tree` WRITE;
/*!40000 ALTER TABLE `graph_tree` DISABLE KEYS */;
INSERT INTO `graph_tree` VALUES (1,'on',0,'2019-05-01 22:33:09',4,'Default Tree',1,1,'2019-05-01 22:33:27',1);
/*!40000 ALTER TABLE `graph_tree` ENABLE KEYS */;
UNLOCK TABLES;

--
-- Table structure for table `graph_tree_items`
--

DROP TABLE IF EXISTS `graph_tree_items`;
/*!40101 SET @saved_cs_client     = @@character_set_client */;
/*!40101 SET character_set_client = utf8 */;
CREATE TABLE `graph_tree_items` (
  `id` bigint(20) unsigned NOT NULL AUTO_INCREMENT,
  `parent` bigint(20) unsigned DEFAULT NULL,
  `position` int(10) unsigned DEFAULT NULL,
  `graph_tree_id` smallint(5) unsigned NOT NULL DEFAULT '0',
  `local_graph_id` mediumint(8) unsigned NOT NULL DEFAULT '0',
  `title` varchar(255) COLLATE utf8mb4_unicode_ci DEFAULT NULL,
  `host_id` mediumint(8) unsigned NOT NULL DEFAULT '0',
  `site_id` int(10) unsigned DEFAULT '0',
  `host_grouping_type` tinyint(3) unsigned NOT NULL DEFAULT '1',
  `sort_children_type` tinyint(3) unsigned NOT NULL DEFAULT '0',
  `graph_regex` varchar(60) COLLATE utf8mb4_unicode_ci DEFAULT '',
  `host_regex` varchar(60) COLLATE utf8mb4_unicode_ci DEFAULT '',
  PRIMARY KEY (`id`),
  KEY `graph_tree_id` (`graph_tree_id`),
  KEY `host_id` (`host_id`),
  KEY `site_id` (`site_id`),
  KEY `local_graph_id` (`local_graph_id`),
  KEY `parent_position` (`parent`,`position`)
) ENGINE=InnoDB AUTO_INCREMENT=58 DEFAULT CHARSET=utf8mb4 COLLATE=utf8mb4_unicode_ci;
/*!40101 SET character_set_client = @saved_cs_client */;

--
-- Dumping data for table `graph_tree_items`
--

LOCK TABLES `graph_tree_items` WRITE;
/*!40000 ALTER TABLE `graph_tree_items` DISABLE KEYS */;
INSERT INTO `graph_tree_items` VALUES (4,34,5,1,0,'',1,0,1,2,'',''),(9,34,2,1,0,'',3,0,1,1,'',''),(11,33,1,1,0,'',4,0,1,1,'',''),(19,33,2,1,0,'',5,0,1,1,'',''),(22,33,3,1,0,'',6,0,1,1,'',''),(28,33,4,1,0,'',7,0,1,1,'',''),(29,33,5,1,0,'',8,0,1,1,'',''),(30,33,6,1,0,'',9,0,1,1,'',''),(31,33,7,1,0,'',10,0,1,1,'',''),(32,33,8,1,0,'',11,0,1,1,'',''),(33,0,1,1,0,'c.wolk.com',0,0,1,0,'',''),(34,0,2,1,0,'d.wolk.com',0,0,1,0,'',''),(35,0,3,1,0,'Percona GNU/',0,0,1,1,'',''),(36,35,1,1,0,'Server HT',0,0,1,1,'',''),(37,36,16,1,0,'',12,0,1,0,'',''),(38,36,15,1,0,'',13,0,1,0,'',''),(39,36,14,1,0,'',14,0,1,0,'',''),(40,36,13,1,0,'',15,0,1,0,'',''),(41,36,12,1,0,'',16,0,1,0,'',''),(42,34,1,1,0,'',12,0,1,1,'',''),(43,34,3,1,0,'',13,0,1,1,'',''),(44,34,4,1,0,'',14,0,1,1,'',''),(45,34,6,1,0,'',15,0,1,1,'',''),(46,34,7,1,0,'',16,0,1,1,'',''),(47,36,11,1,0,'',4,0,1,0,'',''),(48,36,10,1,0,'',1,0,1,0,'',''),(49,36,9,1,0,'',3,0,1,0,'',''),(50,36,8,1,0,'',5,0,1,0,'',''),(51,36,7,1,0,'',6,0,1,0,'',''),(52,36,6,1,0,'',7,0,1,0,'',''),(53,36,5,1,0,'',8,0,1,0,'',''),(54,36,4,1,0,'',9,0,1,0,'',''),(55,36,3,1,0,'',10,0,1,0,'',''),(56,36,2,1,0,'',11,0,1,0,'','');
/*!40000 ALTER TABLE `graph_tree_items` ENABLE KEYS */;
UNLOCK TABLES;

--
-- Table structure for table `host`
--

DROP TABLE IF EXISTS `host`;
/*!40101 SET @saved_cs_client     = @@character_set_client */;
/*!40101 SET character_set_client = utf8 */;
CREATE TABLE `host` (
  `id` mediumint(8) unsigned NOT NULL AUTO_INCREMENT,
  `poller_id` int(10) unsigned NOT NULL DEFAULT '1',
  `site_id` int(10) unsigned NOT NULL DEFAULT '1',
  `host_template_id` mediumint(8) unsigned NOT NULL DEFAULT '0',
  `description` varchar(150) COLLATE utf8mb4_unicode_ci NOT NULL DEFAULT '',
  `hostname` varchar(100) COLLATE utf8mb4_unicode_ci DEFAULT NULL,
  `location` varchar(40) COLLATE utf8mb4_unicode_ci DEFAULT NULL,
  `notes` mediumtext COLLATE utf8mb4_unicode_ci,
  `external_id` varchar(40) COLLATE utf8mb4_unicode_ci DEFAULT NULL,
  `snmp_community` varchar(100) COLLATE utf8mb4_unicode_ci DEFAULT NULL,
  `snmp_version` tinyint(1) unsigned NOT NULL DEFAULT '1',
  `snmp_username` varchar(50) COLLATE utf8mb4_unicode_ci DEFAULT NULL,
  `snmp_password` varchar(50) COLLATE utf8mb4_unicode_ci DEFAULT NULL,
  `snmp_auth_protocol` char(6) COLLATE utf8mb4_unicode_ci DEFAULT '',
  `snmp_priv_passphrase` varchar(200) COLLATE utf8mb4_unicode_ci DEFAULT '',
  `snmp_priv_protocol` char(6) COLLATE utf8mb4_unicode_ci DEFAULT '',
  `snmp_context` varchar(64) COLLATE utf8mb4_unicode_ci DEFAULT '',
  `snmp_engine_id` varchar(64) COLLATE utf8mb4_unicode_ci DEFAULT '',
  `snmp_port` mediumint(5) unsigned NOT NULL DEFAULT '161',
  `snmp_timeout` mediumint(8) unsigned NOT NULL DEFAULT '500',
  `snmp_sysDescr` varchar(300) COLLATE utf8mb4_unicode_ci NOT NULL DEFAULT '',
  `snmp_sysObjectID` varchar(128) COLLATE utf8mb4_unicode_ci NOT NULL DEFAULT '',
  `snmp_sysUpTimeInstance` int(10) unsigned NOT NULL DEFAULT '0',
  `snmp_sysContact` varchar(300) COLLATE utf8mb4_unicode_ci NOT NULL DEFAULT '',
  `snmp_sysName` varchar(300) COLLATE utf8mb4_unicode_ci NOT NULL DEFAULT '',
  `snmp_sysLocation` varchar(300) COLLATE utf8mb4_unicode_ci NOT NULL DEFAULT '',
  `availability_method` smallint(5) unsigned NOT NULL DEFAULT '1',
  `ping_method` smallint(5) unsigned DEFAULT '0',
  `ping_port` int(12) unsigned DEFAULT '0',
  `ping_timeout` int(12) unsigned DEFAULT '500',
  `ping_retries` int(12) unsigned DEFAULT '2',
  `max_oids` int(12) unsigned DEFAULT '10',
  `device_threads` tinyint(2) unsigned NOT NULL DEFAULT '1',
  `deleted` char(2) COLLATE utf8mb4_unicode_ci DEFAULT '',
  `disabled` char(2) COLLATE utf8mb4_unicode_ci DEFAULT NULL,
  `status` tinyint(2) NOT NULL DEFAULT '0',
  `status_event_count` mediumint(8) unsigned NOT NULL DEFAULT '0',
  `status_fail_date` timestamp NOT NULL DEFAULT '0000-00-00 00:00:00',
  `status_rec_date` timestamp NOT NULL DEFAULT '0000-00-00 00:00:00',
  `status_last_error` varchar(255) COLLATE utf8mb4_unicode_ci DEFAULT '',
  `min_time` decimal(10,5) DEFAULT '9.99999',
  `max_time` decimal(10,5) DEFAULT '0.00000',
  `cur_time` decimal(10,5) DEFAULT '0.00000',
  `avg_time` decimal(10,5) DEFAULT '0.00000',
  `polling_time` double DEFAULT '0',
  `total_polls` int(12) unsigned DEFAULT '0',
  `failed_polls` int(12) unsigned DEFAULT '0',
  `availability` decimal(8,5) NOT NULL DEFAULT '100.00000',
  `last_updated` timestamp NOT NULL DEFAULT CURRENT_TIMESTAMP ON UPDATE CURRENT_TIMESTAMP,
  PRIMARY KEY (`id`),
  KEY `poller_id_disabled` (`poller_id`,`disabled`),
  KEY `site_id` (`site_id`),
  KEY `external_id` (`external_id`),
  KEY `disabled` (`disabled`),
  KEY `status` (`status`),
  KEY `site_id_location` (`site_id`,`location`),
  KEY `hostname` (`hostname`),
  KEY `poller_id_last_updated` (`poller_id`,`last_updated`)
) ENGINE=InnoDB AUTO_INCREMENT=18 DEFAULT CHARSET=utf8mb4 COLLATE=utf8mb4_unicode_ci;
/*!40101 SET character_set_client = @saved_cs_client */;

--
-- Dumping data for table `host`
--

LOCK TABLES `host` WRITE;
/*!40000 ALTER TABLE `host` DISABLE KEYS */;
INSERT INTO `host` VALUES (1,1,0,7,'d5','localhost','','Initial Cacti Device','','wolk_comm',2,'','','','','','','',161,500,'','',0,'','','',0,1,23,400,1,10,1,'','',3,0,'0000-00-00 00:00:00','0000-00-00 00:00:00','',0.00000,0.00000,0.00000,0.00000,2.594477891922,326,0,100.00000,'2019-05-02 19:18:05'),(3,1,1,7,'d1','d1.wolk.com','','','','wolk_comm',2,'','','','','','','',161,500,'Linux d1 3.10.0-957.10.1.el7.x86_64 #1 SMP Mon Mar 18 15:06:45 UTC 2019 x86_64','.1.3.6.1.4.1.8072.3.2.10',8879990,'Root anand@wolk.com','d1','US',2,1,23,400,1,10,1,'','',3,0,'0000-00-00 00:00:00','0000-00-00 00:00:00','',1.87588,71.07000,3.70000,5.96624,1.5588128566742,357,0,100.00000,'2019-05-02 19:18:06'),(4,1,1,7,'c0','c0.wolk.com','','','','wolk_comm',2,'','','','','','','',161,500,'Linux wolk-0-gc-us-west2-datastore 3.10.0-957.10.1.el7.x86_64 #1 SMP Mon Mar 18 15:06:45 UTC 2019 x86_64','.1.3.6.1.4.1.8072.3.2.10',8886864,'Root anand@wolk.com','wolk-0-gc-us-west2-datastore','US',2,1,23,400,1,10,1,'','',3,0,'0000-00-00 00:00:00','0000-00-00 00:00:00','',9.99999,338.11000,37.89000,41.35458,5.2539370059967,321,0,100.00000,'2019-05-02 19:18:12'),(5,1,1,7,'c1','c1.wolk.com','','','','wolk_comm',2,'','','','','','','',161,500,'Linux wolk-1-gc-us-east-datastore 3.10.0-957.1.3.el7.x86_64 #1 SMP Thu Nov 29 14:49:43 UTC 2018 x86_64','.1.3.6.1.4.1.8072.3.2.10',647175,'Root anand@wolk.com','wolk-1-gc-us-east-datastore','US',2,1,23,400,1,10,1,'','',3,0,'0000-00-00 00:00:00','0000-00-00 00:00:00','',9.99999,411.62000,27.46000,38.19752,5.4758570194244,320,0,100.00000,'2019-05-02 19:18:17'),(6,1,1,7,'c2','c2.wolk.com','','','','wolk_comm',2,'','','','','','','',161,500,'Linux wolk-2-asia-northeast-datastore 3.10.0-957.10.1.el7.x86_64 #1 SMP Mon Mar 18 15:06:45 UTC 2019 x86_64','.1.3.6.1.4.1.8072.3.2.10',5093940,'Root anand@wolk.com','wolk-2-asia-northeast-datastore','US',2,1,23,400,1,10,1,'','',3,0,'0000-00-00 00:00:00','0000-00-00 00:00:00','Device did not respond to SNMP',9.99999,756.39000,135.89000,143.86715,14.651161909103,315,1,99.68254,'2019-05-02 19:18:32'),(7,1,1,7,'c3','c3.wolk.com','','','','wolk_comm',2,'','','','','','','',161,500,'Linux wolk-3-gc-asia-east-datastore 3.10.0-957.10.1.el7.x86_64 #1 SMP Mon Mar 18 15:06:45 UTC 2019 x86_64','.1.3.6.1.4.1.8072.3.2.10',5091970,'Root anand@wolk.com','wolk-3-gc-asia-east-datastore','US',2,1,23,400,1,10,1,'','',3,0,'0000-00-00 00:00:00','0000-00-00 00:00:00','Device did not respond to SNMP',9.99999,517.91000,159.90000,165.12223,15.914464950562,313,1,99.68051,'2019-05-02 19:18:48'),(8,1,1,7,'c4','c4.wolk.com','','','','wolk_comm',2,'','','','','','','',161,500,'Linux wolk-4-gc-europe-west-datastore 3.10.0-957.10.1.el7.x86_64 #1 SMP Mon Mar 18 15:06:45 UTC 2019 x86_64','.1.3.6.1.4.1.8072.3.2.10',8889859,'Root anand@wolk.com','wolk-4-gc-europe-west-datastore','US',2,1,23,400,1,10,1,'','',3,0,'0000-00-00 00:00:00','0000-00-00 00:00:00','',9.99999,124.35000,97.23000,100.97154,11.980953931808,312,0,100.00000,'2019-05-02 19:18:48'),(9,1,1,7,'c5','c5.wolk.com','','','','wolk_comm',2,'','','','','','','',161,500,'Linux wolk-5-gc-europe-west-datastore 3.10.0-957.10.1.el7.x86_64 #1 SMP Mon Mar 18 15:06:45 UTC 2019 x86_64','.1.3.6.1.4.1.8072.3.2.10',8867048,'Root anand@wolk.com','wolk-5-gc-europe-west-datastore','US',2,1,23,400,1,10,1,'','',3,0,'0000-00-00 00:00:00','0000-00-00 00:00:00','',9.99999,592.01000,123.09000,121.09191,13.277690887451,309,0,100.00000,'2019-05-02 19:15:11'),(10,1,1,7,'c6','c6.wolk.com','','','','wolk_comm',2,'','','','','','','',161,500,'Linux wolk-6-gc-sa-east-datastore 3.10.0-957.10.1.el7.x86_64 #1 SMP Mon Mar 18 15:06:45 UTC 2019 x86_64','.1.3.6.1.4.1.8072.3.2.10',8868213,'Root anand@wolk.com','wolk-6-gc-sa-east-datastore','US',2,1,23,400,1,10,1,'','',3,0,'0000-00-00 00:00:00','0000-00-00 00:00:00','',9.99999,169.15000,153.22000,152.11895,16.927320957184,301,0,100.00000,'2019-05-02 19:15:28'),(11,1,1,7,'c7','c7.wolk.com','','','','wolk_comm',2,'','','','','','','',161,500,'Linux wolk-7-na-northeast-datastore 3.10.0-957.10.1.el7.x86_64 #1 SMP Mon Mar 18 15:06:45 UTC 2019 x86_64','.1.3.6.1.4.1.8072.3.2.10',8869986,'Root anand@wolk.com','wolk-7-na-northeast-datastore','US',2,1,23,400,1,10,1,'','',3,0,'2019-05-02 10:56:36','2019-05-02 11:28:30','Device did not respond to SNMP',9.99999,53.05000,39.25000,38.01958,7.1200180053711,300,7,97.66667,'2019-05-02 19:15:35'),(12,1,1,7,'d0','d0.wolk.com','','','','wolk_comm',2,'','','','','','','',161,500,'Linux d0 3.10.0-957.10.1.el7.x86_64 #1 SMP Mon Mar 18 15:06:45 UTC 2019 x86_64','.1.3.6.1.4.1.8072.3.2.10',8865053,'Root anand@wolk.com','d0','US',2,1,23,400,1,10,1,'','',3,0,'0000-00-00 00:00:00','0000-00-00 00:00:00','',0.66304,671.95000,2.97000,7.31698,1.6510651111603,300,0,100.00000,'2019-05-02 19:15:37'),(13,1,1,7,'d2','d2.wolk.com','','','','wolk_comm',2,'','','','','','','',161,500,'Linux d2 3.10.0-957.10.1.el7.x86_64 #1 SMP Mon Mar 18 15:06:45 UTC 2019 x86_64','.1.3.6.1.4.1.8072.3.2.10',8865206,'Root anand@wolk.com','d2','US',2,1,23,400,1,10,1,'','',3,0,'0000-00-00 00:00:00','0000-00-00 00:00:00','',0.66805,26.90000,2.72000,7.61172,1.6090018749237,299,0,100.00000,'2019-05-02 19:15:39'),(14,1,1,7,'d4','d4.wolk.com','','','','wolk_comm',2,'','','','','','','',161,500,'Linux d4 3.10.0-957.10.1.el7.x86_64 #1 SMP Mon Mar 18 15:06:45 UTC 2019 x86_64','.1.3.6.1.4.1.8072.3.2.10',8865374,'Root anand@wolk.com','d4','US',2,1,23,400,1,10,1,'','',3,0,'0000-00-00 00:00:00','0000-00-00 00:00:00','',0.66590,560.71000,2.67000,8.66146,1.6128809452057,299,0,100.00000,'2019-05-02 19:15:40'),(15,1,1,7,'d6','d6.wolk.com','','','','wolk_comm',2,'','','','','','','',161,500,'Linux d6 3.10.0-957.10.1.el7.x86_64 #1 SMP Mon Mar 18 15:06:45 UTC 2019 x86_64','.1.3.6.1.4.1.8072.3.2.10',8865539,'Root anand@wolk.com','d6','US',2,1,23,400,1,10,1,'','',3,0,'0000-00-00 00:00:00','0000-00-00 00:00:00','',1.63000,26.03000,2.98000,8.01679,1.6103570461273,296,0,100.00000,'2019-05-02 19:15:42'),(16,1,1,7,'d7','d7.wolk.com','','','','wolk_comm',2,'','','','','','','',161,500,'Linux d7 3.10.0-957.10.1.el7.x86_64 #1 SMP Mon Mar 18 15:06:45 UTC 2019 x86_64','.1.3.6.1.4.1.8072.3.2.10',8879757,'Root anand@wolk.com','d7','US',2,1,23,400,1,10,1,'','',3,0,'0000-00-00 00:00:00','0000-00-00 00:00:00','',1.76001,304.00000,18.52000,19.80734,1.883780002594,275,0,100.00000,'2019-05-02 19:18:04');
/*!40000 ALTER TABLE `host` ENABLE KEYS */;
UNLOCK TABLES;

--
-- Table structure for table `host_graph`
--

DROP TABLE IF EXISTS `host_graph`;
/*!40101 SET @saved_cs_client     = @@character_set_client */;
/*!40101 SET character_set_client = utf8 */;
CREATE TABLE `host_graph` (
  `host_id` mediumint(8) unsigned NOT NULL DEFAULT '0',
  `graph_template_id` mediumint(8) unsigned NOT NULL DEFAULT '0',
  PRIMARY KEY (`host_id`,`graph_template_id`)
) ENGINE=InnoDB DEFAULT CHARSET=utf8mb4 COLLATE=utf8mb4_unicode_ci;
/*!40101 SET character_set_client = @saved_cs_client */;

--
-- Dumping data for table `host_graph`
--

LOCK TABLES `host_graph` WRITE;
/*!40000 ALTER TABLE `host_graph` DISABLE KEYS */;
INSERT INTO `host_graph` VALUES (1,70),(1,71),(1,72),(1,73),(1,74),(1,81),(1,82),(1,86),(1,87),(1,88),(1,89),(1,90),(3,70),(3,71),(3,72),(3,73),(3,74),(3,81),(3,82),(3,84),(4,70),(4,71),(4,72),(4,73),(4,74),(4,81),(4,82),(4,84),(5,70),(5,71),(5,72),(5,73),(5,74),(5,81),(5,82),(5,84),(6,70),(6,71),(6,72),(6,73),(6,74),(6,81),(6,82),(6,84),(7,70),(7,71),(7,72),(7,73),(7,74),(7,81),(7,82),(7,84),(8,70),(8,71),(8,72),(8,73),(8,74),(8,81),(8,82),(8,84),(9,70),(9,71),(9,72),(9,73),(9,74),(9,81),(9,82),(9,84),(10,70),(10,71),(10,72),(10,73),(10,74),(10,81),(10,82),(10,84),(11,70),(11,71),(11,72),(11,73),(11,74),(11,81),(11,82),(11,84),(12,70),(12,71),(12,72),(12,73),(12,74),(12,81),(12,82),(12,84),(13,70),(13,71),(13,72),(13,73),(13,74),(13,81),(13,82),(13,84),(14,70),(14,71),(14,72),(14,73),(14,74),(14,81),(14,82),(14,84),(15,70),(15,71),(15,72),(15,73),(15,74),(15,81),(15,82),(15,84),(16,70),(16,71),(16,72),(16,73),(16,74),(16,81),(16,82),(16,84);
/*!40000 ALTER TABLE `host_graph` ENABLE KEYS */;
UNLOCK TABLES;

--
-- Table structure for table `host_snmp_cache`
--

DROP TABLE IF EXISTS `host_snmp_cache`;
/*!40101 SET @saved_cs_client     = @@character_set_client */;
/*!40101 SET character_set_client = utf8 */;
CREATE TABLE `host_snmp_cache` (
  `host_id` mediumint(8) unsigned NOT NULL DEFAULT '0',
  `snmp_query_id` mediumint(8) unsigned NOT NULL DEFAULT '0',
  `field_name` varchar(50) COLLATE utf8mb4_unicode_ci NOT NULL DEFAULT '',
  `field_value` varchar(512) COLLATE utf8mb4_unicode_ci DEFAULT NULL,
  `snmp_index` varchar(191) COLLATE utf8mb4_unicode_ci NOT NULL DEFAULT '',
  `oid` mediumtext COLLATE utf8mb4_unicode_ci NOT NULL,
  `present` tinyint(4) NOT NULL DEFAULT '1',
  `last_updated` timestamp NOT NULL DEFAULT CURRENT_TIMESTAMP ON UPDATE CURRENT_TIMESTAMP,
  PRIMARY KEY (`host_id`,`snmp_query_id`,`field_name`,`snmp_index`),
  KEY `host_id` (`host_id`,`field_name`),
  KEY `snmp_index` (`snmp_index`),
  KEY `field_name` (`field_name`),
  KEY `field_value` (`field_value`(191)),
  KEY `snmp_query_id` (`snmp_query_id`),
  KEY `last_updated` (`last_updated`),
  KEY `present` (`present`)
) ENGINE=InnoDB DEFAULT CHARSET=utf8mb4 COLLATE=utf8mb4_unicode_ci;
/*!40101 SET character_set_client = @saved_cs_client */;

--
-- Dumping data for table `host_snmp_cache`
--

LOCK TABLES `host_snmp_cache` WRITE;
/*!40000 ALTER TABLE `host_snmp_cache` DISABLE KEYS */;
/*!40000 ALTER TABLE `host_snmp_cache` ENABLE KEYS */;
UNLOCK TABLES;

--
-- Table structure for table `host_snmp_query`
--

DROP TABLE IF EXISTS `host_snmp_query`;
/*!40101 SET @saved_cs_client     = @@character_set_client */;
/*!40101 SET character_set_client = utf8 */;
CREATE TABLE `host_snmp_query` (
  `host_id` mediumint(8) unsigned NOT NULL DEFAULT '0',
  `snmp_query_id` mediumint(8) unsigned NOT NULL DEFAULT '0',
  `sort_field` varchar(50) COLLATE utf8mb4_unicode_ci NOT NULL DEFAULT '',
  `title_format` varchar(50) COLLATE utf8mb4_unicode_ci NOT NULL DEFAULT '',
  `reindex_method` tinyint(3) unsigned NOT NULL DEFAULT '0',
  PRIMARY KEY (`host_id`,`snmp_query_id`),
  KEY `host_id` (`host_id`)
) ENGINE=InnoDB DEFAULT CHARSET=utf8mb4 COLLATE=utf8mb4_unicode_ci;
/*!40101 SET character_set_client = @saved_cs_client */;

--
-- Dumping data for table `host_snmp_query`
--

LOCK TABLES `host_snmp_query` WRITE;
/*!40000 ALTER TABLE `host_snmp_query` DISABLE KEYS */;
/*!40000 ALTER TABLE `host_snmp_query` ENABLE KEYS */;
UNLOCK TABLES;

--
-- Table structure for table `host_template`
--

DROP TABLE IF EXISTS `host_template`;
/*!40101 SET @saved_cs_client     = @@character_set_client */;
/*!40101 SET character_set_client = utf8 */;
CREATE TABLE `host_template` (
  `id` mediumint(8) unsigned NOT NULL AUTO_INCREMENT,
  `hash` varchar(32) COLLATE utf8mb4_unicode_ci NOT NULL DEFAULT '',
  `name` varchar(100) COLLATE utf8mb4_unicode_ci NOT NULL DEFAULT '',
  PRIMARY KEY (`id`),
  KEY `name` (`name`)
) ENGINE=InnoDB AUTO_INCREMENT=10 DEFAULT CHARSET=utf8mb4 COLLATE=utf8mb4_unicode_ci;
/*!40101 SET character_set_client = @saved_cs_client */;

--
-- Dumping data for table `host_template`
--

LOCK TABLES `host_template` WRITE;
/*!40000 ALTER TABLE `host_template` DISABLE KEYS */;
INSERT INTO `host_template` VALUES (1,'bd1c482a581a40e96348657977e33b75','Cacti Stats'),(2,'cae6a879f86edacb2471055783bec6d0','Cisco Router'),(3,'4855b0e3e553085ed57219690285f91f','Generic SNMP Device'),(4,'2d3e47f416738c2d22c87c40218cc55e','Local Linux Machine'),(5,'07d3fe6a52915f99e642d22e27d967a4','Net-SNMP Device'),(6,'5b8300be607dce4f030b026a381b91cd','Windows Device'),(7,'7f3cc974b740a9d134ca9e53c854e016','Percona GNU/Linux Server HT'),(8,'73892c19311e1fcf88bc41b0daed18c7','Percona Apache Server HT'),(9,'5144c02c3ca3bb2bfef6030202387bfb','Percona MySQL Server HT');
/*!40000 ALTER TABLE `host_template` ENABLE KEYS */;
UNLOCK TABLES;

--
-- Table structure for table `host_template_graph`
--

DROP TABLE IF EXISTS `host_template_graph`;
/*!40101 SET @saved_cs_client     = @@character_set_client */;
/*!40101 SET character_set_client = utf8 */;
CREATE TABLE `host_template_graph` (
  `host_template_id` mediumint(8) unsigned NOT NULL DEFAULT '0',
  `graph_template_id` mediumint(8) unsigned NOT NULL DEFAULT '0',
  PRIMARY KEY (`host_template_id`,`graph_template_id`),
  KEY `host_template_id` (`host_template_id`)
) ENGINE=InnoDB DEFAULT CHARSET=utf8mb4 COLLATE=utf8mb4_unicode_ci;
/*!40101 SET character_set_client = @saved_cs_client */;

--
-- Dumping data for table `host_template_graph`
--

LOCK TABLES `host_template_graph` WRITE;
/*!40000 ALTER TABLE `host_template_graph` DISABLE KEYS */;
INSERT INTO `host_template_graph` VALUES (1,1),(1,2),(1,3),(1,4),(1,5),(1,6),(1,7),(1,8),(1,9),(1,10),(1,11),(1,12),(1,13),(1,14),(1,15),(1,16),(1,17),(1,18),(1,19),(1,20),(1,21),(1,22),(2,33),(2,34),(2,35),(3,34),(3,35),(3,46),(3,47),(4,48),(4,49),(4,50),(4,51),(5,34),(5,35),(5,53),(5,54),(5,55),(5,56),(5,57),(5,58),(5,59),(5,60),(5,61),(6,34),(6,35),(6,55),(6,56),(7,68),(7,69),(7,70),(7,71),(7,72),(7,73),(7,74),(7,75),(7,76),(7,77),(7,78),(7,79),(7,80),(7,81),(7,82),(7,83),(7,84),(7,85),(8,86),(8,87),(8,88),(8,89),(8,90),(9,91),(9,92),(9,93),(9,94),(9,95),(9,96),(9,97),(9,98),(9,99),(9,100),(9,101),(9,102),(9,103),(9,104),(9,105),(9,106),(9,107),(9,108),(9,109),(9,110),(9,111),(9,112),(9,113),(9,114),(9,115),(9,116),(9,117),(9,118),(9,119),(9,120),(9,121),(9,122),(9,123),(9,124),(9,125),(9,126),(9,127),(9,128),(9,129),(9,130),(9,131),(9,132),(9,133);
/*!40000 ALTER TABLE `host_template_graph` ENABLE KEYS */;
UNLOCK TABLES;

--
-- Table structure for table `host_template_snmp_query`
--

DROP TABLE IF EXISTS `host_template_snmp_query`;
/*!40101 SET @saved_cs_client     = @@character_set_client */;
/*!40101 SET character_set_client = utf8 */;
CREATE TABLE `host_template_snmp_query` (
  `host_template_id` mediumint(8) unsigned NOT NULL DEFAULT '0',
  `snmp_query_id` mediumint(8) unsigned NOT NULL DEFAULT '0',
  PRIMARY KEY (`host_template_id`,`snmp_query_id`),
  KEY `host_template_id` (`host_template_id`)
) ENGINE=InnoDB DEFAULT CHARSET=utf8mb4 COLLATE=utf8mb4_unicode_ci;
/*!40101 SET character_set_client = @saved_cs_client */;

--
-- Dumping data for table `host_template_snmp_query`
--

LOCK TABLES `host_template_snmp_query` WRITE;
/*!40000 ALTER TABLE `host_template_snmp_query` DISABLE KEYS */;
INSERT INTO `host_template_snmp_query` VALUES (1,1),(1,2),(1,3),(2,4),(3,4),(4,5),(5,4),(5,6),(5,7),(5,8),(5,9),(6,4),(6,7),(6,8);
/*!40000 ALTER TABLE `host_template_snmp_query` ENABLE KEYS */;
UNLOCK TABLES;

--
-- Table structure for table `plugin_config`
--

DROP TABLE IF EXISTS `plugin_config`;
/*!40101 SET @saved_cs_client     = @@character_set_client */;
/*!40101 SET character_set_client = utf8 */;
CREATE TABLE `plugin_config` (
  `id` mediumint(8) unsigned NOT NULL AUTO_INCREMENT,
  `directory` varchar(32) COLLATE utf8mb4_unicode_ci NOT NULL DEFAULT '',
  `name` varchar(64) COLLATE utf8mb4_unicode_ci NOT NULL DEFAULT '',
  `status` tinyint(2) NOT NULL DEFAULT '0',
  `author` varchar(64) COLLATE utf8mb4_unicode_ci NOT NULL DEFAULT '',
  `webpage` varchar(255) COLLATE utf8mb4_unicode_ci NOT NULL DEFAULT '',
  `version` varchar(8) COLLATE utf8mb4_unicode_ci NOT NULL DEFAULT '',
  PRIMARY KEY (`id`),
  KEY `status` (`status`),
  KEY `directory` (`directory`)
) ENGINE=InnoDB DEFAULT CHARSET=utf8mb4 COLLATE=utf8mb4_unicode_ci;
/*!40101 SET character_set_client = @saved_cs_client */;

--
-- Dumping data for table `plugin_config`
--

LOCK TABLES `plugin_config` WRITE;
/*!40000 ALTER TABLE `plugin_config` DISABLE KEYS */;
/*!40000 ALTER TABLE `plugin_config` ENABLE KEYS */;
UNLOCK TABLES;

--
-- Table structure for table `plugin_db_changes`
--

DROP TABLE IF EXISTS `plugin_db_changes`;
/*!40101 SET @saved_cs_client     = @@character_set_client */;
/*!40101 SET character_set_client = utf8 */;
CREATE TABLE `plugin_db_changes` (
  `id` mediumint(8) unsigned NOT NULL AUTO_INCREMENT,
  `plugin` varchar(16) COLLATE utf8mb4_unicode_ci NOT NULL DEFAULT '',
  `table` varchar(64) COLLATE utf8mb4_unicode_ci NOT NULL DEFAULT '',
  `column` varchar(64) COLLATE utf8mb4_unicode_ci NOT NULL,
  `method` varchar(16) COLLATE utf8mb4_unicode_ci NOT NULL DEFAULT '',
  PRIMARY KEY (`id`),
  KEY `plugin` (`plugin`),
  KEY `method` (`method`)
) ENGINE=InnoDB DEFAULT CHARSET=utf8mb4 COLLATE=utf8mb4_unicode_ci;
/*!40101 SET character_set_client = @saved_cs_client */;

--
-- Dumping data for table `plugin_db_changes`
--

LOCK TABLES `plugin_db_changes` WRITE;
/*!40000 ALTER TABLE `plugin_db_changes` DISABLE KEYS */;
/*!40000 ALTER TABLE `plugin_db_changes` ENABLE KEYS */;
UNLOCK TABLES;

--
-- Table structure for table `plugin_hooks`
--

DROP TABLE IF EXISTS `plugin_hooks`;
/*!40101 SET @saved_cs_client     = @@character_set_client */;
/*!40101 SET character_set_client = utf8 */;
CREATE TABLE `plugin_hooks` (
  `id` mediumint(8) unsigned NOT NULL AUTO_INCREMENT,
  `name` varchar(32) COLLATE utf8mb4_unicode_ci NOT NULL DEFAULT '',
  `hook` varchar(64) COLLATE utf8mb4_unicode_ci NOT NULL DEFAULT '',
  `file` varchar(255) COLLATE utf8mb4_unicode_ci NOT NULL DEFAULT '',
  `function` varchar(128) COLLATE utf8mb4_unicode_ci NOT NULL DEFAULT '',
  `status` int(8) NOT NULL DEFAULT '0',
  PRIMARY KEY (`id`),
  KEY `hook` (`hook`),
  KEY `status` (`status`)
) ENGINE=InnoDB AUTO_INCREMENT=3 DEFAULT CHARSET=utf8mb4 COLLATE=utf8mb4_unicode_ci;
/*!40101 SET character_set_client = @saved_cs_client */;

--
-- Dumping data for table `plugin_hooks`
--

LOCK TABLES `plugin_hooks` WRITE;
/*!40000 ALTER TABLE `plugin_hooks` DISABLE KEYS */;
INSERT INTO `plugin_hooks` VALUES (1,'internal','config_arrays','','plugin_config_arrays',1),(2,'internal','draw_navigation_text','','plugin_draw_navigation_text',1);
/*!40000 ALTER TABLE `plugin_hooks` ENABLE KEYS */;
UNLOCK TABLES;

--
-- Table structure for table `plugin_realms`
--

DROP TABLE IF EXISTS `plugin_realms`;
/*!40101 SET @saved_cs_client     = @@character_set_client */;
/*!40101 SET character_set_client = utf8 */;
CREATE TABLE `plugin_realms` (
  `id` mediumint(8) unsigned NOT NULL AUTO_INCREMENT,
  `plugin` varchar(32) COLLATE utf8mb4_unicode_ci NOT NULL DEFAULT '',
  `file` mediumtext COLLATE utf8mb4_unicode_ci NOT NULL,
  `display` varchar(64) COLLATE utf8mb4_unicode_ci NOT NULL DEFAULT '',
  PRIMARY KEY (`id`),
  KEY `plugin` (`plugin`)
) ENGINE=InnoDB AUTO_INCREMENT=2 DEFAULT CHARSET=utf8mb4 COLLATE=utf8mb4_unicode_ci;
/*!40101 SET character_set_client = @saved_cs_client */;

--
-- Dumping data for table `plugin_realms`
--

LOCK TABLES `plugin_realms` WRITE;
/*!40000 ALTER TABLE `plugin_realms` DISABLE KEYS */;
INSERT INTO `plugin_realms` VALUES (1,'internal','plugins.php','Plugin Management');
/*!40000 ALTER TABLE `plugin_realms` ENABLE KEYS */;
UNLOCK TABLES;

--
-- Table structure for table `poller`
--

DROP TABLE IF EXISTS `poller`;
/*!40101 SET @saved_cs_client     = @@character_set_client */;
/*!40101 SET character_set_client = utf8 */;
CREATE TABLE `poller` (
  `id` smallint(5) unsigned NOT NULL AUTO_INCREMENT,
  `disabled` char(2) COLLATE utf8mb4_unicode_ci DEFAULT '',
  `name` varchar(30) COLLATE utf8mb4_unicode_ci DEFAULT NULL,
  `notes` varchar(1024) COLLATE utf8mb4_unicode_ci DEFAULT '',
  `status` int(10) unsigned NOT NULL DEFAULT '0',
  `timezone` varchar(40) COLLATE utf8mb4_unicode_ci DEFAULT '',
  `hostname` varchar(100) COLLATE utf8mb4_unicode_ci NOT NULL DEFAULT '',
  `dbdefault` varchar(20) COLLATE utf8mb4_unicode_ci NOT NULL DEFAULT '',
  `dbhost` varchar(64) COLLATE utf8mb4_unicode_ci NOT NULL DEFAULT '',
  `dbuser` varchar(20) COLLATE utf8mb4_unicode_ci NOT NULL DEFAULT '',
  `dbpass` varchar(64) COLLATE utf8mb4_unicode_ci NOT NULL DEFAULT '',
  `dbport` int(10) unsigned DEFAULT '3306',
  `dbssl` char(3) COLLATE utf8mb4_unicode_ci DEFAULT '',
  `dbsslkey` varchar(255) COLLATE utf8mb4_unicode_ci DEFAULT NULL,
  `dbsslcert` varchar(255) COLLATE utf8mb4_unicode_ci DEFAULT NULL,
  `dbsslca` varchar(255) COLLATE utf8mb4_unicode_ci DEFAULT NULL,
  `total_time` double DEFAULT '0',
  `max_time` double DEFAULT NULL,
  `min_time` double DEFAULT NULL,
  `avg_time` double DEFAULT NULL,
  `total_polls` int(10) unsigned DEFAULT '0',
  `processes` int(10) unsigned DEFAULT '1',
  `threads` int(10) unsigned DEFAULT '1',
  `sync_interval` int(10) unsigned DEFAULT '7200',
  `snmp` mediumint(8) unsigned DEFAULT '0',
  `script` mediumint(8) unsigned DEFAULT '0',
  `server` mediumint(8) unsigned DEFAULT '0',
  `last_update` timestamp NOT NULL DEFAULT '0000-00-00 00:00:00',
  `last_status` timestamp NOT NULL DEFAULT '0000-00-00 00:00:00',
  `last_sync` timestamp NOT NULL DEFAULT '0000-00-00 00:00:00',
  `requires_sync` char(2) COLLATE utf8mb4_unicode_ci DEFAULT '',
  PRIMARY KEY (`id`),
  KEY `name` (`name`),
  KEY `disabled` (`disabled`)
) ENGINE=InnoDB AUTO_INCREMENT=2 DEFAULT CHARSET=utf8mb4 COLLATE=utf8mb4_unicode_ci COMMENT='Pollers for Cacti';
/*!40101 SET character_set_client = @saved_cs_client */;

--
-- Dumping data for table `poller`
--

LOCK TABLES `poller` WRITE;
/*!40000 ALTER TABLE `poller` DISABLE KEYS */;
INSERT INTO `poller` VALUES (1,'','Main Poller','',1,'','d5','','d5','','',3306,'',NULL,NULL,NULL,101.7485,115.73677206039,1.4276959896088,89.422329838775,321,1,1,7200,0,128,0,'2019-05-02 19:15:42','2019-05-02 19:18:02','0000-00-00 00:00:00','');
/*!40000 ALTER TABLE `poller` ENABLE KEYS */;
UNLOCK TABLES;

--
-- Table structure for table `poller_command`
--

DROP TABLE IF EXISTS `poller_command`;
/*!40101 SET @saved_cs_client     = @@character_set_client */;
/*!40101 SET character_set_client = utf8 */;
CREATE TABLE `poller_command` (
  `poller_id` smallint(5) unsigned NOT NULL DEFAULT '1',
  `time` timestamp NOT NULL DEFAULT '0000-00-00 00:00:00',
  `action` tinyint(3) unsigned NOT NULL DEFAULT '0',
  `command` varchar(191) COLLATE utf8mb4_unicode_ci NOT NULL DEFAULT '',
  `last_updated` timestamp NOT NULL DEFAULT CURRENT_TIMESTAMP ON UPDATE CURRENT_TIMESTAMP,
  PRIMARY KEY (`poller_id`,`action`,`command`),
  KEY `poller_id_last_updated` (`poller_id`,`last_updated`)
) ENGINE=InnoDB DEFAULT CHARSET=utf8mb4 COLLATE=utf8mb4_unicode_ci;
/*!40101 SET character_set_client = @saved_cs_client */;

--
-- Dumping data for table `poller_command`
--

LOCK TABLES `poller_command` WRITE;
/*!40000 ALTER TABLE `poller_command` DISABLE KEYS */;
/*!40000 ALTER TABLE `poller_command` ENABLE KEYS */;
UNLOCK TABLES;

--
-- Table structure for table `poller_data_template_field_mappings`
--

DROP TABLE IF EXISTS `poller_data_template_field_mappings`;
/*!40101 SET @saved_cs_client     = @@character_set_client */;
/*!40101 SET character_set_client = utf8 */;
CREATE TABLE `poller_data_template_field_mappings` (
  `data_template_id` int(10) unsigned NOT NULL DEFAULT '0',
  `data_name` varchar(40) COLLATE utf8mb4_unicode_ci NOT NULL DEFAULT '',
  `data_source_names` varchar(125) COLLATE utf8mb4_unicode_ci NOT NULL DEFAULT '',
  `last_updated` timestamp NOT NULL DEFAULT CURRENT_TIMESTAMP ON UPDATE CURRENT_TIMESTAMP,
  PRIMARY KEY (`data_template_id`,`data_name`,`data_source_names`)
) ENGINE=InnoDB DEFAULT CHARSET=utf8mb4 COLLATE=utf8mb4_unicode_ci COMMENT='Tracks mapping of Data Templates to their Data Source Names';
/*!40101 SET character_set_client = @saved_cs_client */;

--
-- Dumping data for table `poller_data_template_field_mappings`
--

LOCK TABLES `poller_data_template_field_mappings` WRITE;
/*!40000 ALTER TABLE `poller_data_template_field_mappings` DISABLE KEYS */;
INSERT INTO `poller_data_template_field_mappings` VALUES (1,'DataSources','DataSources','2019-04-25 19:01:49'),(1,'Hosts','Hosts','2019-04-25 19:01:49'),(1,'HostsPerProcess','HostsPerProcess','2019-04-25 19:01:49'),(1,'Processes','Processes','2019-04-25 19:01:49'),(1,'RRDsProcessed','RRDsProcessed','2019-04-25 19:01:49'),(1,'Threads','Threads','2019-04-25 19:01:49'),(1,'Time','Time','2019-04-25 19:01:49'),(2,'RRDUpdates','rrdupdates','2019-04-25 19:01:49'),(2,'Time','time','2019-04-25 19:01:49'),(3,'script','script','2019-04-25 19:01:49'),(3,'script_server','script_server','2019-04-25 19:01:49'),(3,'snmp','snmp','2019-04-25 19:01:49'),(4,'DevicesRecached','hosts','2019-04-25 19:01:49'),(4,'RecacheTime','time','2019-04-25 19:01:49'),(5,'boost_peak_memory','boost_peak_memory','2019-04-25 19:01:49'),(6,'active','active','2019-04-25 19:01:49'),(6,'garbage','garbage','2019-04-25 19:01:49'),(6,'invalid','invalid','2019-04-25 19:01:49'),(6,'sleeping','sleeping','2019-04-25 19:01:49'),(6,'uactive','uactive','2019-04-25 19:01:49'),(6,'usleeping','usleeping','2019-04-25 19:01:49'),(6,'valid','valid','2019-04-25 19:01:49'),(7,'TotalGraphsExported','ExportGraphs','2019-04-25 19:01:49'),(8,'ExportDuration','ExportDuration','2019-04-25 19:01:49'),(9,'alarms','alarms','2019-04-25 19:01:49'),(9,'deletes','deletes','2019-04-25 19:01:49'),(9,'incoming','incoming','2019-04-25 19:01:49'),(9,'removes','removes','2019-04-25 19:01:49'),(9,'xfers','xfers','2019-04-25 19:01:49'),(10,'syslogRuntime','syslogRuntime','2019-04-25 19:01:49'),(11,'alerts','alerts','2019-04-25 19:01:49'),(11,'reports','reports','2019-04-25 19:01:49'),(12,'tholdRuntime','tholdRuntime','2019-04-25 19:01:49'),(13,'boost_avg_size','boost_avg_size','2019-04-25 19:01:49'),(14,'boost_records','boost_records','2019-04-25 19:01:49'),(15,'boost_table','boost_table','2019-04-25 19:01:49'),(16,'rrd_delete','rrd_delete','2019-04-25 19:01:49'),(16,'rrd_get_records','rrd_get_records','2019-04-25 19:01:49'),(16,'rrd_lastupdate','rrd_lastupdate','2019-04-25 19:01:49'),(16,'rrd_results_cycle','rrd_results_cycle','2019-04-25 19:01:49'),(16,'rrd_template','rrd_template','2019-04-25 19:01:49'),(16,'rrd_update','rrd_update','2019-04-25 19:01:49'),(21,'script','totalTime','2019-04-25 19:01:49'),(28,'polling_time','polling_time','2019-04-25 19:01:49'),(29,'uptime','uptime','2019-04-25 19:01:49'),(34,'out_ms','ping','2019-04-25 19:01:49'),(36,'proc','proc','2019-04-25 19:01:49'),(37,'10min','load_15min','2019-04-25 19:01:49'),(37,'1min','load_1min','2019-04-25 19:01:49'),(37,'5min','load_5min','2019-04-25 19:01:49'),(38,'users','users','2019-04-25 19:01:49'),(39,'kilobytes','mem_buffers','2019-04-25 19:01:49'),(40,'kilobytes','mem_swap','2019-04-25 19:01:49'),(56,'reads','reads','2019-04-25 19:01:49'),(56,'writes','writes','2019-04-25 19:01:49'),(57,'bytesread','bytesread','2019-04-25 19:01:49'),(57,'byteswritten','byteswritten','2019-04-25 19:01:49'),(62,'hl','STAT_interrupts','2019-04-26 01:07:46'),(63,'hm','STAT_context_swtchs','2019-04-26 01:07:46'),(64,'hn','STAT_forks','2019-04-26 01:07:46'),(65,'gw','STAT_CPU_user','2019-04-26 01:07:46'),(65,'gx','STAT_CPU_nice','2019-04-26 01:07:46'),(65,'gy','STAT_CPU_system','2019-04-26 01:07:46'),(65,'gz','STAT_CPU_idle','2019-04-26 01:07:46'),(65,'hg','STAT_CPU_iowait','2019-04-26 01:07:46'),(65,'hh','STAT_CPU_irq','2019-04-26 01:07:46'),(65,'hi','STAT_CPU_softirq','2019-04-26 01:07:46'),(65,'hj','STAT_CPU_steal','2019-04-26 01:07:46'),(65,'hk','STAT_CPU_guest','2019-04-26 01:07:46'),(66,'ho','STAT_loadavg','2019-04-26 01:07:46'),(67,'hp','STAT_numusers','2019-04-26 01:07:46'),(68,'hq','STAT_memcached','2019-04-26 01:07:47'),(68,'hr','STAT_membuffer','2019-04-26 01:07:47'),(68,'hs','STAT_memshared','2019-04-26 01:07:47'),(68,'ht','STAT_memfree','2019-04-26 01:07:47'),(68,'hu','STAT_memused','2019-04-26 01:07:47'),(68,'hv','STAT_memtotal','2019-04-26 01:07:47'),(69,'iw','DISK_reads','2019-04-26 01:07:47'),(69,'ix','DISK_reads_merged','2019-04-26 01:07:47'),(69,'jg','DISK_writes','2019-04-26 01:07:47'),(69,'jh','DISK_writes_merged','2019-04-26 01:07:47'),(70,'iy','DISK_sectors_read','2019-04-26 01:07:47'),(70,'ji','DISK_sectors_writtn','2019-04-26 01:07:47'),(71,'iz','DISK_time_spnt_rdng','2019-04-26 01:07:47'),(71,'jj','DISK_tme_spnt_wrtng','2019-04-26 01:07:47'),(72,'iw','DISK_reads','2019-04-26 01:07:47'),(72,'iz','DISK_time_spnt_rdng','2019-04-26 01:07:47'),(72,'jg','DISK_writes','2019-04-26 01:07:47'),(72,'jj','DISK_tme_spnt_wrtng','2019-04-26 01:07:47'),(73,'jl','DISK_io_time','2019-04-26 01:07:47'),(73,'jm','DISK_io_time_weghtd','2019-04-26 01:07:47'),(74,'jk','DISK_io_ops','2019-04-26 01:07:47'),(75,'nj','DISKFREE_used','2019-04-26 01:07:47'),(75,'nk','DISKFREE_available','2019-04-26 01:07:47'),(76,'nl','NETDEV_inbound','2019-04-26 01:07:47'),(76,'nq','NETDEV_outbound','2019-04-26 01:07:47'),(77,'nm','NETDEV_rxerrs','2019-04-26 01:07:47'),(77,'nn','NETDEV_rxdrop','2019-04-26 01:07:47'),(77,'no','NETDEV_rxfifo','2019-04-26 01:07:47'),(77,'np','NETDEV_rxframe','2019-04-26 01:07:47'),(77,'nr','NETDEV_txerrs','2019-04-26 01:07:47'),(77,'ns','NETDEV_txdrop','2019-04-26 01:07:47'),(77,'nt','NETDEV_txfifo','2019-04-26 01:07:47'),(77,'nu','NETDEV_txcolls','2019-04-26 01:07:47'),(77,'nv','NETDEV_txcarrier','2019-04-26 01:07:47'),(78,'nw','NETSTAT_established','2019-04-26 01:07:48'),(78,'nx','NETSTAT_syn_sent','2019-04-26 01:07:48'),(78,'ny','NETSTAT_syn_recv','2019-04-26 01:07:48'),(78,'nz','NETSTAT_fin_wait1','2019-04-26 01:07:48'),(78,'og','NETSTAT_fin_wait2','2019-04-26 01:07:48'),(78,'oh','NETSTAT_time_wait','2019-04-26 01:07:48'),(78,'oi','NETSTAT_close','2019-04-26 01:07:48'),(78,'oj','NETSTAT_close_wait','2019-04-26 01:07:48'),(78,'ok','NETSTAT_last_ack','2019-04-26 01:07:48'),(78,'ol','NETSTAT_listen','2019-04-26 01:07:48'),(78,'om','NETSTAT_closing','2019-04-26 01:07:48'),(78,'on','NETSTAT_unknown','2019-04-26 01:07:48'),(79,'oo','VMSTAT_pswpin','2019-04-26 01:07:48'),(79,'op','VMSTAT_pswpout','2019-04-26 01:07:48'),(80,'gg','APACHE_Requests','2019-04-26 01:08:16'),(81,'gh','APACHE_Bytes_sent','2019-04-26 01:08:16'),(82,'gk','APACHE_CPU_Load','2019-04-26 01:08:16'),(83,'gi','APACHE_Idle_workers','2019-04-26 01:08:16'),(83,'gj','APACHE_Busy_workers','2019-04-26 01:08:16'),(84,'gl','APACHE_Wtng_frcnctn','2019-04-26 01:08:16'),(84,'gm','APACHE_Starting_up','2019-04-26 01:08:16'),(84,'gn','APACHE_Reading_rqst','2019-04-26 01:08:16'),(84,'go','APACHE_Sending_rply','2019-04-26 01:08:16'),(84,'gp','APACHE_Keepalive','2019-04-26 01:08:16'),(84,'gq','APACHE_DNS_lookup','2019-04-26 01:08:16'),(84,'gr','APACHE_Clsng_cnnctn','2019-04-26 01:08:16'),(84,'gs','APACHE_Logging','2019-04-26 01:08:16'),(84,'gt','APACHE_Grcflyfnshng','2019-04-26 01:08:16'),(84,'gu','APACHE_Idle_cleanup','2019-04-26 01:08:16'),(84,'gv','APACHE_Open_slot','2019-04-26 01:08:16'),(85,'gg','Key_read_requests','2019-04-26 01:08:41'),(85,'gh','Key_reads','2019-04-26 01:08:41'),(85,'gi','Key_write_requests','2019-04-26 01:08:41'),(85,'gj','Key_writes','2019-04-26 01:08:41'),(86,'og','Key_buf_byts_nflshd','2019-04-26 01:08:41'),(86,'oh','Key_buf_bytes_used','2019-04-26 01:08:41'),(86,'oi','key_buffer_size','2019-04-26 01:08:41'),(87,'gq','pool_size','2019-04-26 01:08:42'),(87,'gr','free_pages','2019-04-26 01:08:42'),(87,'gs','database_pages','2019-04-26 01:08:42'),(87,'gt','modified_pages','2019-04-26 01:08:42'),(88,'gx','file_fsyncs','2019-04-26 01:08:42'),(88,'gy','file_reads','2019-04-26 01:08:42'),(88,'gz','file_writes','2019-04-26 01:08:42'),(88,'hg','log_writes','2019-04-26 01:08:42'),(89,'hq','ibuf_inserts','2019-04-26 01:08:42'),(89,'hr','ibuf_merged','2019-04-26 01:08:42'),(89,'hs','ibuf_merges','2019-04-26 01:08:42'),(90,'no','ibuf_used_cells','2019-04-26 01:08:42'),(90,'np','ibuf_free_cells','2019-04-26 01:08:42'),(90,'nq','ibuf_cell_count','2019-04-26 01:08:42'),(91,'ht','spin_waits','2019-04-26 01:08:42'),(91,'hu','spin_rounds','2019-04-26 01:08:42'),(91,'hv','os_waits','2019-04-26 01:08:42'),(92,'hw','rows_inserted','2019-04-26 01:08:42'),(92,'hx','rows_updated','2019-04-26 01:08:42'),(92,'hy','rows_deleted','2019-04-26 01:08:42'),(92,'hz','rows_read','2019-04-26 01:08:42'),(93,'ig','Table_locks_waited','2019-04-26 01:08:42'),(93,'ih','Table_locks_immedit','2019-04-26 01:08:42'),(93,'ii','Slow_queries','2019-04-26 01:08:42'),(94,'ip','Aborted_clients','2019-04-26 01:08:42'),(94,'iq','Aborted_connects','2019-04-26 01:08:42'),(94,'ir','Max_used_connectins','2019-04-26 01:08:42'),(94,'iu','Threads_connected','2019-04-26 01:08:42'),(94,'ix','max_connections','2019-04-26 01:08:42'),(94,'iz','Connections','2019-04-26 01:08:42'),(95,'jg','slave_running','2019-04-26 01:08:43'),(95,'jh','slave_stopped','2019-04-26 01:08:43'),(95,'ji','Slave_rtrd_trnsctns','2019-04-26 01:08:43'),(95,'jj','slave_lag','2019-04-26 01:08:43'),(95,'jk','Slave_open_tmp_tbls','2019-04-26 01:08:43'),(96,'jn','Qcache_hits','2019-04-26 01:08:43'),(96,'jo','Qcache_inserts','2019-04-26 01:08:43'),(96,'jp','Qcache_lowmem_pruns','2019-04-26 01:08:43'),(96,'jq','Qcache_not_cached','2019-04-26 01:08:43'),(96,'jr','Qcache_queris_n_cch','2019-04-26 01:08:43'),(97,'jl','Qcache_free_blocks','2019-04-26 01:08:43'),(97,'jm','Qcache_free_memory','2019-04-26 01:08:43'),(97,'js','Qcache_total_blocks','2019-04-26 01:08:43'),(97,'jt','query_cache_size','2019-04-26 01:08:43'),(98,'ju','Questions','2019-04-26 01:08:43'),(98,'jv','Com_update','2019-04-26 01:08:43'),(98,'jw','Com_insert','2019-04-26 01:08:43'),(98,'jx','Com_select','2019-04-26 01:08:43'),(98,'jy','Com_delete','2019-04-26 01:08:43'),(98,'jz','Com_replace','2019-04-26 01:08:43'),(98,'kg','Com_load','2019-04-26 01:08:43'),(98,'kh','Com_update_multi','2019-04-26 01:08:43'),(98,'ki','Com_insert_select','2019-04-26 01:08:43'),(98,'kj','Com_delete_multi','2019-04-26 01:08:43'),(98,'kk','Com_replace_select','2019-04-26 01:08:43'),(99,'kl','Select_full_join','2019-04-26 01:08:43'),(99,'km','Select_full_rnge_jn','2019-04-26 01:08:43'),(99,'kn','Select_range','2019-04-26 01:08:43'),(99,'ko','Select_range_check','2019-04-26 01:08:43'),(99,'kp','Select_scan','2019-04-26 01:08:43'),(100,'kq','Sort_merge_passes','2019-04-26 01:08:43'),(100,'kr','Sort_range','2019-04-26 01:08:43'),(100,'ks','Sort_rows','2019-04-26 01:08:43'),(100,'kt','Sort_scan','2019-04-26 01:08:43'),(101,'ku','Created_tmp_tables','2019-04-26 01:08:43'),(101,'kv','Creatd_tmp_dsk_tbls','2019-04-26 01:08:43'),(101,'kw','Created_tmp_files','2019-04-26 01:08:43'),(102,'kx','Bytes_sent','2019-04-26 01:08:43'),(102,'ky','Bytes_received','2019-04-26 01:08:43'),(103,'gu','pages_read','2019-04-26 01:08:44'),(103,'gv','pages_created','2019-04-26 01:08:44'),(103,'gw','pages_written','2019-04-26 01:08:44'),(104,'hh','pending_aio_log_ios','2019-04-26 01:08:44'),(104,'hi','pending_aio_sync_is','2019-04-26 01:08:44'),(104,'hj','pending_bf_pl_flshs','2019-04-26 01:08:44'),(104,'hk','pending_chkp_writes','2019-04-26 01:08:44'),(104,'hl','pending_ibuf_ao_rds','2019-04-26 01:08:44'),(104,'hm','pending_log_flushes','2019-04-26 01:08:44'),(104,'hn','pending_log_writes','2019-04-26 01:08:44'),(104,'ho','pending_norml_o_rds','2019-04-26 01:08:44'),(104,'hp','pending_nrml_o_wrts','2019-04-26 01:08:44'),(105,'kz','innodb_log_buffr_sz','2019-04-26 01:08:44'),(105,'lg','unflushed_log','2019-04-26 01:08:44'),(105,'lh','log_bytes_flushed','2019-04-26 01:08:44'),(105,'li','log_bytes_written','2019-04-26 01:08:44'),(106,'lj','relay_log_space','2019-04-26 01:08:44'),(106,'ll','Binlog_cache_disk_s','2019-04-26 01:08:44'),(106,'lm','Binlog_cache_use','2019-04-26 01:08:44'),(106,'ln','binary_log_space','2019-04-26 01:08:44'),(107,'gk','history_list','2019-04-26 01:08:44'),(107,'gl','innodb_transactions','2019-04-26 01:08:44'),(108,'gm','read_views','2019-04-26 01:08:44'),(108,'gn','current_transactins','2019-04-26 01:08:44'),(108,'go','locked_transactions','2019-04-26 01:08:44'),(108,'gp','active_transactions','2019-04-26 01:08:44'),(109,'ij','Open_files','2019-04-26 01:08:44'),(109,'ik','Open_tables','2019-04-26 01:08:44'),(109,'il','Opened_tables','2019-04-26 01:08:44'),(109,'io','table_cache','2019-04-26 01:08:44'),(110,'it','Threads_cached','2019-04-26 01:08:45'),(110,'iu','Threads_connected','2019-04-26 01:08:45'),(110,'iv','Threads_created','2019-04-26 01:08:45'),(110,'iw','Threads_running','2019-04-26 01:08:45'),(110,'iy','thread_cache_size','2019-04-26 01:08:45'),(111,'nl','total_mem_alloc','2019-04-26 01:08:45'),(111,'nm','additional_pool_llc','2019-04-26 01:08:45'),(112,'nj','hash_index_clls_ttl','2019-04-26 01:08:45'),(112,'nk','hash_index_cells_sd','2019-04-26 01:08:45'),(113,'nr','adaptive_hash_memry','2019-04-26 01:08:45'),(113,'ns','page_hash_memory','2019-04-26 01:08:45'),(113,'nt','dictionry_cche_mmry','2019-04-26 01:08:45'),(113,'nu','file_system_memory','2019-04-26 01:08:45'),(113,'nv','lock_system_memory','2019-04-26 01:08:45'),(113,'nw','recovery_systm_mmry','2019-04-26 01:08:45'),(113,'nx','thread_hash_memory','2019-04-26 01:08:45'),(114,'lo','innodb_locked_tabls','2019-04-26 01:08:45'),(114,'nh','innodb_tables_in_us','2019-04-26 01:08:45'),(115,'ni','innodb_lock_wat_scs','2019-04-26 01:08:45'),(116,'lp','innodb_lock_structs','2019-04-26 01:08:45'),(117,'nn','uncheckpointed_byts','2019-04-26 01:08:45'),(118,'oj','Innodb_row_lock_tim','2019-04-26 01:08:45'),(119,'ok','Innodb_row_lock_wts','2019-04-26 01:08:45'),(120,'ny','innodb_sem_waits','2019-04-26 01:08:45'),(121,'nz','innodb_sm_wt_tme_ms','2019-04-26 01:08:45'),(122,'lq','State_closing_tabls','2019-04-26 01:08:45'),(122,'lr','Ste_cpyng_to_tp_tbl','2019-04-26 01:08:45'),(122,'ls','State_end','2019-04-26 01:08:45'),(122,'lt','State_freeing_items','2019-04-26 01:08:45'),(122,'lu','State_init','2019-04-26 01:08:45'),(122,'lv','State_locked','2019-04-26 01:08:45'),(122,'lw','State_login','2019-04-26 01:08:45'),(122,'lx','State_preparing','2019-04-26 01:08:45'),(122,'ly','State_readng_frm_nt','2019-04-26 01:08:45'),(122,'lz','State_sending_data','2019-04-26 01:08:45'),(122,'mg','State_sorting_reslt','2019-04-26 01:08:45'),(122,'mh','State_statistics','2019-04-26 01:08:45'),(122,'mi','State_updating','2019-04-26 01:08:45'),(122,'mj','State_writing_to_nt','2019-04-26 01:08:45'),(122,'mk','State_none','2019-04-26 01:08:45'),(122,'ml','State_other','2019-04-26 01:08:45'),(123,'mm','Handler_commit','2019-04-26 01:08:46'),(123,'mw','Handler_rollback','2019-04-26 01:08:46'),(123,'mx','Handler_savepoint','2019-04-26 01:08:46'),(123,'my','Handlr_svpnt_rllbck','2019-04-26 01:08:46'),(124,'mn','Handler_delete','2019-04-26 01:08:46'),(124,'mq','Handler_read_first','2019-04-26 01:08:46'),(124,'mr','Handler_read_key','2019-04-26 01:08:46'),(124,'ms','Handler_read_next','2019-04-26 01:08:46'),(124,'mt','Handler_read_prev','2019-04-26 01:08:46'),(124,'mu','Handler_read_rnd','2019-04-26 01:08:46'),(124,'mv','Handler_red_rnd_nxt','2019-04-26 01:08:46'),(124,'mz','Handler_update','2019-04-26 01:08:46'),(124,'ng','Handler_write','2019-04-26 01:08:46'),(125,'ol','Query_time_count_00','2019-04-26 01:08:46'),(125,'om','Query_time_count_01','2019-04-26 01:08:46'),(125,'on','Query_time_count_02','2019-04-26 01:08:46'),(125,'oo','Query_time_count_03','2019-04-26 01:08:46'),(125,'op','Query_time_count_04','2019-04-26 01:08:46'),(125,'oq','Query_time_count_05','2019-04-26 01:08:46'),(125,'or','Query_time_count_06','2019-04-26 01:08:46'),(125,'os','Query_time_count_07','2019-04-26 01:08:46'),(125,'ot','Query_time_count_08','2019-04-26 01:08:46'),(125,'ou','Query_time_count_09','2019-04-26 01:08:46'),(125,'ov','Query_time_count_10','2019-04-26 01:08:46'),(125,'ow','Query_time_count_11','2019-04-26 01:08:46'),(125,'ox','Query_time_count_12','2019-04-26 01:08:46'),(125,'oy','Query_time_count_13','2019-04-26 01:08:46'),(126,'oz','Query_time_total_00','2019-04-26 01:08:46'),(126,'pg','Query_time_total_01','2019-04-26 01:08:46'),(126,'ph','Query_time_total_02','2019-04-26 01:08:46'),(126,'pi','Query_time_total_03','2019-04-26 01:08:46'),(126,'pj','Query_time_total_04','2019-04-26 01:08:46'),(126,'pk','Query_time_total_05','2019-04-26 01:08:46'),(126,'pl','Query_time_total_06','2019-04-26 01:08:46'),(126,'pm','Query_time_total_07','2019-04-26 01:08:46'),(126,'pn','Query_time_total_08','2019-04-26 01:08:46'),(126,'po','Query_time_total_09','2019-04-26 01:08:46'),(126,'pp','Query_time_total_10','2019-04-26 01:08:46'),(126,'pq','Query_time_total_11','2019-04-26 01:08:46'),(126,'pr','Query_time_total_12','2019-04-26 01:08:46'),(126,'ps','Query_time_total_13','2019-04-26 01:08:46'),(127,'qo','pool_reads','2019-04-26 01:08:46'),(127,'qp','pool_read_requests','2019-04-26 01:08:46');
/*!40000 ALTER TABLE `poller_data_template_field_mappings` ENABLE KEYS */;
UNLOCK TABLES;

--
-- Table structure for table `poller_item`
--

DROP TABLE IF EXISTS `poller_item`;
/*!40101 SET @saved_cs_client     = @@character_set_client */;
/*!40101 SET character_set_client = utf8 */;
CREATE TABLE `poller_item` (
  `local_data_id` mediumint(8) unsigned NOT NULL DEFAULT '0',
  `poller_id` int(10) unsigned NOT NULL DEFAULT '1',
  `host_id` mediumint(8) unsigned NOT NULL DEFAULT '0',
  `action` tinyint(2) unsigned NOT NULL DEFAULT '1',
  `present` tinyint(4) NOT NULL DEFAULT '1',
  `last_updated` timestamp NOT NULL DEFAULT CURRENT_TIMESTAMP ON UPDATE CURRENT_TIMESTAMP,
  `hostname` varchar(100) COLLATE utf8mb4_unicode_ci NOT NULL DEFAULT '',
  `snmp_community` varchar(100) COLLATE utf8mb4_unicode_ci NOT NULL DEFAULT '',
  `snmp_version` tinyint(1) unsigned NOT NULL DEFAULT '0',
  `snmp_username` varchar(50) COLLATE utf8mb4_unicode_ci NOT NULL DEFAULT '',
  `snmp_password` varchar(50) COLLATE utf8mb4_unicode_ci NOT NULL DEFAULT '',
  `snmp_auth_protocol` char(6) COLLATE utf8mb4_unicode_ci NOT NULL DEFAULT '',
  `snmp_priv_passphrase` varchar(200) COLLATE utf8mb4_unicode_ci NOT NULL DEFAULT '',
  `snmp_priv_protocol` char(6) COLLATE utf8mb4_unicode_ci NOT NULL DEFAULT '',
  `snmp_context` varchar(64) COLLATE utf8mb4_unicode_ci DEFAULT '',
  `snmp_engine_id` varchar(64) COLLATE utf8mb4_unicode_ci DEFAULT '',
  `snmp_port` mediumint(5) unsigned NOT NULL DEFAULT '161',
  `snmp_timeout` mediumint(8) unsigned NOT NULL DEFAULT '0',
  `rrd_name` varchar(19) COLLATE utf8mb4_unicode_ci NOT NULL DEFAULT '',
  `rrd_path` varchar(255) COLLATE utf8mb4_unicode_ci NOT NULL DEFAULT '',
  `rrd_num` tinyint(2) unsigned NOT NULL DEFAULT '0',
  `rrd_step` mediumint(8) NOT NULL DEFAULT '300',
  `rrd_next_step` mediumint(8) NOT NULL DEFAULT '0',
  `arg1` mediumtext COLLATE utf8mb4_unicode_ci,
  `arg2` varchar(255) COLLATE utf8mb4_unicode_ci DEFAULT NULL,
  `arg3` varchar(255) COLLATE utf8mb4_unicode_ci DEFAULT NULL,
  PRIMARY KEY (`local_data_id`,`rrd_name`),
  KEY `host_id` (`host_id`),
  KEY `action` (`action`),
  KEY `present` (`present`),
  KEY `poller_id_host_id` (`poller_id`,`host_id`),
  KEY `poller_id_rrd_next_step` (`poller_id`,`rrd_next_step`),
  KEY `poller_id_action` (`poller_id`,`action`),
  KEY `poller_id_last_updated` (`poller_id`,`last_updated`)
) ENGINE=InnoDB DEFAULT CHARSET=utf8mb4 COLLATE=utf8mb4_unicode_ci;
/*!40101 SET character_set_client = @saved_cs_client */;

--
-- Dumping data for table `poller_item`
--

LOCK TABLES `poller_item` WRITE;
/*!40000 ALTER TABLE `poller_item` DISABLE KEYS */;
INSERT INTO `poller_item` VALUES (2,1,1,1,1,'2019-05-02 19:18:02','localhost','wolk_comm',2,'','','','','','','',161,500,'','/var/www/vhosts/cacti/rra/local_linux_machine_load_1min_2.rrd',1,300,0,'perl /var/www/vhosts/cacti/scripts/loadavg_multi.pl','',''),(3,1,1,1,1,'2019-05-02 19:18:02','localhost','wolk_comm',2,'','','','','','','',161,500,'users','/var/www/vhosts/cacti/rra/local_linux_machine_users_3.rrd',1,300,0,'perl /var/www/vhosts/cacti/scripts/unix_users.pl ','',''),(4,1,1,1,1,'2019-05-02 19:18:02','localhost','wolk_comm',2,'','','','','','','',161,500,'mem_buffers','/var/www/vhosts/cacti/rra/local_linux_machine_mem_buffers_4.rrd',1,300,0,'perl /var/www/vhosts/cacti/scripts/linux_memory.pl \'MemFree:\'','',''),(5,1,1,1,1,'2019-05-02 19:18:02','localhost','wolk_comm',2,'','','','','','','',161,500,'mem_swap','/var/www/vhosts/cacti/rra/local_linux_machine_mem_swap_5.rrd',1,300,0,'perl /var/www/vhosts/cacti/scripts/linux_memory.pl \'SwapFree:\'','',''),(31,1,3,1,1,'2019-05-02 19:18:02','d1.wolk.com','wolk_comm',2,'','','','','','','',161,500,'STAT_forks','/var/www/vhosts/cacti/rra/d1_wolk_com_stat_forks_31.rrd',1,300,0,'/bin/php -q /var/www/vhosts/cacti/scripts/ss_get_by_ssh.php --host \'d1.wolk.com\' --type proc_stat --items hn','',''),(32,1,3,1,1,'2019-05-02 19:18:02','d1.wolk.com','wolk_comm',2,'','','','','','','',161,500,'','/var/www/vhosts/cacti/rra/d1_wolk_com_stat_cpu_nice_32.rrd',1,300,0,'/bin/php -q /var/www/vhosts/cacti/scripts/ss_get_by_ssh.php --host \'d1.wolk.com\' --type proc_stat --items gw,gx,gy,gz,hg,hh,hi,hj,hk','',''),(33,1,3,1,1,'2019-05-02 19:18:02','d1.wolk.com','wolk_comm',2,'','','','','','','',161,500,'STAT_loadavg','/var/www/vhosts/cacti/rra/d1_wolk_com_stat_loadavg_33.rrd',1,300,0,'/bin/php -q /var/www/vhosts/cacti/scripts/ss_get_by_ssh.php --host \'d1.wolk.com\' --type w --items ho','',''),(34,1,3,1,1,'2019-05-02 19:18:02','d1.wolk.com','wolk_comm',2,'','','','','','','',161,500,'STAT_numusers','/var/www/vhosts/cacti/rra/d1_wolk_com_stat_numusers_34.rrd',1,300,0,'/bin/php -q /var/www/vhosts/cacti/scripts/ss_get_by_ssh.php --host \'d1.wolk.com\' --type w --items hp','',''),(35,1,3,1,1,'2019-05-02 19:18:02','d1.wolk.com','wolk_comm',2,'','','','','','','',161,500,'','/var/www/vhosts/cacti/rra/d1_wolk_com_stat_memused_35.rrd',1,300,0,'/bin/php -q /var/www/vhosts/cacti/scripts/ss_get_by_ssh.php --host \'d1.wolk.com\' --type memory --items hq,hr,hs,ht,hu,hv','',''),(36,1,3,1,1,'2019-05-02 19:18:02','d1.wolk.com','wolk_comm',2,'','','','','','','',161,500,'','/var/www/vhosts/cacti/rra/d1_wolk_com_netstat_established_36.rrd',1,300,0,'/bin/php -q /var/www/vhosts/cacti/scripts/ss_get_by_ssh.php --host \'d1.wolk.com\' --type netstat --items nw,nx,ny,nz,og,oh,oi,oj,ok,ol,om,on ','',''),(38,1,3,1,1,'2019-05-02 19:18:02','d1.wolk.com','wolk_comm',2,'','','','','','','',161,500,'','/var/www/vhosts/cacti/rra/d1_wolk_com_diskfree_used_38.rrd',1,300,0,'/bin/php -q /var/www/vhosts/cacti/scripts/ss_get_by_ssh.php --host \'d1.wolk.com\' --type df --items nj,nk --volume \'/dev/sda1\'','',''),(40,1,3,1,1,'2019-05-02 19:18:02','d1.wolk.com','wolk_comm',2,'','','','','','','',161,500,'','/var/www/vhosts/cacti/rra/d1_wolk_com_netdev_outbound_40.rrd',1,300,0,'/bin/php -q /var/www/vhosts/cacti/scripts/ss_get_by_ssh.php --host \'d1.wolk.com\' --type netdev --items nl,nq --device \'eth0\'','',''),(44,1,4,1,1,'2019-05-02 19:18:02','c0.wolk.com','wolk_comm',2,'','','','','','','',161,500,'STAT_forks','/var/www/vhosts/cacti/rra/c0_wolk_com_stat_forks_44.rrd',1,300,0,'/bin/php -q /var/www/vhosts/cacti/scripts/ss_get_by_ssh.php --host \'c0.wolk.com\' --type proc_stat --items hn','',''),(45,1,4,1,1,'2019-05-02 19:18:02','c0.wolk.com','wolk_comm',2,'','','','','','','',161,500,'','/var/www/vhosts/cacti/rra/c0_wolk_com_stat_cpu_nice_45.rrd',1,300,0,'/bin/php -q /var/www/vhosts/cacti/scripts/ss_get_by_ssh.php --host \'c0.wolk.com\' --type proc_stat --items gw,gx,gy,gz,hg,hh,hi,hj,hk','',''),(46,1,4,1,1,'2019-05-02 19:18:02','c0.wolk.com','wolk_comm',2,'','','','','','','',161,500,'STAT_loadavg','/var/www/vhosts/cacti/rra/c0_wolk_com_stat_loadavg_46.rrd',1,300,0,'/bin/php -q /var/www/vhosts/cacti/scripts/ss_get_by_ssh.php --host \'c0.wolk.com\' --type w --items ho','',''),(47,1,4,1,1,'2019-05-02 19:18:02','c0.wolk.com','wolk_comm',2,'','','','','','','',161,500,'STAT_numusers','/var/www/vhosts/cacti/rra/c0_wolk_com_stat_numusers_47.rrd',1,300,0,'/bin/php -q /var/www/vhosts/cacti/scripts/ss_get_by_ssh.php --host \'c0.wolk.com\' --type w --items hp','',''),(48,1,4,1,1,'2019-05-02 19:18:02','c0.wolk.com','wolk_comm',2,'','','','','','','',161,500,'','/var/www/vhosts/cacti/rra/c0_wolk_com_stat_memused_48.rrd',1,300,0,'/bin/php -q /var/www/vhosts/cacti/scripts/ss_get_by_ssh.php --host \'c0.wolk.com\' --type memory --items hq,hr,hs,ht,hu,hv','',''),(49,1,4,1,1,'2019-05-02 19:18:02','c0.wolk.com','wolk_comm',2,'','','','','','','',161,500,'','/var/www/vhosts/cacti/rra/c0_wolk_com_netstat_established_49.rrd',1,300,0,'/bin/php -q /var/www/vhosts/cacti/scripts/ss_get_by_ssh.php --host \'c0.wolk.com\' --type netstat --items nw,nx,ny,nz,og,oh,oi,oj,ok,ol,om,on ','',''),(51,1,4,1,1,'2019-05-02 19:18:02','c0.wolk.com','wolk_comm',2,'','','','','','','',161,500,'','/var/www/vhosts/cacti/rra/c0_wolk_com_diskfree_used_51.rrd',1,300,0,'/bin/php -q /var/www/vhosts/cacti/scripts/ss_get_by_ssh.php --host \'c0.wolk.com\' --type df --items nj,nk --volume \'/dev/sda1\'','',''),(52,1,4,1,1,'2019-05-02 19:18:02','c0.wolk.com','wolk_comm',2,'','','','','','','',161,500,'','/var/www/vhosts/cacti/rra/c0_wolk_com_netdev_outbound_52.rrd',1,300,0,'/bin/php -q /var/www/vhosts/cacti/scripts/ss_get_by_ssh.php --host \'c0.wolk.com\' --type netdev --items nl,nq --device \'eth0\'','',''),(55,1,5,1,1,'2019-05-02 19:18:02','c1.wolk.com','wolk_comm',2,'','','','','','','',161,500,'STAT_forks','/var/www/vhosts/cacti/rra/c1_stat_forks_55.rrd',1,300,0,'/bin/php -q /var/www/vhosts/cacti/scripts/ss_get_by_ssh.php --host \'c1.wolk.com\' --type proc_stat --items hn','',''),(56,1,5,1,1,'2019-05-02 19:18:02','c1.wolk.com','wolk_comm',2,'','','','','','','',161,500,'','/var/www/vhosts/cacti/rra/c1_stat_cpu_nice_56.rrd',1,300,0,'/bin/php -q /var/www/vhosts/cacti/scripts/ss_get_by_ssh.php --host \'c1.wolk.com\' --type proc_stat --items gw,gx,gy,gz,hg,hh,hi,hj,hk','',''),(57,1,5,1,1,'2019-05-02 19:18:02','c1.wolk.com','wolk_comm',2,'','','','','','','',161,500,'STAT_loadavg','/var/www/vhosts/cacti/rra/c1_stat_loadavg_57.rrd',1,300,0,'/bin/php -q /var/www/vhosts/cacti/scripts/ss_get_by_ssh.php --host \'c1.wolk.com\' --type w --items ho','',''),(58,1,5,1,1,'2019-05-02 19:18:02','c1.wolk.com','wolk_comm',2,'','','','','','','',161,500,'STAT_numusers','/var/www/vhosts/cacti/rra/c1_stat_numusers_58.rrd',1,300,0,'/bin/php -q /var/www/vhosts/cacti/scripts/ss_get_by_ssh.php --host \'c1.wolk.com\' --type w --items hp','',''),(59,1,5,1,1,'2019-05-02 19:18:02','c1.wolk.com','wolk_comm',2,'','','','','','','',161,500,'','/var/www/vhosts/cacti/rra/c1_stat_memused_59.rrd',1,300,0,'/bin/php -q /var/www/vhosts/cacti/scripts/ss_get_by_ssh.php --host \'c1.wolk.com\' --type memory --items hq,hr,hs,ht,hu,hv','',''),(60,1,5,1,1,'2019-05-02 19:18:02','c1.wolk.com','wolk_comm',2,'','','','','','','',161,500,'','/var/www/vhosts/cacti/rra/c1_netstat_established_60.rrd',1,300,0,'/bin/php -q /var/www/vhosts/cacti/scripts/ss_get_by_ssh.php --host \'c1.wolk.com\' --type netstat --items nw,nx,ny,nz,og,oh,oi,oj,ok,ol,om,on ','',''),(62,1,5,1,1,'2019-05-02 19:18:02','c1.wolk.com','wolk_comm',2,'','','','','','','',161,500,'','/var/www/vhosts/cacti/rra/c1_diskfree_used_62.rrd',1,300,0,'/bin/php -q /var/www/vhosts/cacti/scripts/ss_get_by_ssh.php --host \'c1.wolk.com\' --type df --items nj,nk --volume \'/dev/sda1\'','',''),(63,1,5,1,1,'2019-05-02 19:18:02','c1.wolk.com','wolk_comm',2,'','','','','','','',161,500,'','/var/www/vhosts/cacti/rra/c1_netdev_outbound_63.rrd',1,300,0,'/bin/php -q /var/www/vhosts/cacti/scripts/ss_get_by_ssh.php --host \'c1.wolk.com\' --type netdev --items nl,nq --device \'eth0\'','',''),(64,1,1,1,1,'2019-05-02 19:18:02','localhost','wolk_comm',2,'','','','','','','',161,500,'APACHE_Requests','/var/www/vhosts/cacti/rra/d5_apache_requests_64.rrd',1,300,0,'/bin/php -q /var/www/vhosts/cacti/scripts/ss_get_by_ssh.php --host \'localhost\' --type apache --items gg','',''),(65,1,1,1,1,'2019-05-02 19:18:02','localhost','wolk_comm',2,'','','','','','','',161,500,'APACHE_Bytes_sent','/var/www/vhosts/cacti/rra/d5_apache_bytes_sent_65.rrd',1,300,0,'/bin/php -q /var/www/vhosts/cacti/scripts/ss_get_by_ssh.php --host \'localhost\' --type apache --items gh','',''),(66,1,1,1,1,'2019-05-02 19:18:02','localhost','wolk_comm',2,'','','','','','','',161,500,'APACHE_CPU_Load','/var/www/vhosts/cacti/rra/d5_apache_cpu_load_66.rrd',1,300,0,'/bin/php -q /var/www/vhosts/cacti/scripts/ss_get_by_ssh.php --host \'localhost\' --type apache --items gk','',''),(67,1,1,1,1,'2019-05-02 19:18:02','localhost','wolk_comm',2,'','','','','','','',161,500,'','/var/www/vhosts/cacti/rra/d5_apache_idle_workers_67.rrd',1,300,0,'/bin/php -q /var/www/vhosts/cacti/scripts/ss_get_by_ssh.php --host \'localhost\' --type apache --items gi,gj','',''),(68,1,1,1,1,'2019-05-02 19:18:02','localhost','wolk_comm',2,'','','','','','','',161,500,'','/var/www/vhosts/cacti/rra/d5_apache_starting_up_68.rrd',1,300,0,'/bin/php -q /var/www/vhosts/cacti/scripts/ss_get_by_ssh.php --host \'localhost\' --type apache --items gl,gm,gn,go,gp,gq,gr,gs,gt,gu,gv','',''),(71,1,1,1,1,'2019-05-02 19:18:02','localhost','wolk_comm',2,'','','','','','','',161,500,'STAT_forks','/var/www/vhosts/cacti/rra/d5_stat_forks_71.rrd',1,300,0,'/bin/php -q /var/www/vhosts/cacti/scripts/ss_get_by_ssh.php --host \'localhost\' --type proc_stat --items hn','',''),(72,1,1,1,1,'2019-05-02 19:18:02','localhost','wolk_comm',2,'','','','','','','',161,500,'','/var/www/vhosts/cacti/rra/d5_stat_cpu_nice_72.rrd',1,300,0,'/bin/php -q /var/www/vhosts/cacti/scripts/ss_get_by_ssh.php --host \'localhost\' --type proc_stat --items gw,gx,gy,gz,hg,hh,hi,hj,hk','',''),(73,1,1,1,1,'2019-05-02 19:18:02','localhost','wolk_comm',2,'','','','','','','',161,500,'STAT_loadavg','/var/www/vhosts/cacti/rra/d5_stat_loadavg_73.rrd',1,300,0,'/bin/php -q /var/www/vhosts/cacti/scripts/ss_get_by_ssh.php --host \'localhost\' --type w --items ho','',''),(75,1,1,1,1,'2019-05-02 19:18:02','localhost','wolk_comm',2,'','','','','','','',161,500,'','/var/www/vhosts/cacti/rra/d5_stat_memused_75.rrd',1,300,0,'/bin/php -q /var/www/vhosts/cacti/scripts/ss_get_by_ssh.php --host \'localhost\' --type memory --items hq,hr,hs,ht,hu,hv','',''),(76,1,1,1,1,'2019-05-02 19:18:02','localhost','wolk_comm',2,'','','','','','','',161,500,'','/var/www/vhosts/cacti/rra/d5_netstat_established_76.rrd',1,300,0,'/bin/php -q /var/www/vhosts/cacti/scripts/ss_get_by_ssh.php --host \'localhost\' --type netstat --items nw,nx,ny,nz,og,oh,oi,oj,ok,ol,om,on ','',''),(78,1,1,1,1,'2019-05-02 19:18:02','localhost','wolk_comm',2,'','','','','','','',161,500,'','/var/www/vhosts/cacti/rra/d5_diskfree_used_78.rrd',1,300,0,'/bin/php -q /var/www/vhosts/cacti/scripts/ss_get_by_ssh.php --host \'localhost\' --type df --items nj,nk --volume \'/dev/sda1\'','',''),(79,1,1,1,1,'2019-05-02 19:18:02','localhost','wolk_comm',2,'','','','','','','',161,500,'','/var/www/vhosts/cacti/rra/d5_netdev_outbound_79.rrd',1,300,0,'/bin/php -q /var/www/vhosts/cacti/scripts/ss_get_by_ssh.php --host \'localhost\' --type netdev --items nl,nq --device \'eth0\'','',''),(104,1,6,1,1,'2019-05-02 19:18:02','c2.wolk.com','wolk_comm',2,'','','','','','','',161,500,'STAT_forks','/var/www/vhosts/cacti/rra/c2_stat_forks_104.rrd',1,300,0,'/bin/php -q /var/www/vhosts/cacti/scripts/ss_get_by_ssh.php --host \'c2.wolk.com\' --type proc_stat --items hn','',''),(105,1,6,1,1,'2019-05-02 19:18:02','c2.wolk.com','wolk_comm',2,'','','','','','','',161,500,'','/var/www/vhosts/cacti/rra/c2_stat_cpu_nice_105.rrd',1,300,0,'/bin/php -q /var/www/vhosts/cacti/scripts/ss_get_by_ssh.php --host \'c2.wolk.com\' --type proc_stat --items gw,gx,gy,gz,hg,hh,hi,hj,hk','',''),(106,1,6,1,1,'2019-05-02 19:18:02','c2.wolk.com','wolk_comm',2,'','','','','','','',161,500,'STAT_loadavg','/var/www/vhosts/cacti/rra/c2_stat_loadavg_106.rrd',1,300,0,'/bin/php -q /var/www/vhosts/cacti/scripts/ss_get_by_ssh.php --host \'c2.wolk.com\' --type w --items ho','',''),(107,1,6,1,1,'2019-05-02 19:18:02','c2.wolk.com','wolk_comm',2,'','','','','','','',161,500,'STAT_numusers','/var/www/vhosts/cacti/rra/c2_stat_numusers_107.rrd',1,300,0,'/bin/php -q /var/www/vhosts/cacti/scripts/ss_get_by_ssh.php --host \'c2.wolk.com\' --type w --items hp','',''),(108,1,6,1,1,'2019-05-02 19:18:02','c2.wolk.com','wolk_comm',2,'','','','','','','',161,500,'','/var/www/vhosts/cacti/rra/c2_stat_memused_108.rrd',1,300,0,'/bin/php -q /var/www/vhosts/cacti/scripts/ss_get_by_ssh.php --host \'c2.wolk.com\' --type memory --items hq,hr,hs,ht,hu,hv','',''),(109,1,6,1,1,'2019-05-02 19:18:02','c2.wolk.com','wolk_comm',2,'','','','','','','',161,500,'','/var/www/vhosts/cacti/rra/c2_netstat_established_109.rrd',1,300,0,'/bin/php -q /var/www/vhosts/cacti/scripts/ss_get_by_ssh.php --host \'c2.wolk.com\' --type netstat --items nw,nx,ny,nz,og,oh,oi,oj,ok,ol,om,on ','',''),(111,1,6,1,1,'2019-05-02 19:18:02','c2.wolk.com','wolk_comm',2,'','','','','','','',161,500,'','/var/www/vhosts/cacti/rra/c2_diskfree_used_111.rrd',1,300,0,'/bin/php -q /var/www/vhosts/cacti/scripts/ss_get_by_ssh.php --host \'c2.wolk.com\' --type df --items nj,nk --volume \'/dev/sda1\'','',''),(112,1,6,1,1,'2019-05-02 19:18:02','c2.wolk.com','wolk_comm',2,'','','','','','','',161,500,'','/var/www/vhosts/cacti/rra/c2_netdev_outbound_112.rrd',1,300,0,'/bin/php -q /var/www/vhosts/cacti/scripts/ss_get_by_ssh.php --host \'c2.wolk.com\' --type netdev --items nl,nq --device \'eth0\'','',''),(115,1,7,1,1,'2019-05-02 19:18:02','c3.wolk.com','wolk_comm',2,'','','','','','','',161,500,'STAT_forks','/var/www/vhosts/cacti/rra/c3_stat_forks_115.rrd',1,300,0,'/bin/php -q /var/www/vhosts/cacti/scripts/ss_get_by_ssh.php --host \'c3.wolk.com\' --type proc_stat --items hn','',''),(116,1,7,1,1,'2019-05-02 19:18:02','c3.wolk.com','wolk_comm',2,'','','','','','','',161,500,'','/var/www/vhosts/cacti/rra/c3_stat_cpu_nice_116.rrd',1,300,0,'/bin/php -q /var/www/vhosts/cacti/scripts/ss_get_by_ssh.php --host \'c3.wolk.com\' --type proc_stat --items gw,gx,gy,gz,hg,hh,hi,hj,hk','',''),(117,1,7,1,1,'2019-05-02 19:18:02','c3.wolk.com','wolk_comm',2,'','','','','','','',161,500,'STAT_loadavg','/var/www/vhosts/cacti/rra/c3_stat_loadavg_117.rrd',1,300,0,'/bin/php -q /var/www/vhosts/cacti/scripts/ss_get_by_ssh.php --host \'c3.wolk.com\' --type w --items ho','',''),(118,1,7,1,1,'2019-05-02 19:18:02','c3.wolk.com','wolk_comm',2,'','','','','','','',161,500,'STAT_numusers','/var/www/vhosts/cacti/rra/c3_stat_numusers_118.rrd',1,300,0,'/bin/php -q /var/www/vhosts/cacti/scripts/ss_get_by_ssh.php --host \'c3.wolk.com\' --type w --items hp','',''),(119,1,7,1,1,'2019-05-02 19:18:02','c3.wolk.com','wolk_comm',2,'','','','','','','',161,500,'','/var/www/vhosts/cacti/rra/c3_stat_memused_119.rrd',1,300,0,'/bin/php -q /var/www/vhosts/cacti/scripts/ss_get_by_ssh.php --host \'c3.wolk.com\' --type memory --items hq,hr,hs,ht,hu,hv','',''),(120,1,7,1,1,'2019-05-02 19:18:02','c3.wolk.com','wolk_comm',2,'','','','','','','',161,500,'','/var/www/vhosts/cacti/rra/c3_netstat_established_120.rrd',1,300,0,'/bin/php -q /var/www/vhosts/cacti/scripts/ss_get_by_ssh.php --host \'c3.wolk.com\' --type netstat --items nw,nx,ny,nz,og,oh,oi,oj,ok,ol,om,on ','',''),(123,1,7,1,1,'2019-05-02 19:18:02','c3.wolk.com','wolk_comm',2,'','','','','','','',161,500,'','/var/www/vhosts/cacti/rra/c3_diskfree_used_123.rrd',1,300,0,'/bin/php -q /var/www/vhosts/cacti/scripts/ss_get_by_ssh.php --host \'c3.wolk.com\' --type df --items nj,nk --volume \'/dev/sda1\'','',''),(124,1,7,1,1,'2019-05-02 19:18:02','c3.wolk.com','wolk_comm',2,'','','','','','','',161,500,'','/var/www/vhosts/cacti/rra/c3_netdev_outbound_124.rrd',1,300,0,'/bin/php -q /var/www/vhosts/cacti/scripts/ss_get_by_ssh.php --host \'c3.wolk.com\' --type netdev --items nl,nq --device \'eth0\'','',''),(127,1,8,1,1,'2019-05-02 19:18:02','c4.wolk.com','wolk_comm',2,'','','','','','','',161,500,'STAT_forks','/var/www/vhosts/cacti/rra/c4_stat_forks_127.rrd',1,300,0,'/bin/php -q /var/www/vhosts/cacti/scripts/ss_get_by_ssh.php --host \'c4.wolk.com\' --type proc_stat --items hn','',''),(128,1,8,1,1,'2019-05-02 19:18:02','c4.wolk.com','wolk_comm',2,'','','','','','','',161,500,'','/var/www/vhosts/cacti/rra/c4_stat_cpu_nice_128.rrd',1,300,0,'/bin/php -q /var/www/vhosts/cacti/scripts/ss_get_by_ssh.php --host \'c4.wolk.com\' --type proc_stat --items gw,gx,gy,gz,hg,hh,hi,hj,hk','',''),(129,1,8,1,1,'2019-05-02 19:18:02','c4.wolk.com','wolk_comm',2,'','','','','','','',161,500,'STAT_loadavg','/var/www/vhosts/cacti/rra/c4_stat_loadavg_129.rrd',1,300,0,'/bin/php -q /var/www/vhosts/cacti/scripts/ss_get_by_ssh.php --host \'c4.wolk.com\' --type w --items ho','',''),(130,1,8,1,1,'2019-05-02 19:18:02','c4.wolk.com','wolk_comm',2,'','','','','','','',161,500,'STAT_numusers','/var/www/vhosts/cacti/rra/c4_stat_numusers_130.rrd',1,300,0,'/bin/php -q /var/www/vhosts/cacti/scripts/ss_get_by_ssh.php --host \'c4.wolk.com\' --type w --items hp','',''),(131,1,8,1,1,'2019-05-02 19:18:02','c4.wolk.com','wolk_comm',2,'','','','','','','',161,500,'','/var/www/vhosts/cacti/rra/c4_stat_memused_131.rrd',1,300,0,'/bin/php -q /var/www/vhosts/cacti/scripts/ss_get_by_ssh.php --host \'c4.wolk.com\' --type memory --items hq,hr,hs,ht,hu,hv','',''),(132,1,8,1,1,'2019-05-02 19:18:02','c4.wolk.com','wolk_comm',2,'','','','','','','',161,500,'','/var/www/vhosts/cacti/rra/c4_netstat_established_132.rrd',1,300,0,'/bin/php -q /var/www/vhosts/cacti/scripts/ss_get_by_ssh.php --host \'c4.wolk.com\' --type netstat --items nw,nx,ny,nz,og,oh,oi,oj,ok,ol,om,on ','',''),(134,1,8,1,1,'2019-05-02 19:18:02','c4.wolk.com','wolk_comm',2,'','','','','','','',161,500,'','/var/www/vhosts/cacti/rra/c4_diskfree_used_134.rrd',1,300,0,'/bin/php -q /var/www/vhosts/cacti/scripts/ss_get_by_ssh.php --host \'c4.wolk.com\' --type df --items nj,nk --volume \'/dev/sda1\'','',''),(135,1,8,1,1,'2019-05-02 19:18:02','c4.wolk.com','wolk_comm',2,'','','','','','','',161,500,'','/var/www/vhosts/cacti/rra/c4_netdev_outbound_135.rrd',1,300,0,'/bin/php -q /var/www/vhosts/cacti/scripts/ss_get_by_ssh.php --host \'c4.wolk.com\' --type netdev --items nl,nq --device \'eth0\'','',''),(138,1,9,1,1,'2019-05-02 19:18:02','c5.wolk.com','wolk_comm',2,'','','','','','','',161,500,'STAT_forks','/var/www/vhosts/cacti/rra/c5_stat_forks_138.rrd',1,300,0,'/bin/php -q /var/www/vhosts/cacti/scripts/ss_get_by_ssh.php --host \'c5.wolk.com\' --type proc_stat --items hn','',''),(139,1,9,1,1,'2019-05-02 19:18:02','c5.wolk.com','wolk_comm',2,'','','','','','','',161,500,'','/var/www/vhosts/cacti/rra/c5_stat_cpu_nice_139.rrd',1,300,0,'/bin/php -q /var/www/vhosts/cacti/scripts/ss_get_by_ssh.php --host \'c5.wolk.com\' --type proc_stat --items gw,gx,gy,gz,hg,hh,hi,hj,hk','',''),(140,1,9,1,1,'2019-05-02 19:18:02','c5.wolk.com','wolk_comm',2,'','','','','','','',161,500,'STAT_loadavg','/var/www/vhosts/cacti/rra/c5_stat_loadavg_140.rrd',1,300,0,'/bin/php -q /var/www/vhosts/cacti/scripts/ss_get_by_ssh.php --host \'c5.wolk.com\' --type w --items ho','',''),(141,1,9,1,1,'2019-05-02 19:18:02','c5.wolk.com','wolk_comm',2,'','','','','','','',161,500,'STAT_numusers','/var/www/vhosts/cacti/rra/c5_stat_numusers_141.rrd',1,300,0,'/bin/php -q /var/www/vhosts/cacti/scripts/ss_get_by_ssh.php --host \'c5.wolk.com\' --type w --items hp','',''),(142,1,9,1,1,'2019-05-02 19:18:02','c5.wolk.com','wolk_comm',2,'','','','','','','',161,500,'','/var/www/vhosts/cacti/rra/c5_stat_memused_142.rrd',1,300,0,'/bin/php -q /var/www/vhosts/cacti/scripts/ss_get_by_ssh.php --host \'c5.wolk.com\' --type memory --items hq,hr,hs,ht,hu,hv','',''),(143,1,9,1,1,'2019-05-02 19:18:02','c5.wolk.com','wolk_comm',2,'','','','','','','',161,500,'','/var/www/vhosts/cacti/rra/c5_netstat_established_143.rrd',1,300,0,'/bin/php -q /var/www/vhosts/cacti/scripts/ss_get_by_ssh.php --host \'c5.wolk.com\' --type netstat --items nw,nx,ny,nz,og,oh,oi,oj,ok,ol,om,on ','',''),(145,1,9,1,1,'2019-05-02 19:18:02','c5.wolk.com','wolk_comm',2,'','','','','','','',161,500,'','/var/www/vhosts/cacti/rra/c5_diskfree_used_145.rrd',1,300,0,'/bin/php -q /var/www/vhosts/cacti/scripts/ss_get_by_ssh.php --host \'c5.wolk.com\' --type df --items nj,nk --volume \'/dev/sda1\'','',''),(146,1,9,1,1,'2019-05-02 19:18:02','c5.wolk.com','wolk_comm',2,'','','','','','','',161,500,'','/var/www/vhosts/cacti/rra/c5_netdev_outbound_146.rrd',1,300,0,'/bin/php -q /var/www/vhosts/cacti/scripts/ss_get_by_ssh.php --host \'c5.wolk.com\' --type netdev --items nl,nq --device \'eth0\'','',''),(149,1,10,1,1,'2019-05-02 19:18:02','c6.wolk.com','wolk_comm',2,'','','','','','','',161,500,'STAT_forks','/var/www/vhosts/cacti/rra/c6_stat_forks_149.rrd',1,300,0,'/bin/php -q /var/www/vhosts/cacti/scripts/ss_get_by_ssh.php --host \'c6.wolk.com\' --type proc_stat --items hn','',''),(150,1,10,1,1,'2019-05-02 19:18:02','c6.wolk.com','wolk_comm',2,'','','','','','','',161,500,'','/var/www/vhosts/cacti/rra/c6_stat_cpu_nice_150.rrd',1,300,0,'/bin/php -q /var/www/vhosts/cacti/scripts/ss_get_by_ssh.php --host \'c6.wolk.com\' --type proc_stat --items gw,gx,gy,gz,hg,hh,hi,hj,hk','',''),(151,1,10,1,1,'2019-05-02 19:18:02','c6.wolk.com','wolk_comm',2,'','','','','','','',161,500,'STAT_loadavg','/var/www/vhosts/cacti/rra/c6_stat_loadavg_151.rrd',1,300,0,'/bin/php -q /var/www/vhosts/cacti/scripts/ss_get_by_ssh.php --host \'c6.wolk.com\' --type w --items ho','',''),(152,1,10,1,1,'2019-05-02 19:18:02','c6.wolk.com','wolk_comm',2,'','','','','','','',161,500,'STAT_numusers','/var/www/vhosts/cacti/rra/c6_stat_numusers_152.rrd',1,300,0,'/bin/php -q /var/www/vhosts/cacti/scripts/ss_get_by_ssh.php --host \'c6.wolk.com\' --type w --items hp','',''),(153,1,10,1,1,'2019-05-02 19:18:02','c6.wolk.com','wolk_comm',2,'','','','','','','',161,500,'','/var/www/vhosts/cacti/rra/c6_stat_memused_153.rrd',1,300,0,'/bin/php -q /var/www/vhosts/cacti/scripts/ss_get_by_ssh.php --host \'c6.wolk.com\' --type memory --items hq,hr,hs,ht,hu,hv','',''),(154,1,10,1,1,'2019-05-02 19:18:02','c6.wolk.com','wolk_comm',2,'','','','','','','',161,500,'','/var/www/vhosts/cacti/rra/c6_netstat_established_154.rrd',1,300,0,'/bin/php -q /var/www/vhosts/cacti/scripts/ss_get_by_ssh.php --host \'c6.wolk.com\' --type netstat --items nw,nx,ny,nz,og,oh,oi,oj,ok,ol,om,on ','',''),(156,1,10,1,1,'2019-05-02 19:18:02','c6.wolk.com','wolk_comm',2,'','','','','','','',161,500,'','/var/www/vhosts/cacti/rra/c6_diskfree_used_156.rrd',1,300,0,'/bin/php -q /var/www/vhosts/cacti/scripts/ss_get_by_ssh.php --host \'c6.wolk.com\' --type df --items nj,nk --volume \'/dev/sda1\'','',''),(157,1,10,1,1,'2019-05-02 19:18:02','c6.wolk.com','wolk_comm',2,'','','','','','','',161,500,'','/var/www/vhosts/cacti/rra/c6_netdev_outbound_157.rrd',1,300,0,'/bin/php -q /var/www/vhosts/cacti/scripts/ss_get_by_ssh.php --host \'c6.wolk.com\' --type netdev --items nl,nq --device \'eth0\'','',''),(160,1,11,1,1,'2019-05-02 19:18:02','c7.wolk.com','wolk_comm',2,'','','','','','','',161,500,'STAT_forks','/var/www/vhosts/cacti/rra/c7_stat_forks_160.rrd',1,300,0,'/bin/php -q /var/www/vhosts/cacti/scripts/ss_get_by_ssh.php --host \'c7.wolk.com\' --type proc_stat --items hn','',''),(161,1,11,1,1,'2019-05-02 19:18:02','c7.wolk.com','wolk_comm',2,'','','','','','','',161,500,'','/var/www/vhosts/cacti/rra/c7_stat_cpu_nice_161.rrd',1,300,0,'/bin/php -q /var/www/vhosts/cacti/scripts/ss_get_by_ssh.php --host \'c7.wolk.com\' --type proc_stat --items gw,gx,gy,gz,hg,hh,hi,hj,hk','',''),(162,1,11,1,1,'2019-05-02 19:18:02','c7.wolk.com','wolk_comm',2,'','','','','','','',161,500,'STAT_loadavg','/var/www/vhosts/cacti/rra/c7_stat_loadavg_162.rrd',1,300,0,'/bin/php -q /var/www/vhosts/cacti/scripts/ss_get_by_ssh.php --host \'c7.wolk.com\' --type w --items ho','',''),(163,1,11,1,1,'2019-05-02 19:18:02','c7.wolk.com','wolk_comm',2,'','','','','','','',161,500,'STAT_numusers','/var/www/vhosts/cacti/rra/c7_stat_numusers_163.rrd',1,300,0,'/bin/php -q /var/www/vhosts/cacti/scripts/ss_get_by_ssh.php --host \'c7.wolk.com\' --type w --items hp','',''),(164,1,11,1,1,'2019-05-02 19:18:02','c7.wolk.com','wolk_comm',2,'','','','','','','',161,500,'','/var/www/vhosts/cacti/rra/c7_stat_memused_164.rrd',1,300,0,'/bin/php -q /var/www/vhosts/cacti/scripts/ss_get_by_ssh.php --host \'c7.wolk.com\' --type memory --items hq,hr,hs,ht,hu,hv','',''),(165,1,11,1,1,'2019-05-02 19:18:02','c7.wolk.com','wolk_comm',2,'','','','','','','',161,500,'','/var/www/vhosts/cacti/rra/c7_netstat_established_165.rrd',1,300,0,'/bin/php -q /var/www/vhosts/cacti/scripts/ss_get_by_ssh.php --host \'c7.wolk.com\' --type netstat --items nw,nx,ny,nz,og,oh,oi,oj,ok,ol,om,on ','',''),(167,1,11,1,1,'2019-05-02 19:18:02','c7.wolk.com','wolk_comm',2,'','','','','','','',161,500,'','/var/www/vhosts/cacti/rra/c7_diskfree_used_167.rrd',1,300,0,'/bin/php -q /var/www/vhosts/cacti/scripts/ss_get_by_ssh.php --host \'c7.wolk.com\' --type df --items nj,nk --volume \'/dev/sda1\'','',''),(168,1,11,1,1,'2019-05-02 19:18:02','c7.wolk.com','wolk_comm',2,'','','','','','','',161,500,'','/var/www/vhosts/cacti/rra/c7_netdev_outbound_168.rrd',1,300,0,'/bin/php -q /var/www/vhosts/cacti/scripts/ss_get_by_ssh.php --host \'c7.wolk.com\' --type netdev --items nl,nq --device \'eth0\'','',''),(171,1,12,1,1,'2019-05-02 19:18:02','d0.wolk.com','wolk_comm',2,'','','','','','','',161,500,'STAT_forks','/var/www/vhosts/cacti/rra/d0_stat_forks_171.rrd',1,300,0,'/bin/php -q /var/www/vhosts/cacti/scripts/ss_get_by_ssh.php --host \'d0.wolk.com\' --type proc_stat --items hn','',''),(172,1,12,1,1,'2019-05-02 19:18:02','d0.wolk.com','wolk_comm',2,'','','','','','','',161,500,'','/var/www/vhosts/cacti/rra/d0_stat_cpu_nice_172.rrd',1,300,0,'/bin/php -q /var/www/vhosts/cacti/scripts/ss_get_by_ssh.php --host \'d0.wolk.com\' --type proc_stat --items gw,gx,gy,gz,hg,hh,hi,hj,hk','',''),(173,1,12,1,1,'2019-05-02 19:18:02','d0.wolk.com','wolk_comm',2,'','','','','','','',161,500,'STAT_loadavg','/var/www/vhosts/cacti/rra/d0_stat_loadavg_173.rrd',1,300,0,'/bin/php -q /var/www/vhosts/cacti/scripts/ss_get_by_ssh.php --host \'d0.wolk.com\' --type w --items ho','',''),(174,1,12,1,1,'2019-05-02 19:18:02','d0.wolk.com','wolk_comm',2,'','','','','','','',161,500,'STAT_numusers','/var/www/vhosts/cacti/rra/d0_stat_numusers_174.rrd',1,300,0,'/bin/php -q /var/www/vhosts/cacti/scripts/ss_get_by_ssh.php --host \'d0.wolk.com\' --type w --items hp','',''),(175,1,12,1,1,'2019-05-02 19:18:02','d0.wolk.com','wolk_comm',2,'','','','','','','',161,500,'','/var/www/vhosts/cacti/rra/d0_stat_memused_175.rrd',1,300,0,'/bin/php -q /var/www/vhosts/cacti/scripts/ss_get_by_ssh.php --host \'d0.wolk.com\' --type memory --items hq,hr,hs,ht,hu,hv','',''),(176,1,12,1,1,'2019-05-02 19:18:02','d0.wolk.com','wolk_comm',2,'','','','','','','',161,500,'','/var/www/vhosts/cacti/rra/d0_netstat_established_176.rrd',1,300,0,'/bin/php -q /var/www/vhosts/cacti/scripts/ss_get_by_ssh.php --host \'d0.wolk.com\' --type netstat --items nw,nx,ny,nz,og,oh,oi,oj,ok,ol,om,on ','',''),(178,1,12,1,1,'2019-05-02 19:18:02','d0.wolk.com','wolk_comm',2,'','','','','','','',161,500,'','/var/www/vhosts/cacti/rra/d0_diskfree_used_178.rrd',1,300,0,'/bin/php -q /var/www/vhosts/cacti/scripts/ss_get_by_ssh.php --host \'d0.wolk.com\' --type df --items nj,nk --volume \'/dev/sda1\'','',''),(179,1,12,1,1,'2019-05-02 19:18:02','d0.wolk.com','wolk_comm',2,'','','','','','','',161,500,'','/var/www/vhosts/cacti/rra/d0_netdev_outbound_179.rrd',1,300,0,'/bin/php -q /var/www/vhosts/cacti/scripts/ss_get_by_ssh.php --host \'d0.wolk.com\' --type netdev --items nl,nq --device \'eth0\'','',''),(182,1,13,1,1,'2019-05-02 19:18:02','d2.wolk.com','wolk_comm',2,'','','','','','','',161,500,'STAT_forks','/var/www/vhosts/cacti/rra/d2_stat_forks_182.rrd',1,300,0,'/bin/php -q /var/www/vhosts/cacti/scripts/ss_get_by_ssh.php --host \'d2.wolk.com\' --type proc_stat --items hn','',''),(183,1,13,1,1,'2019-05-02 19:18:02','d2.wolk.com','wolk_comm',2,'','','','','','','',161,500,'','/var/www/vhosts/cacti/rra/d2_stat_cpu_nice_183.rrd',1,300,0,'/bin/php -q /var/www/vhosts/cacti/scripts/ss_get_by_ssh.php --host \'d2.wolk.com\' --type proc_stat --items gw,gx,gy,gz,hg,hh,hi,hj,hk','',''),(184,1,13,1,1,'2019-05-02 19:18:02','d2.wolk.com','wolk_comm',2,'','','','','','','',161,500,'STAT_loadavg','/var/www/vhosts/cacti/rra/d2_stat_loadavg_184.rrd',1,300,0,'/bin/php -q /var/www/vhosts/cacti/scripts/ss_get_by_ssh.php --host \'d2.wolk.com\' --type w --items ho','',''),(185,1,13,1,1,'2019-05-02 19:18:02','d2.wolk.com','wolk_comm',2,'','','','','','','',161,500,'STAT_numusers','/var/www/vhosts/cacti/rra/d2_stat_numusers_185.rrd',1,300,0,'/bin/php -q /var/www/vhosts/cacti/scripts/ss_get_by_ssh.php --host \'d2.wolk.com\' --type w --items hp','',''),(186,1,13,1,1,'2019-05-02 19:18:02','d2.wolk.com','wolk_comm',2,'','','','','','','',161,500,'','/var/www/vhosts/cacti/rra/d2_stat_memused_186.rrd',1,300,0,'/bin/php -q /var/www/vhosts/cacti/scripts/ss_get_by_ssh.php --host \'d2.wolk.com\' --type memory --items hq,hr,hs,ht,hu,hv','',''),(187,1,13,1,1,'2019-05-02 19:18:02','d2.wolk.com','wolk_comm',2,'','','','','','','',161,500,'','/var/www/vhosts/cacti/rra/d2_netstat_established_187.rrd',1,300,0,'/bin/php -q /var/www/vhosts/cacti/scripts/ss_get_by_ssh.php --host \'d2.wolk.com\' --type netstat --items nw,nx,ny,nz,og,oh,oi,oj,ok,ol,om,on ','',''),(189,1,13,1,1,'2019-05-02 19:18:02','d2.wolk.com','wolk_comm',2,'','','','','','','',161,500,'','/var/www/vhosts/cacti/rra/d2_diskfree_used_189.rrd',1,300,0,'/bin/php -q /var/www/vhosts/cacti/scripts/ss_get_by_ssh.php --host \'d2.wolk.com\' --type df --items nj,nk --volume \'/dev/sda1\'','',''),(190,1,13,1,1,'2019-05-02 19:18:02','d2.wolk.com','wolk_comm',2,'','','','','','','',161,500,'','/var/www/vhosts/cacti/rra/d2_netdev_outbound_190.rrd',1,300,0,'/bin/php -q /var/www/vhosts/cacti/scripts/ss_get_by_ssh.php --host \'d2.wolk.com\' --type netdev --items nl,nq --device \'eth0\'','',''),(193,1,14,1,1,'2019-05-02 19:18:02','d4.wolk.com','wolk_comm',2,'','','','','','','',161,500,'STAT_forks','/var/www/vhosts/cacti/rra/d3_stat_forks_193.rrd',1,300,0,'/bin/php -q /var/www/vhosts/cacti/scripts/ss_get_by_ssh.php --host \'d4.wolk.com\' --type proc_stat --items hn','',''),(194,1,14,1,1,'2019-05-02 19:18:02','d4.wolk.com','wolk_comm',2,'','','','','','','',161,500,'','/var/www/vhosts/cacti/rra/d3_stat_cpu_nice_194.rrd',1,300,0,'/bin/php -q /var/www/vhosts/cacti/scripts/ss_get_by_ssh.php --host \'d4.wolk.com\' --type proc_stat --items gw,gx,gy,gz,hg,hh,hi,hj,hk','',''),(195,1,14,1,1,'2019-05-02 19:18:02','d4.wolk.com','wolk_comm',2,'','','','','','','',161,500,'STAT_loadavg','/var/www/vhosts/cacti/rra/d3_stat_loadavg_195.rrd',1,300,0,'/bin/php -q /var/www/vhosts/cacti/scripts/ss_get_by_ssh.php --host \'d4.wolk.com\' --type w --items ho','',''),(196,1,14,1,1,'2019-05-02 19:18:02','d4.wolk.com','wolk_comm',2,'','','','','','','',161,500,'STAT_numusers','/var/www/vhosts/cacti/rra/d3_stat_numusers_196.rrd',1,300,0,'/bin/php -q /var/www/vhosts/cacti/scripts/ss_get_by_ssh.php --host \'d4.wolk.com\' --type w --items hp','',''),(197,1,14,1,1,'2019-05-02 19:18:02','d4.wolk.com','wolk_comm',2,'','','','','','','',161,500,'','/var/www/vhosts/cacti/rra/d3_stat_memused_197.rrd',1,300,0,'/bin/php -q /var/www/vhosts/cacti/scripts/ss_get_by_ssh.php --host \'d4.wolk.com\' --type memory --items hq,hr,hs,ht,hu,hv','',''),(198,1,14,1,1,'2019-05-02 19:18:02','d4.wolk.com','wolk_comm',2,'','','','','','','',161,500,'','/var/www/vhosts/cacti/rra/d3_netstat_established_198.rrd',1,300,0,'/bin/php -q /var/www/vhosts/cacti/scripts/ss_get_by_ssh.php --host \'d4.wolk.com\' --type netstat --items nw,nx,ny,nz,og,oh,oi,oj,ok,ol,om,on ','',''),(200,1,14,1,1,'2019-05-02 19:18:02','d4.wolk.com','wolk_comm',2,'','','','','','','',161,500,'','/var/www/vhosts/cacti/rra/d3_diskfree_used_200.rrd',1,300,0,'/bin/php -q /var/www/vhosts/cacti/scripts/ss_get_by_ssh.php --host \'d4.wolk.com\' --type df --items nj,nk --volume \'/dev/sda1\'','',''),(201,1,14,1,1,'2019-05-02 19:18:02','d4.wolk.com','wolk_comm',2,'','','','','','','',161,500,'','/var/www/vhosts/cacti/rra/d3_netdev_outbound_201.rrd',1,300,0,'/bin/php -q /var/www/vhosts/cacti/scripts/ss_get_by_ssh.php --host \'d4.wolk.com\' --type netdev --items nl,nq --device \'eth0\'','',''),(204,1,15,1,1,'2019-05-02 19:18:02','d6.wolk.com','wolk_comm',2,'','','','','','','',161,500,'STAT_forks','/var/www/vhosts/cacti/rra/d6_stat_forks_204.rrd',1,300,0,'/bin/php -q /var/www/vhosts/cacti/scripts/ss_get_by_ssh.php --host \'d6.wolk.com\' --type proc_stat --items hn','',''),(205,1,15,1,1,'2019-05-02 19:18:02','d6.wolk.com','wolk_comm',2,'','','','','','','',161,500,'','/var/www/vhosts/cacti/rra/d6_stat_cpu_nice_205.rrd',1,300,0,'/bin/php -q /var/www/vhosts/cacti/scripts/ss_get_by_ssh.php --host \'d6.wolk.com\' --type proc_stat --items gw,gx,gy,gz,hg,hh,hi,hj,hk','',''),(206,1,15,1,1,'2019-05-02 19:18:02','d6.wolk.com','wolk_comm',2,'','','','','','','',161,500,'STAT_loadavg','/var/www/vhosts/cacti/rra/d6_stat_loadavg_206.rrd',1,300,0,'/bin/php -q /var/www/vhosts/cacti/scripts/ss_get_by_ssh.php --host \'d6.wolk.com\' --type w --items ho','',''),(207,1,15,1,1,'2019-05-02 19:18:02','d6.wolk.com','wolk_comm',2,'','','','','','','',161,500,'STAT_numusers','/var/www/vhosts/cacti/rra/d6_stat_numusers_207.rrd',1,300,0,'/bin/php -q /var/www/vhosts/cacti/scripts/ss_get_by_ssh.php --host \'d6.wolk.com\' --type w --items hp','',''),(208,1,15,1,1,'2019-05-02 19:18:02','d6.wolk.com','wolk_comm',2,'','','','','','','',161,500,'','/var/www/vhosts/cacti/rra/d6_stat_memused_208.rrd',1,300,0,'/bin/php -q /var/www/vhosts/cacti/scripts/ss_get_by_ssh.php --host \'d6.wolk.com\' --type memory --items hq,hr,hs,ht,hu,hv','',''),(209,1,15,1,1,'2019-05-02 19:18:02','d6.wolk.com','wolk_comm',2,'','','','','','','',161,500,'','/var/www/vhosts/cacti/rra/d6_netstat_established_209.rrd',1,300,0,'/bin/php -q /var/www/vhosts/cacti/scripts/ss_get_by_ssh.php --host \'d6.wolk.com\' --type netstat --items nw,nx,ny,nz,og,oh,oi,oj,ok,ol,om,on ','',''),(211,1,15,1,1,'2019-05-02 19:18:02','d6.wolk.com','wolk_comm',2,'','','','','','','',161,500,'','/var/www/vhosts/cacti/rra/d6_diskfree_used_211.rrd',1,300,0,'/bin/php -q /var/www/vhosts/cacti/scripts/ss_get_by_ssh.php --host \'d6.wolk.com\' --type df --items nj,nk --volume \'/dev/sda1\'','',''),(212,1,15,1,1,'2019-05-02 19:18:02','d6.wolk.com','wolk_comm',2,'','','','','','','',161,500,'','/var/www/vhosts/cacti/rra/d6_netdev_outbound_212.rrd',1,300,0,'/bin/php -q /var/www/vhosts/cacti/scripts/ss_get_by_ssh.php --host \'d6.wolk.com\' --type netdev --items nl,nq --device \'eth0\'','',''),(215,1,16,1,1,'2019-05-02 19:18:02','d7.wolk.com','wolk_comm',2,'','','','','','','',161,500,'STAT_forks','/var/www/vhosts/cacti/rra/d7_stat_forks_215.rrd',1,300,0,'/bin/php -q /var/www/vhosts/cacti/scripts/ss_get_by_ssh.php --host \'d7.wolk.com\' --type proc_stat --items hn','',''),(216,1,16,1,1,'2019-05-02 19:18:02','d7.wolk.com','wolk_comm',2,'','','','','','','',161,500,'','/var/www/vhosts/cacti/rra/d7_stat_cpu_nice_216.rrd',1,300,0,'/bin/php -q /var/www/vhosts/cacti/scripts/ss_get_by_ssh.php --host \'d7.wolk.com\' --type proc_stat --items gw,gx,gy,gz,hg,hh,hi,hj,hk','',''),(217,1,16,1,1,'2019-05-02 19:18:02','d7.wolk.com','wolk_comm',2,'','','','','','','',161,500,'STAT_loadavg','/var/www/vhosts/cacti/rra/d7_stat_loadavg_217.rrd',1,300,0,'/bin/php -q /var/www/vhosts/cacti/scripts/ss_get_by_ssh.php --host \'d7.wolk.com\' --type w --items ho','',''),(218,1,16,1,1,'2019-05-02 19:18:02','d7.wolk.com','wolk_comm',2,'','','','','','','',161,500,'STAT_numusers','/var/www/vhosts/cacti/rra/d7_stat_numusers_218.rrd',1,300,0,'/bin/php -q /var/www/vhosts/cacti/scripts/ss_get_by_ssh.php --host \'d7.wolk.com\' --type w --items hp','',''),(219,1,16,1,1,'2019-05-02 19:18:02','d7.wolk.com','wolk_comm',2,'','','','','','','',161,500,'','/var/www/vhosts/cacti/rra/d7_stat_memused_219.rrd',1,300,0,'/bin/php -q /var/www/vhosts/cacti/scripts/ss_get_by_ssh.php --host \'d7.wolk.com\' --type memory --items hq,hr,hs,ht,hu,hv','',''),(220,1,16,1,1,'2019-05-02 19:18:02','d7.wolk.com','wolk_comm',2,'','','','','','','',161,500,'','/var/www/vhosts/cacti/rra/d7_netstat_established_220.rrd',1,300,0,'/bin/php -q /var/www/vhosts/cacti/scripts/ss_get_by_ssh.php --host \'d7.wolk.com\' --type netstat --items nw,nx,ny,nz,og,oh,oi,oj,ok,ol,om,on ','',''),(222,1,16,1,1,'2019-05-02 19:18:02','d7.wolk.com','wolk_comm',2,'','','','','','','',161,500,'','/var/www/vhosts/cacti/rra/d7_diskfree_used_222.rrd',1,300,0,'/bin/php -q /var/www/vhosts/cacti/scripts/ss_get_by_ssh.php --host \'d7.wolk.com\' --type df --items nj,nk --volume \'/dev/sda1\'','',''),(223,1,16,1,1,'2019-05-02 19:18:02','d7.wolk.com','wolk_comm',2,'','','','','','','',161,500,'','/var/www/vhosts/cacti/rra/d7_netdev_outbound_223.rrd',1,300,0,'/bin/php -q /var/www/vhosts/cacti/scripts/ss_get_by_ssh.php --host \'d7.wolk.com\' --type netdev --items nl,nq --device \'eth0\'','','');
/*!40000 ALTER TABLE `poller_item` ENABLE KEYS */;
UNLOCK TABLES;

--
-- Table structure for table `poller_output`
--

DROP TABLE IF EXISTS `poller_output`;
/*!40101 SET @saved_cs_client     = @@character_set_client */;
/*!40101 SET character_set_client = utf8 */;
CREATE TABLE `poller_output` (
  `local_data_id` mediumint(8) unsigned NOT NULL DEFAULT '0',
  `rrd_name` varchar(19) COLLATE utf8mb4_unicode_ci NOT NULL DEFAULT '',
  `time` timestamp NOT NULL DEFAULT '0000-00-00 00:00:00',
  `output` varchar(512) COLLATE utf8mb4_unicode_ci NOT NULL DEFAULT '',
  PRIMARY KEY (`local_data_id`,`rrd_name`,`time`) USING BTREE
) ENGINE=InnoDB DEFAULT CHARSET=utf8mb4 COLLATE=utf8mb4_unicode_ci;
/*!40101 SET character_set_client = @saved_cs_client */;

--
-- Dumping data for table `poller_output`
--

LOCK TABLES `poller_output` WRITE;
/*!40000 ALTER TABLE `poller_output` DISABLE KEYS */;
/*!40000 ALTER TABLE `poller_output` ENABLE KEYS */;
UNLOCK TABLES;

--
-- Table structure for table `poller_output_boost`
--

DROP TABLE IF EXISTS `poller_output_boost`;
/*!40101 SET @saved_cs_client     = @@character_set_client */;
/*!40101 SET character_set_client = utf8 */;
CREATE TABLE `poller_output_boost` (
  `local_data_id` mediumint(8) unsigned NOT NULL DEFAULT '0',
  `rrd_name` varchar(19) COLLATE utf8mb4_unicode_ci NOT NULL DEFAULT '',
  `time` timestamp NOT NULL DEFAULT '0000-00-00 00:00:00',
  `output` varchar(512) COLLATE utf8mb4_unicode_ci NOT NULL,
  PRIMARY KEY (`local_data_id`,`time`,`rrd_name`) USING BTREE
) ENGINE=InnoDB DEFAULT CHARSET=utf8mb4 COLLATE=utf8mb4_unicode_ci;
/*!40101 SET character_set_client = @saved_cs_client */;

--
-- Dumping data for table `poller_output_boost`
--

LOCK TABLES `poller_output_boost` WRITE;
/*!40000 ALTER TABLE `poller_output_boost` DISABLE KEYS */;
/*!40000 ALTER TABLE `poller_output_boost` ENABLE KEYS */;
UNLOCK TABLES;

--
-- Table structure for table `poller_output_boost_processes`
--

DROP TABLE IF EXISTS `poller_output_boost_processes`;
/*!40101 SET @saved_cs_client     = @@character_set_client */;
/*!40101 SET character_set_client = utf8 */;
CREATE TABLE `poller_output_boost_processes` (
  `sock_int_value` bigint(20) unsigned NOT NULL AUTO_INCREMENT,
  `status` varchar(255) COLLATE utf8mb4_unicode_ci DEFAULT NULL,
  PRIMARY KEY (`sock_int_value`)
) ENGINE=InnoDB DEFAULT CHARSET=utf8mb4 COLLATE=utf8mb4_unicode_ci;
/*!40101 SET character_set_client = @saved_cs_client */;

--
-- Dumping data for table `poller_output_boost_processes`
--

LOCK TABLES `poller_output_boost_processes` WRITE;
/*!40000 ALTER TABLE `poller_output_boost_processes` DISABLE KEYS */;
/*!40000 ALTER TABLE `poller_output_boost_processes` ENABLE KEYS */;
UNLOCK TABLES;

--
-- Table structure for table `poller_output_realtime`
--

DROP TABLE IF EXISTS `poller_output_realtime`;
/*!40101 SET @saved_cs_client     = @@character_set_client */;
/*!40101 SET character_set_client = utf8 */;
CREATE TABLE `poller_output_realtime` (
  `local_data_id` mediumint(8) unsigned NOT NULL DEFAULT '0',
  `rrd_name` varchar(19) COLLATE utf8mb4_unicode_ci NOT NULL DEFAULT '',
  `time` timestamp NOT NULL DEFAULT '0000-00-00 00:00:00',
  `output` mediumtext COLLATE utf8mb4_unicode_ci NOT NULL,
  `poller_id` varchar(256) COLLATE utf8mb4_unicode_ci NOT NULL DEFAULT '1',
  PRIMARY KEY (`local_data_id`,`rrd_name`,`time`),
  KEY `poller_id` (`poller_id`(191)),
  KEY `time` (`time`)
) ENGINE=InnoDB DEFAULT CHARSET=utf8mb4 COLLATE=utf8mb4_unicode_ci;
/*!40101 SET character_set_client = @saved_cs_client */;

--
-- Dumping data for table `poller_output_realtime`
--

LOCK TABLES `poller_output_realtime` WRITE;
/*!40000 ALTER TABLE `poller_output_realtime` DISABLE KEYS */;
/*!40000 ALTER TABLE `poller_output_realtime` ENABLE KEYS */;
UNLOCK TABLES;

--
-- Table structure for table `poller_reindex`
--

DROP TABLE IF EXISTS `poller_reindex`;
/*!40101 SET @saved_cs_client     = @@character_set_client */;
/*!40101 SET character_set_client = utf8 */;
CREATE TABLE `poller_reindex` (
  `host_id` mediumint(8) unsigned NOT NULL DEFAULT '0',
  `data_query_id` mediumint(8) unsigned NOT NULL DEFAULT '0',
  `action` tinyint(3) unsigned NOT NULL DEFAULT '0',
  `present` tinyint(4) NOT NULL DEFAULT '1',
  `op` char(1) COLLATE utf8mb4_unicode_ci NOT NULL DEFAULT '',
  `assert_value` varchar(100) COLLATE utf8mb4_unicode_ci NOT NULL DEFAULT '',
  `arg1` varchar(255) COLLATE utf8mb4_unicode_ci NOT NULL DEFAULT '',
  PRIMARY KEY (`host_id`,`data_query_id`,`arg1`(187)),
  KEY `present` (`present`)
) ENGINE=InnoDB DEFAULT CHARSET=utf8mb4 COLLATE=utf8mb4_unicode_ci;
/*!40101 SET character_set_client = @saved_cs_client */;

--
-- Dumping data for table `poller_reindex`
--

LOCK TABLES `poller_reindex` WRITE;
/*!40000 ALTER TABLE `poller_reindex` DISABLE KEYS */;
/*!40000 ALTER TABLE `poller_reindex` ENABLE KEYS */;
UNLOCK TABLES;

--
-- Table structure for table `poller_resource_cache`
--

DROP TABLE IF EXISTS `poller_resource_cache`;
/*!40101 SET @saved_cs_client     = @@character_set_client */;
/*!40101 SET character_set_client = utf8 */;
CREATE TABLE `poller_resource_cache` (
  `id` int(10) unsigned NOT NULL AUTO_INCREMENT,
  `resource_type` varchar(20) COLLATE utf8mb4_unicode_ci DEFAULT NULL,
  `md5sum` varchar(32) COLLATE utf8mb4_unicode_ci DEFAULT NULL,
  `path` varchar(191) COLLATE utf8mb4_unicode_ci DEFAULT NULL,
  `update_time` timestamp NOT NULL DEFAULT '0000-00-00 00:00:00',
  `contents` longblob,
  `attributes` int(10) unsigned DEFAULT '0',
  PRIMARY KEY (`id`),
  UNIQUE KEY `path` (`path`)
) ENGINE=InnoDB DEFAULT CHARSET=utf8mb4 COLLATE=utf8mb4_unicode_ci COMMENT='Caches all scripts, resources files, and plugins';
/*!40101 SET character_set_client = @saved_cs_client */;

--
-- Dumping data for table `poller_resource_cache`
--

LOCK TABLES `poller_resource_cache` WRITE;
/*!40000 ALTER TABLE `poller_resource_cache` DISABLE KEYS */;
/*!40000 ALTER TABLE `poller_resource_cache` ENABLE KEYS */;
UNLOCK TABLES;

--
-- Table structure for table `poller_time`
--

DROP TABLE IF EXISTS `poller_time`;
/*!40101 SET @saved_cs_client     = @@character_set_client */;
/*!40101 SET character_set_client = utf8 */;
CREATE TABLE `poller_time` (
  `id` bigint(20) unsigned NOT NULL AUTO_INCREMENT,
  `pid` int(11) unsigned NOT NULL DEFAULT '0',
  `poller_id` int(10) unsigned NOT NULL DEFAULT '1',
  `start_time` timestamp NOT NULL DEFAULT '0000-00-00 00:00:00',
  `end_time` timestamp NOT NULL DEFAULT '0000-00-00 00:00:00',
  PRIMARY KEY (`id`),
  KEY `poller_id_end_time` (`poller_id`,`end_time`)
) ENGINE=InnoDB AUTO_INCREMENT=648 DEFAULT CHARSET=utf8mb4 COLLATE=utf8mb4_unicode_ci;
/*!40101 SET character_set_client = @saved_cs_client */;

--
-- Dumping data for table `poller_time`
--

LOCK TABLES `poller_time` WRITE;
/*!40000 ALTER TABLE `poller_time` DISABLE KEYS */;
INSERT INTO `poller_time` VALUES (646,11147,1,'2019-05-02 19:18:02','0000-00-00 00:00:00'),(647,11153,1,'2019-05-02 19:18:02','2019-05-02 19:18:04');
/*!40000 ALTER TABLE `poller_time` ENABLE KEYS */;
UNLOCK TABLES;

--
-- Table structure for table `reports`
--

DROP TABLE IF EXISTS `reports`;
/*!40101 SET @saved_cs_client     = @@character_set_client */;
/*!40101 SET character_set_client = utf8 */;
CREATE TABLE `reports` (
  `id` mediumint(8) unsigned NOT NULL AUTO_INCREMENT,
  `user_id` mediumint(8) unsigned NOT NULL DEFAULT '0',
  `name` varchar(100) COLLATE utf8mb4_unicode_ci NOT NULL DEFAULT '',
  `cformat` char(2) COLLATE utf8mb4_unicode_ci NOT NULL DEFAULT '',
  `format_file` varchar(255) COLLATE utf8mb4_unicode_ci NOT NULL DEFAULT '',
  `font_size` smallint(2) unsigned NOT NULL DEFAULT '0',
  `alignment` smallint(2) unsigned NOT NULL DEFAULT '0',
  `graph_linked` char(2) COLLATE utf8mb4_unicode_ci NOT NULL DEFAULT '',
  `intrvl` smallint(2) unsigned NOT NULL DEFAULT '0',
  `count` smallint(2) unsigned NOT NULL DEFAULT '0',
  `offset` int(12) unsigned NOT NULL DEFAULT '0',
  `mailtime` bigint(20) unsigned NOT NULL DEFAULT '0',
  `subject` varchar(64) COLLATE utf8mb4_unicode_ci NOT NULL DEFAULT '',
  `from_name` varchar(40) COLLATE utf8mb4_unicode_ci NOT NULL,
  `from_email` mediumtext COLLATE utf8mb4_unicode_ci NOT NULL,
  `email` mediumtext COLLATE utf8mb4_unicode_ci NOT NULL,
  `bcc` mediumtext COLLATE utf8mb4_unicode_ci NOT NULL,
  `attachment_type` smallint(2) unsigned NOT NULL DEFAULT '1',
  `graph_height` smallint(2) unsigned NOT NULL DEFAULT '0',
  `graph_width` smallint(2) unsigned NOT NULL DEFAULT '0',
  `graph_columns` smallint(2) unsigned NOT NULL DEFAULT '0',
  `thumbnails` char(2) COLLATE utf8mb4_unicode_ci NOT NULL DEFAULT '',
  `lastsent` bigint(20) unsigned NOT NULL DEFAULT '0',
  `enabled` char(2) COLLATE utf8mb4_unicode_ci DEFAULT '',
  PRIMARY KEY (`id`),
  KEY `mailtime` (`mailtime`)
) ENGINE=InnoDB DEFAULT CHARSET=utf8mb4 COLLATE=utf8mb4_unicode_ci COMMENT='Cacri Reporting Reports';
/*!40101 SET character_set_client = @saved_cs_client */;

--
-- Dumping data for table `reports`
--

LOCK TABLES `reports` WRITE;
/*!40000 ALTER TABLE `reports` DISABLE KEYS */;
/*!40000 ALTER TABLE `reports` ENABLE KEYS */;
UNLOCK TABLES;

--
-- Table structure for table `reports_items`
--

DROP TABLE IF EXISTS `reports_items`;
/*!40101 SET @saved_cs_client     = @@character_set_client */;
/*!40101 SET character_set_client = utf8 */;
CREATE TABLE `reports_items` (
  `id` int(10) unsigned NOT NULL AUTO_INCREMENT,
  `report_id` int(10) unsigned NOT NULL DEFAULT '0',
  `item_type` tinyint(1) unsigned NOT NULL DEFAULT '1',
  `tree_id` int(10) unsigned NOT NULL DEFAULT '0',
  `branch_id` int(10) unsigned NOT NULL DEFAULT '0',
  `tree_cascade` char(2) COLLATE utf8mb4_unicode_ci NOT NULL DEFAULT '',
  `graph_name_regexp` varchar(128) COLLATE utf8mb4_unicode_ci NOT NULL DEFAULT '',
  `host_template_id` int(10) unsigned NOT NULL DEFAULT '0',
  `host_id` int(10) unsigned NOT NULL DEFAULT '0',
  `graph_template_id` int(10) unsigned NOT NULL DEFAULT '0',
  `local_graph_id` int(10) unsigned NOT NULL DEFAULT '0',
  `timespan` int(10) unsigned NOT NULL DEFAULT '0',
  `align` tinyint(1) unsigned NOT NULL DEFAULT '1',
  `item_text` mediumtext COLLATE utf8mb4_unicode_ci NOT NULL,
  `font_size` smallint(2) unsigned NOT NULL DEFAULT '10',
  `sequence` smallint(5) unsigned NOT NULL DEFAULT '0',
  PRIMARY KEY (`id`),
  KEY `report_id` (`report_id`)
) ENGINE=InnoDB DEFAULT CHARSET=utf8mb4 COLLATE=utf8mb4_unicode_ci COMMENT='Cacti Reporting Items';
/*!40101 SET character_set_client = @saved_cs_client */;

--
-- Dumping data for table `reports_items`
--

LOCK TABLES `reports_items` WRITE;
/*!40000 ALTER TABLE `reports_items` DISABLE KEYS */;
/*!40000 ALTER TABLE `reports_items` ENABLE KEYS */;
UNLOCK TABLES;

--
-- Table structure for table `sessions`
--

DROP TABLE IF EXISTS `sessions`;
/*!40101 SET @saved_cs_client     = @@character_set_client */;
/*!40101 SET character_set_client = utf8 */;
CREATE TABLE `sessions` (
  `id` varchar(32) COLLATE utf8mb4_unicode_ci NOT NULL,
  `remote_addr` varchar(25) COLLATE utf8mb4_unicode_ci NOT NULL DEFAULT '',
  `access` int(10) unsigned DEFAULT NULL,
  `data` mediumblob,
  PRIMARY KEY (`id`)
) ENGINE=InnoDB DEFAULT CHARSET=utf8mb4 COLLATE=utf8mb4_unicode_ci COMMENT='Used for Database based Session Storage';
/*!40101 SET character_set_client = @saved_cs_client */;

--
-- Dumping data for table `sessions`
--

LOCK TABLES `sessions` WRITE;
/*!40000 ALTER TABLE `sessions` DISABLE KEYS */;
/*!40000 ALTER TABLE `sessions` ENABLE KEYS */;
UNLOCK TABLES;

--
-- Table structure for table `settings`
--

DROP TABLE IF EXISTS `settings`;
/*!40101 SET @saved_cs_client     = @@character_set_client */;
/*!40101 SET character_set_client = utf8 */;
CREATE TABLE `settings` (
  `name` varchar(50) COLLATE utf8mb4_unicode_ci NOT NULL DEFAULT '',
  `value` varchar(2048) COLLATE utf8mb4_unicode_ci NOT NULL DEFAULT '',
  PRIMARY KEY (`name`)
) ENGINE=InnoDB DEFAULT CHARSET=utf8mb4 COLLATE=utf8mb4_unicode_ci;
/*!40101 SET character_set_client = @saved_cs_client */;

--
-- Dumping data for table `settings`
--

LOCK TABLES `settings` WRITE;
/*!40000 ALTER TABLE `settings` DISABLE KEYS */;
INSERT INTO `settings` VALUES ('0',''),('1',''),('10',''),('100',''),('101',''),('102',''),('103',''),('104',''),('105',''),('106',''),('107',''),('108',''),('11',''),('12',''),('13',''),('14',''),('15',''),('16',''),('17',''),('18',''),('19',''),('2',''),('20',''),('21',''),('22',''),('23',''),('24',''),('25',''),('26',''),('27',''),('28',''),('29',''),('3',''),('30',''),('31',''),('32',''),('33',''),('34',''),('35',''),('36',''),('37',''),('38',''),('39',''),('4',''),('40',''),('41',''),('42',''),('43',''),('44',''),('45',''),('46',''),('47',''),('48',''),('49',''),('5',''),('50',''),('51',''),('52',''),('53',''),('54',''),('55',''),('56',''),('57',''),('58',''),('59',''),('6',''),('60',''),('61',''),('62',''),('63',''),('64',''),('65',''),('66',''),('67',''),('68',''),('69',''),('7',''),('70',''),('71',''),('72',''),('73',''),('74',''),('75',''),('76',''),('77',''),('78',''),('79',''),('8',''),('80',''),('81',''),('82',''),('83',''),('84',''),('85',''),('86',''),('87',''),('88',''),('89',''),('9',''),('90',''),('91',''),('92',''),('93',''),('94',''),('95',''),('96',''),('97',''),('98',''),('99',''),('admin_user','1'),('auth_cache_enabled','on'),('auth_method','1'),('autocomplete_enabled','1'),('autocomplete_rows','30'),('automation_email',''),('automation_fromemail',''),('automation_fromname',''),('automation_graphs_enabled','on'),('automation_tree_enabled','on'),('availability_method','2'),('axis_size','7'),('base_url','http://d5'),('boost_parallel','1'),('boost_png_cache_directory','/var/www/vhosts/cacti/cache/boost/'),('boost_png_cache_enable',''),('boost_poller_mem_limit','1024'),('boost_redirect',''),('boost_rrd_update_enable',''),('boost_rrd_update_interval','60'),('boost_rrd_update_max_records','1000000'),('boost_rrd_update_max_records_per_select','50000'),('boost_rrd_update_max_runtime','1200'),('boost_rrd_update_string_length','2000'),('boost_rrd_update_system_enable',''),('concurrent_processes','1'),('cron_interval','300'),('data_source_trace',''),('date','2019-05-02 12:18:02'),('default_date_format','4'),('default_datechar','1'),('default_graph_height','150'),('default_graph_width','500'),('default_graphs_new_dropdown','-2'),('default_has',''),('default_image_format','1'),('default_interface_speed','1000'),('default_poller','1'),('default_site','1'),('default_template','7'),('deletion_verification','on'),('device_threads','1'),('drag_and_drop','on'),('ds_preselected_delete','on'),('dsstats_daily_interval','60'),('dsstats_enable',''),('dsstats_hourly_duration','60'),('dsstats_major_update_time','12:00am'),('dsstats_poller_mem_limit','1024'),('enable_snmp_agent','on'),('font_method','1'),('force_https',''),('graph_auth_method','1'),('graph_watermark','Generated by Cacti'),('graphs_auto_unlock',''),('grds_creation_method','0'),('guest_user','0'),('hide_console',''),('hide_form_description',''),('i18n_auto_detection','1'),('i18n_default_language','en-US'),('i18n_language_support','1'),('install_automation_mode','false'),('install_automation_override','true'),('install_automation_range','192.168.1.0/24'),('install_complete','1556218911.1398'),('install_error',''),('install_eula','1'),('install_has_tables','1'),('install_has_templates','1'),('install_language','en-US'),('install_mode','1'),('install_next','0'),('install_prev','0'),('install_profile','1'),('install_progress','100'),('install_rrdtool_version','1.4.0'),('install_snmp_option_max_oids','10'),('install_snmp_option_snmp_auth_protocol','MD5'),('install_snmp_option_snmp_community','14All41$'),('install_snmp_option_snmp_context',''),('install_snmp_option_snmp_engine_id',''),('install_snmp_option_snmp_password',''),('install_snmp_option_snmp_port','161'),('install_snmp_option_snmp_priv_passphrase',''),('install_snmp_option_snmp_priv_protocol','DES'),('install_snmp_option_snmp_retries','3'),('install_snmp_option_snmp_security_level','authPriv'),('install_snmp_option_snmp_timeout','500'),('install_snmp_option_snmp_username',''),('install_snmp_option_snmp_version','2'),('install_started','1556218831.1668'),('install_step','98'),('install_table_aggregate_graph_templates','aggregate_graph_templates'),('install_table_aggregate_graph_templates_graph','aggregate_graph_templates_graph'),('install_table_aggregate_graph_templates_item','aggregate_graph_templates_item'),('install_table_aggregate_graphs','aggregate_graphs'),('install_table_aggregate_graphs_graph_item','aggregate_graphs_graph_item'),('install_table_aggregate_graphs_items','aggregate_graphs_items'),('install_table_automation_devices','automation_devices'),('install_table_automation_graph_rule_items','automation_graph_rule_items'),('install_table_automation_graph_rules','automation_graph_rules'),('install_table_automation_ips','automation_ips'),('install_table_automation_match_rule_items','automation_match_rule_items'),('install_table_automation_networks','automation_networks'),('install_table_automation_processes','automation_processes'),('install_table_automation_snmp','automation_snmp'),('install_table_automation_snmp_items','automation_snmp_items'),('install_table_automation_templates','automation_templates'),('install_table_automation_tree_rule_items','automation_tree_rule_items'),('install_table_automation_tree_rules','automation_tree_rules'),('install_table_cdef','cdef'),('install_table_cdef_items','cdef_items'),('install_table_color_template_items','color_template_items'),('install_table_color_templates','color_templates'),('install_table_colors','colors'),('install_table_data_debug','data_debug'),('install_table_data_input','data_input'),('install_table_data_input_data','data_input_data'),('install_table_data_input_fields','data_input_fields'),('install_table_data_local','data_local'),('install_table_data_source_profiles','data_source_profiles'),('install_table_data_source_profiles_cf','data_source_profiles_cf'),('install_table_data_source_profiles_rra','data_source_profiles_rra'),('install_table_data_source_purge_action','data_source_purge_action'),('install_table_data_source_purge_temp','data_source_purge_temp'),('install_table_data_source_stats_daily','data_source_stats_daily'),('install_table_data_source_stats_hourly','data_source_stats_hourly'),('install_table_data_source_stats_hourly_cache','data_source_stats_hourly_cache'),('install_table_data_source_stats_hourly_last','data_source_stats_hourly_last'),('install_table_data_source_stats_monthly','data_source_stats_monthly'),('install_table_data_source_stats_weekly','data_source_stats_weekly'),('install_table_data_source_stats_yearly','data_source_stats_yearly'),('install_table_data_template','data_template'),('install_table_data_template_data','data_template_data'),('install_table_data_template_rrd','data_template_rrd'),('install_table_external_links','external_links'),('install_table_graph_local','graph_local'),('install_table_graph_template_input','graph_template_input'),('install_table_graph_template_input_defs','graph_template_input_defs'),('install_table_graph_templates','graph_templates'),('install_table_graph_templates_gprint','graph_templates_gprint'),('install_table_graph_templates_graph','graph_templates_graph'),('install_table_graph_templates_item','graph_templates_item'),('install_table_graph_tree','graph_tree'),('install_table_graph_tree_items','graph_tree_items'),('install_table_host','host'),('install_table_host_graph','host_graph'),('install_table_host_snmp_cache','host_snmp_cache'),('install_table_host_snmp_query','host_snmp_query'),('install_table_host_template','host_template'),('install_table_host_template_graph','host_template_graph'),('install_table_host_template_snmp_query','host_template_snmp_query'),('install_table_plugin_config','plugin_config'),('install_table_plugin_db_changes','plugin_db_changes'),('install_table_plugin_hooks','plugin_hooks'),('install_table_plugin_realms','plugin_realms'),('install_table_poller','poller'),('install_table_poller_command','poller_command'),('install_table_poller_data_template_field_mappings','poller_data_template_field_mappings'),('install_table_poller_item','poller_item'),('install_table_poller_output','poller_output'),('install_table_poller_output_boost','poller_output_boost'),('install_table_poller_output_boost_processes','poller_output_boost_processes'),('install_table_poller_output_realtime','poller_output_realtime'),('install_table_poller_reindex','poller_reindex'),('install_table_poller_resource_cache','poller_resource_cache'),('install_table_poller_time','poller_time'),('install_table_reports','reports'),('install_table_reports_items','reports_items'),('install_table_sessions','sessions'),('install_table_settings','settings'),('install_table_settings_tree','settings_tree'),('install_table_settings_user','settings_user'),('install_table_settings_user_group','settings_user_group'),('install_table_sites','sites'),('install_table_snmp_query','snmp_query'),('install_table_snmp_query_graph','snmp_query_graph'),('install_table_snmp_query_graph_rrd','snmp_query_graph_rrd'),('install_table_snmp_query_graph_rrd_sv','snmp_query_graph_rrd_sv'),('install_table_snmp_query_graph_sv','snmp_query_graph_sv'),('install_table_snmpagent_cache','snmpagent_cache'),('install_table_snmpagent_cache_notifications','snmpagent_cache_notifications'),('install_table_snmpagent_cache_textual_conventions','snmpagent_cache_textual_conventions'),('install_table_snmpagent_managers','snmpagent_managers'),('install_table_snmpagent_managers_notifications','snmpagent_managers_notifications'),('install_table_snmpagent_mibs','snmpagent_mibs'),('install_table_snmpagent_notifications_log','snmpagent_notifications_log'),('install_table_user_auth','user_auth'),('install_table_user_auth_cache','user_auth_cache'),('install_table_user_auth_group','user_auth_group'),('install_table_user_auth_group_members','user_auth_group_members'),('install_table_user_auth_group_perms','user_auth_group_perms'),('install_table_user_auth_group_realm','user_auth_group_realm'),('install_table_user_auth_perms','user_auth_perms'),('install_table_user_auth_realm','user_auth_realm'),('install_table_user_domains','user_domains'),('install_table_user_domains_ldap','user_domains_ldap'),('install_table_user_log','user_log'),('install_table_vdef','vdef'),('install_table_vdef_items','vdef_items'),('install_table_version','version'),('install_template_Cacti_Stats_xml_gz','Cacti_Stats.xml.gz'),('install_template_Cisco_Router_xml_gz','Cisco_Router.xml.gz'),('install_template_Generic_SNMP_Device_xml_gz','Generic_SNMP_Device.xml.gz'),('install_template_Local_Linux_Machine_xml_gz','Local_Linux_Machine.xml.gz'),('install_template_NetSNMP_Device_xml_gz','NetSNMP_Device.xml.gz'),('install_template_Windows_Device_xml_gz','Windows_Device.xml.gz'),('install_theme','classic'),('install_updated','1556218911.0729'),('install_version','1.2.4'),('ldap_encryption','0'),('ldap_group_member_type','1'),('ldap_group_require',''),('ldap_mode','0'),('ldap_port','389'),('ldap_port_ssl','636'),('ldap_referrals','0'),('ldap_version','3'),('legend_size','8'),('log_destination','1'),('log_perror','on'),('log_pstats',''),('log_pwarn',''),('log_refresh_interval','60'),('log_validation',''),('log_verbosity','2'),('logrotate_enabled','on'),('logrotate_frequency','1'),('logrotate_lastrun','1556780443'),('logrotate_retain','7'),('max_data_query_field_length','40'),('max_display_rows','1000'),('max_get_size','10'),('max_oids','10'),('max_threads','1'),('max_title_length','110'),('notify_admin',''),('num_rows_log','500'),('num_rows_table','30'),('oid_increasing_check_disable',''),('path_boost_log',''),('path_cactilog','/var/www/vhosts/cacti/log/cacti.log'),('path_php_binary','/bin/php'),('path_rrdtool','/bin/rrdtool'),('path_snmpbulkwalk','/bin/snmpbulkwalk'),('path_snmpget','/bin/snmpget'),('path_snmpgetnext','/bin/snmpgetnext'),('path_snmptrap','/bin/snmptrap'),('path_snmpwalk','/bin/snmpwalk'),('path_spine','/usr/bin/spine'),('path_spine_config','/etc/spine.conf'),('path_stderrlog','/var/www/vhosts/cacti/log/cacti_stderr.log'),('path_webroot','/var/www/vhosts/cacti'),('php_servers','1'),('ping_failure_count','2'),('ping_method','2'),('ping_port','23'),('ping_recovery_count','3'),('ping_retries','1'),('ping_timeout','400'),('poller_debug',''),('poller_enabled','on'),('poller_interval','300'),('poller_lastrun_1','1556824682'),('poller_replicate_data_input_crc','aaf643c78041b67ccb09643881e2f83247a590ea'),('poller_replicate_data_input_fields_crc','302d3895c4274141c57eb64ce729aa352542846f'),('poller_replicate_data_source_cache_crc_1','3b69c8e75d1feea35c6e2be24f1d00e1624f00cf'),('poller_replicate_device_cache_crc_1','fdff8e3e19c126fb12350963b4ce7cbb7f369bad'),('poller_replicate_snmp_query_crc','41b79118d03e4de37e5fd131a3b04cc464312071'),('poller_sync_interval','7200'),('poller_type','1'),('process_leveling','on'),('realtime_cache_path','/var/www/vhosts/cacti/cache/realtime/'),('realtime_enabled','on'),('realtime_gwindow','60'),('realtime_interval','10'),('reindex_method','1'),('remote_agent_timeout','5'),('reports_allow_ln',''),('reports_default_image_format','1'),('reports_log_verbosity','2'),('reports_max_attach','10485760'),('rrd_archive',''),('rrd_autoclean',''),('rrd_autoclean_method','1'),('rrd_step_counter','2'),('rrdp_fingerprint',''),('rrdp_fingerprint_backup',''),('rrdp_port','40301'),('rrdp_port_backup','40301'),('rrdtool_version','1.4.0'),('rsa_fingerprint','d8:25:77:11:17:d9:ff:53:3a:e4:11:88:e4:18:0c:92'),('rsa_private_key','-----BEGIN RSA PRIVATE KEY----- MIIEpAIBAAKCAQEA9dkCN7PIjLkqTLJp11xVI8X32/WWYl8K8eiBQ4zfKEjhclL4 p0Lf4u3OBmZ9vRerVUx0WTARe4T41G4t8C1Q/39t+yhoTJuFgxUioublQmuE9g1M IwxKYtF9QoNId3JiTon527eISBhVX5/7wXa1gpPT0veQLCJJLaY2nKFbznKqgAJZ Cf8Cu/cQZxM6Ys2iRAbcCvVXY6hOkI9DVjgrPZLIojthNiKwmnRH8UbFnMluTYTe ZLkeU5oa9VefL1R2stsSzGGTQx/lCqXAE/OlIJYCFzssjuXBYi8mMgHBqdYztmD/ YBhOwED39q+OEuKN9lRKJTkJbH1FqruROYiT0wIDAQABAoIBAQCAUPnFVQLR4Dth uKVhkIGnoEZT+gS5511xEaeWOEqpXhC9eOzrcA4nBXPJB2mNbnMwnC0F9/7H94lg Zvl3KE/kawBeXKLDiVDQMBHZ8KWsWy4UtrAMgve4SBsWwirqnTsOPxm4QjzRVFIL DRd7zJfERaADts77GhITz3MloVqnj0/kzidkqDopowV0nRh+b/Tf+NnIBDPczqYC k4/192gtdBkuw3eKuee5ojKEeOdhnTQFaRfSM6CW9q7+PzYQmBJQCzy90BNf4bt2 zk7ZBBA8Ns8FaUwb/9M9Dvh23fePQYRjejcBW8Yi6sp+JePFpzqPv20AGTBoLoo+ 29f/J5WBAoGBAP2UjuG8Am6Aj/DSoacyyysnvIpzGYHA3EPiSGvXhqEat5eBO9j3 q7b+ctFHfTcXIzJxE85qoZwyJq8fpDAB12hRPC7UAPNY6yN9bg49R9GuGianz2wj MEDQa7TsOKiJGUHmkw/IKKXQ8hptXtHx3MvPeMxteLQEHo41QCPDo4DzAoGBAPgx j7lxWB41lhmj5s/jBm/d0LwCmLu38XS4iHkYKqF3DMbNxT528ZNdkv9gjXX0mo+5 FB21PhcapVNHslqwEcmpaUTOYr3C+zVe+5H9zlkcTfDO3szhJkNMVvT+TzlzLKtd P7CrsDLkEzTxecsGlM6oaBxxhPdaRyN9ClZAoFmhAoGAWNuW2ekc3QX16oiUltdI tF2fRtCgboRbavo/MHL8vTV0ggWKKDRZmq09JLKtYQGdls5jB2D8MpSsU4995Eiw 5+AXe71Ue/F7rBsG1ryIjyQ4C7WgDJ+kCAJAy8w+6mfoTtxySgR0oe4++B29LUpY eZ7BELmHo2USI/jq+d1TTRsCgYEAwPCuXSfqq5lWtVn//U3sXBxgvzd5ijylnOoz VYfe5CSLLyUZl8SZackNlC936OGdIetr4uhZe1aAfSw4T12ehlmHdzDF++TOqp/L C6P1vLpPMMtw0m6Y8youU0g7SFrrt8/Gyk29rOI2uCqcVqMoHTs3rBznk+5/bOww k/qrbOECgYASO2XhGLw/w2M/klDlhkwHMWMgWqbHKcBDDv06U39ms+0GkhjBlNAv gQUVzYIr+nAzpmDpfjlMkozaI2kTcyb6TjrFPBHzkhsvMaLB503ibqPVydAtKBc+ wTYNK4sXsu5qtNSBhQa8R40kcadhkRgkF8dAerH9CjzmempQ9uoQbQ== -----END RSA PRIVATE KEY-----'),('rsa_public_key','-----BEGIN PUBLIC KEY----- MIIBIjANBgkqhkiG9w0BAQEFAAOCAQ8AMIIBCgKCAQEA9dkCN7PIjLkqTLJp11xV I8X32/WWYl8K8eiBQ4zfKEjhclL4p0Lf4u3OBmZ9vRerVUx0WTARe4T41G4t8C1Q /39t+yhoTJuFgxUioublQmuE9g1MIwxKYtF9QoNId3JiTon527eISBhVX5/7wXa1 gpPT0veQLCJJLaY2nKFbznKqgAJZCf8Cu/cQZxM6Ys2iRAbcCvVXY6hOkI9DVjgr PZLIojthNiKwmnRH8UbFnMluTYTeZLkeU5oa9VefL1R2stsSzGGTQx/lCqXAE/Ol IJYCFzssjuXBYi8mMgHBqdYztmD/YBhOwED39q+OEuKN9lRKJTkJbH1FqruROYiT 0wIDAQAB -----END PUBLIC KEY-----'),('script_timeout','25'),('secpass_expireaccount','0'),('secpass_expirepass','0'),('secpass_forceold',''),('secpass_history','0'),('secpass_lockfailed','0'),('secpass_minlen','8'),('secpass_reqmixcase','on'),('secpass_reqnum','on'),('secpass_reqspec','on'),('secpass_unlocktime','60'),('selected_theme','classic'),('selective_debug',''),('selective_device_debug','2,3'),('selective_plugin_debug',''),('settings_dns_primary',''),('settings_dns_secondary',''),('settings_dns_timeout','500'),('settings_how','0'),('settings_ping_mail','0'),('settings_sendmail_path','/usr/sbin/sendmail'),('settings_smtp_host','localhost'),('settings_smtp_port','25'),('settings_smtp_secure','none'),('settings_smtp_timeout','10'),('settings_wordwrap','120'),('snmp_auth_protocol','MD5'),('snmp_bulk_walk_size','10'),('snmp_community','wolk_comm'),('snmp_context',''),('snmp_engine_id',''),('snmp_password',''),('snmp_port','161'),('snmp_priv_passphrase',''),('snmp_priv_protocol','DES'),('snmp_retries','3'),('snmp_security_level','authPriv'),('snmp_timeout','500'),('snmp_username',''),('snmp_version','2'),('spikekill_avgnan','last'),('spikekill_backupdir','/var/www/vhosts/cacti/cache/spikekill/'),('spikekill_basetime','12:00am'),('spikekill_batch','0'),('spikekill_deviations','10'),('spikekill_method','2'),('spikekill_number','5'),('spikekill_outliers','5'),('spikekill_percent','1000'),('spine_log_level','0'),('stats_poller','Time:101.7485 Method:cmd.php Processes:1 Threads:N/A Hosts:15 HostsPerProcess:15 DataSources:128 RRDsProcessed:128'),('stats_recache_1','Poller:1 RecacheTime:0.0 DevicesRecached:0'),('storage_location','0'),('title_size','10'),('unit_size','7'),('user_template','0');
/*!40000 ALTER TABLE `settings` ENABLE KEYS */;
UNLOCK TABLES;

--
-- Table structure for table `settings_tree`
--

DROP TABLE IF EXISTS `settings_tree`;
/*!40101 SET @saved_cs_client     = @@character_set_client */;
/*!40101 SET character_set_client = utf8 */;
CREATE TABLE `settings_tree` (
  `user_id` mediumint(8) unsigned NOT NULL DEFAULT '0',
  `graph_tree_item_id` mediumint(8) unsigned NOT NULL DEFAULT '0',
  `status` tinyint(1) NOT NULL DEFAULT '0',
  PRIMARY KEY (`user_id`,`graph_tree_item_id`)
) ENGINE=InnoDB DEFAULT CHARSET=utf8mb4 COLLATE=utf8mb4_unicode_ci;
/*!40101 SET character_set_client = @saved_cs_client */;

--
-- Dumping data for table `settings_tree`
--

LOCK TABLES `settings_tree` WRITE;
/*!40000 ALTER TABLE `settings_tree` DISABLE KEYS */;
/*!40000 ALTER TABLE `settings_tree` ENABLE KEYS */;
UNLOCK TABLES;

--
-- Table structure for table `settings_user`
--

DROP TABLE IF EXISTS `settings_user`;
/*!40101 SET @saved_cs_client     = @@character_set_client */;
/*!40101 SET character_set_client = utf8 */;
CREATE TABLE `settings_user` (
  `user_id` smallint(8) unsigned NOT NULL DEFAULT '0',
  `name` varchar(50) COLLATE utf8mb4_unicode_ci NOT NULL DEFAULT '',
  `value` varchar(2048) COLLATE utf8mb4_unicode_ci NOT NULL DEFAULT '',
  PRIMARY KEY (`user_id`,`name`)
) ENGINE=InnoDB DEFAULT CHARSET=utf8mb4 COLLATE=utf8mb4_unicode_ci;
/*!40101 SET character_set_client = @saved_cs_client */;

--
-- Dumping data for table `settings_user`
--

LOCK TABLES `settings_user` WRITE;
/*!40000 ALTER TABLE `settings_user` DISABLE KEYS */;
INSERT INTO `settings_user` VALUES (1,'selected_theme','classic'),(1,'user_language','en-US');
/*!40000 ALTER TABLE `settings_user` ENABLE KEYS */;
UNLOCK TABLES;

--
-- Table structure for table `settings_user_group`
--

DROP TABLE IF EXISTS `settings_user_group`;
/*!40101 SET @saved_cs_client     = @@character_set_client */;
/*!40101 SET character_set_client = utf8 */;
CREATE TABLE `settings_user_group` (
  `group_id` smallint(8) unsigned NOT NULL DEFAULT '0',
  `name` varchar(50) COLLATE utf8mb4_unicode_ci NOT NULL DEFAULT '',
  `value` varchar(2048) COLLATE utf8mb4_unicode_ci NOT NULL DEFAULT '',
  PRIMARY KEY (`group_id`,`name`)
) ENGINE=InnoDB DEFAULT CHARSET=utf8mb4 COLLATE=utf8mb4_unicode_ci COMMENT='Stores the Default User Group Graph Settings';
/*!40101 SET character_set_client = @saved_cs_client */;

--
-- Dumping data for table `settings_user_group`
--

LOCK TABLES `settings_user_group` WRITE;
/*!40000 ALTER TABLE `settings_user_group` DISABLE KEYS */;
/*!40000 ALTER TABLE `settings_user_group` ENABLE KEYS */;
UNLOCK TABLES;

--
-- Table structure for table `sites`
--

DROP TABLE IF EXISTS `sites`;
/*!40101 SET @saved_cs_client     = @@character_set_client */;
/*!40101 SET character_set_client = utf8 */;
CREATE TABLE `sites` (
  `id` int(10) unsigned NOT NULL AUTO_INCREMENT,
  `name` varchar(100) COLLATE utf8mb4_unicode_ci NOT NULL DEFAULT '',
  `address1` varchar(100) COLLATE utf8mb4_unicode_ci DEFAULT '',
  `address2` varchar(100) COLLATE utf8mb4_unicode_ci DEFAULT '',
  `city` varchar(50) COLLATE utf8mb4_unicode_ci DEFAULT '',
  `state` varchar(20) COLLATE utf8mb4_unicode_ci DEFAULT NULL,
  `postal_code` varchar(20) COLLATE utf8mb4_unicode_ci DEFAULT '',
  `country` varchar(30) COLLATE utf8mb4_unicode_ci DEFAULT '',
  `timezone` varchar(40) COLLATE utf8mb4_unicode_ci DEFAULT '',
  `latitude` decimal(13,10) NOT NULL DEFAULT '0.0000000000',
  `longitude` decimal(13,10) NOT NULL DEFAULT '0.0000000000',
  `zoom` tinyint(3) unsigned DEFAULT NULL,
  `alternate_id` varchar(30) COLLATE utf8mb4_unicode_ci DEFAULT '',
  `notes` varchar(1024) COLLATE utf8mb4_unicode_ci DEFAULT NULL,
  PRIMARY KEY (`id`),
  KEY `name` (`name`),
  KEY `city` (`city`),
  KEY `state` (`state`),
  KEY `postal_code` (`postal_code`),
  KEY `country` (`country`),
  KEY `alternate_id` (`alternate_id`)
) ENGINE=InnoDB AUTO_INCREMENT=3 DEFAULT CHARSET=utf8mb4 COLLATE=utf8mb4_unicode_ci COMMENT='Contains information about customer sites';
/*!40101 SET character_set_client = @saved_cs_client */;

--
-- Dumping data for table `sites`
--

LOCK TABLES `sites` WRITE;
/*!40000 ALTER TABLE `sites` DISABLE KEYS */;
INSERT INTO `sites` VALUES (1,'Edge','','','','','','','',0.0000000000,0.0000000000,0,'',''),(2,'Core','','','','','','','',0.0000000000,0.0000000000,0,'','');
/*!40000 ALTER TABLE `sites` ENABLE KEYS */;
UNLOCK TABLES;

--
-- Table structure for table `snmp_query`
--

DROP TABLE IF EXISTS `snmp_query`;
/*!40101 SET @saved_cs_client     = @@character_set_client */;
/*!40101 SET character_set_client = utf8 */;
CREATE TABLE `snmp_query` (
  `id` mediumint(8) unsigned NOT NULL AUTO_INCREMENT,
  `hash` varchar(32) COLLATE utf8mb4_unicode_ci NOT NULL DEFAULT '',
  `xml_path` varchar(255) COLLATE utf8mb4_unicode_ci NOT NULL DEFAULT '',
  `name` varchar(100) COLLATE utf8mb4_unicode_ci NOT NULL DEFAULT '',
  `description` varchar(255) COLLATE utf8mb4_unicode_ci DEFAULT NULL,
  `graph_template_id` mediumint(8) unsigned NOT NULL DEFAULT '0',
  `data_input_id` mediumint(8) unsigned NOT NULL DEFAULT '0',
  PRIMARY KEY (`id`),
  KEY `name` (`name`)
) ENGINE=InnoDB AUTO_INCREMENT=10 DEFAULT CHARSET=utf8mb4 COLLATE=utf8mb4_unicode_ci;
/*!40101 SET character_set_client = @saved_cs_client */;

--
-- Dumping data for table `snmp_query`
--

LOCK TABLES `snmp_query` WRITE;
/*!40000 ALTER TABLE `snmp_query` DISABLE KEYS */;
INSERT INTO `snmp_query` VALUES (1,'3a54461cc68c5a1bfb5500d0f6400ec1','<path_cacti>/resource/script_server/cpoller.xml','Cacti Stats - Data Collector Stats','Poller Statistics for Cacti\'s Main and Remote Data Collectors',0,12),(2,'0b2d6a21fdc0688028d66441ec0bfaab','<path_cacti>/resource/script_server/webseer.xml','Cacti Stats - WebSeer Service Checks','WebSeer Service Check Statistics',0,12),(3,'77d589f1eceb0a84fe25d8453b4f8749','<path_cacti>/resource/script_server/gexport.xml','Cacti Stats - Graph Exports','Graph Export Statistics for the Gexport Plugin',0,12),(4,'d75e406fdeca4fcef45b8be3a9a63cbc','<path_cacti>/resource/snmp_queries/interface.xml','SNMP - Interface Statistics','Queries a host for a list of monitorable interfaces',0,2),(5,'8ffa36c1864124b38bcda2ae9bd61f46','<path_cacti>/resource/script_queries/unix_disk.xml','Unix - Get Mounted Partitions','Queries a list of mounted partitions on a unix-based host with the',0,11),(6,'3c1b27d94ad208a0090f293deadde753','<path_cacti>/resource/snmp_queries/net-snmp_disk.xml','Net-SNMP -  Get Monitored Partitions','Retrieves a list of monitored partitions/disks from a net-snmp enabled host.',0,2),(7,'9343eab1f4d88b0e61ffc9d020f35414','<path_cacti>/resource/script_server/host_disk.xml','SNMP - Get Mounted Partitions','Gets a list of partitions using SNMP',0,12),(8,'0d1ab53fe37487a5d0b9e1d3ee8c1d0d','<path_cacti>/resource/script_server/host_cpu.xml','SNMP - Get Processor Information','Gets usage for each processor in the system using the host MIB.',0,12),(9,'edb9fb7e6656f44e34652960625032b5','<path_cacti>/resource/snmp_queries/net-snmp_devio.xml','Net-SNMP - Get Device I/O','Retrieves the I/O for all disk and memory devices',0,2);
/*!40000 ALTER TABLE `snmp_query` ENABLE KEYS */;
UNLOCK TABLES;

--
-- Table structure for table `snmp_query_graph`
--

DROP TABLE IF EXISTS `snmp_query_graph`;
/*!40101 SET @saved_cs_client     = @@character_set_client */;
/*!40101 SET character_set_client = utf8 */;
CREATE TABLE `snmp_query_graph` (
  `id` mediumint(8) unsigned NOT NULL AUTO_INCREMENT,
  `hash` varchar(32) COLLATE utf8mb4_unicode_ci NOT NULL DEFAULT '',
  `snmp_query_id` mediumint(8) unsigned NOT NULL DEFAULT '0',
  `name` varchar(100) COLLATE utf8mb4_unicode_ci NOT NULL DEFAULT '',
  `graph_template_id` mediumint(8) unsigned NOT NULL DEFAULT '0',
  PRIMARY KEY (`id`),
  KEY `graph_template_id_name` (`graph_template_id`,`name`),
  KEY `snmp_query_id_name` (`snmp_query_id`,`name`)
) ENGINE=InnoDB AUTO_INCREMENT=33 DEFAULT CHARSET=utf8mb4 COLLATE=utf8mb4_unicode_ci;
/*!40101 SET character_set_client = @saved_cs_client */;

--
-- Dumping data for table `snmp_query_graph`
--

LOCK TABLES `snmp_query_graph` WRITE;
/*!40000 ALTER TABLE `snmp_query_graph` DISABLE KEYS */;
INSERT INTO `snmp_query_graph` VALUES (1,'cfbbdbaba184a0fbea76fe33c64772e7',1,'Poller Items',24),(2,'ab2d927519ac4d7149785e457efedb5f',1,'Runtime',23),(3,'5296b23bc65c96473a863c5ca4222abf',1,'Processes/Threads',25),(4,'41f997af9bf01f3e0270f2ca4fccc55e',1,'Recache Stats',26),(5,'96b6db904fb34890d1e4befb3ef82836',2,'Timing',27),(6,'5e4c63456ecdccef5e461787a07b5e59',2,'Status',30),(7,'a8e3874adad4ec52b50279d1dcaae859',2,'Download Size',28),(8,'e53704d46bbd650b7766953c3a12733b',2,'Download Speed',29),(9,'87b10a33ccad3fb09b684f0d552b6bc7',3,'Export Duration',32),(10,'1d635a54202a94f9fc6ee27e4a2b2be8',3,'Exported Graphs',31),(11,'a4b829746fb45e35e10474c36c69c0cf',4,'In/Out (Errors/Discards)',37),(12,'01e33224f8b15997d3d09d6b1bf83e18',4,'In/Out (Non-Unicast)',39),(13,'1e6edee3115c42d644dbd014f0577066',4,'In/Out (Unicast)',38),(14,'ab93b588c29731ab15db601ca0bc9dec',4,'In/Out Bytes (64-bit)',40),(15,'ae34f5f385bed8c81a158bf3030f1089',4,'In/Out Bits',36),(16,'1e16a505ddefb40356221d7a50619d91',4,'In/Out Bits (64-bit)',36),(17,'d1e0d9b8efd4af98d28ce2aad81a87e7',4,'In/Out Bytes',40),(18,'ed7f68175d7bb83db8ead332fc945720',4,'In/Out Bits (95th)',41),(19,'f85386cd2fc94634ef167c7f1e5fbcd0',4,'In/Out Bits (BW)',42),(20,'7d309bf200b6e3cdb59a33493c2e58e0',4,'In/Out Bytes (BW)',43),(21,'a06c23783baa5022299706f5ff2a56e7',4,'In/Out Bits (64-bit, 95th)',41),(22,'1e24c56421c50a2114c15afd159a538c',4,'In/Out Bits (64-bit, BW)',42),(23,'fefe4ae1ec313b6875d6502319f08cde',4,'In/Out Bytes (64-bit, BW)',43),(24,'c5792b18bf1263b5bf3826f9196376d9',4,'In/Out (Broadcasts)',45),(25,'524e65b03f12b772f5c5bdad3f9dd783',4,'In/Out (Multicasts)',44),(26,'a0b3e7b63c2e66f9e1ea24a16ff245fc',5,'Disk Space',52),(27,'da43655bf1f641b07579256227806977',6,'Disk Space',62),(28,'46c4ee688932cf6370459527eceb8ef3',7,'Disk Space',63),(29,'4a515b61441ea5f27ab7dee6c3cb7818',8,'Utilization',64),(30,'a9290ce34d38bb09074ee5d96679694b',9,'Bytes Read/Written',65),(31,'44735d5afb573d8a19af9d0d85d07c4d',9,'Load Averages',66),(32,'2bb111ab931b86766db8e67150a6b5a2',9,'Reads/Writes',67);
/*!40000 ALTER TABLE `snmp_query_graph` ENABLE KEYS */;
UNLOCK TABLES;

--
-- Table structure for table `snmp_query_graph_rrd`
--

DROP TABLE IF EXISTS `snmp_query_graph_rrd`;
/*!40101 SET @saved_cs_client     = @@character_set_client */;
/*!40101 SET character_set_client = utf8 */;
CREATE TABLE `snmp_query_graph_rrd` (
  `snmp_query_graph_id` mediumint(8) unsigned NOT NULL DEFAULT '0',
  `data_template_id` mediumint(8) unsigned NOT NULL DEFAULT '0',
  `data_template_rrd_id` mediumint(8) unsigned NOT NULL DEFAULT '0',
  `snmp_field_name` varchar(50) COLLATE utf8mb4_unicode_ci NOT NULL DEFAULT '0',
  PRIMARY KEY (`snmp_query_graph_id`,`data_template_id`,`data_template_rrd_id`),
  KEY `data_template_rrd_id` (`data_template_rrd_id`),
  KEY `snmp_query_graph_id` (`snmp_query_graph_id`)
) ENGINE=InnoDB DEFAULT CHARSET=utf8mb4 COLLATE=utf8mb4_unicode_ci;
/*!40101 SET character_set_client = @saved_cs_client */;

--
-- Dumping data for table `snmp_query_graph_rrd`
--

LOCK TABLES `snmp_query_graph_rrd` WRITE;
/*!40000 ALTER TABLE `snmp_query_graph_rrd` DISABLE KEYS */;
INSERT INTO `snmp_query_graph_rrd` VALUES (1,18,47,'getSNMP'),(1,18,48,'getScript'),(1,18,49,'getScriptServer'),(2,17,43,'pollerTime'),(2,17,44,'maxTime'),(2,17,45,'minTime'),(2,17,46,'avgTime'),(3,19,50,'threadCount'),(3,19,51,'processCount'),(4,20,52,'recacheDevices'),(4,20,53,'recacheTime'),(5,21,54,'redirectTime'),(5,21,55,'totalTime'),(5,21,56,'connectTime'),(5,21,57,'lookupTime'),(6,24,60,'checkStatus'),(7,22,58,'downloadSize'),(8,23,59,'downloadSpeed'),(9,26,62,'lastRuntime'),(10,25,61,'totalGraphs'),(11,31,68,'ifInErrors'),(11,31,69,'ifInDiscards'),(11,31,70,'ifOutDiscards'),(11,31,71,'ifOutErrors'),(12,33,74,'ifOutNUcastPkts'),(12,33,75,'ifInNUcastPkts'),(13,32,72,'ifInUcastPkts'),(13,32,73,'ifOutUcastPkts'),(14,30,66,'ifHCInOctets'),(14,30,67,'ifHCOutOctets'),(15,30,66,'ifInOctets'),(15,30,67,'ifOutOctets'),(16,30,66,'ifHCInOctets'),(16,30,67,'ifHCOutOctets'),(17,30,66,'ifInOctets'),(17,30,67,'ifOutOctets'),(18,30,66,'ifInOctets'),(18,30,67,'ifOutOctets'),(19,30,66,'ifInOctets'),(19,30,67,'ifOutOctets'),(20,30,66,'ifInOctets'),(20,30,67,'ifOutOctets'),(21,30,66,'ifHCInOctets'),(21,30,67,'ifHCOutOctets'),(22,30,66,'ifHCInOctets'),(22,30,67,'ifHCOutOctets'),(23,30,66,'ifHCInOctets'),(23,30,67,'ifHCOutOctets'),(24,33,74,'ifOutBroadcastPkts'),(24,33,75,'ifInBroadcastPkts'),(25,32,72,'ifInMulticastPkts'),(25,32,73,'ifOutMulticastPkts'),(26,41,85,'dskAvailable'),(26,41,86,'dskUsed'),(27,58,105,'dskAvail'),(27,58,106,'dskUsed'),(28,59,107,'hrStorageUsed'),(28,59,108,'hrStorageSize'),(29,60,109,'hrProcessorLoad'),(30,61,111,'diskIONWritten'),(30,61,116,'diskIONRead'),(31,61,113,'diskIOLA1'),(31,61,114,'diskIOLA5'),(31,61,115,'diskIOLA15'),(32,61,110,'diskIOReads'),(32,61,112,'diskIOWrites');
/*!40000 ALTER TABLE `snmp_query_graph_rrd` ENABLE KEYS */;
UNLOCK TABLES;

--
-- Table structure for table `snmp_query_graph_rrd_sv`
--

DROP TABLE IF EXISTS `snmp_query_graph_rrd_sv`;
/*!40101 SET @saved_cs_client     = @@character_set_client */;
/*!40101 SET character_set_client = utf8 */;
CREATE TABLE `snmp_query_graph_rrd_sv` (
  `id` mediumint(8) unsigned NOT NULL AUTO_INCREMENT,
  `hash` varchar(32) COLLATE utf8mb4_unicode_ci NOT NULL DEFAULT '',
  `snmp_query_graph_id` mediumint(8) unsigned NOT NULL DEFAULT '0',
  `data_template_id` mediumint(8) unsigned NOT NULL DEFAULT '0',
  `sequence` mediumint(8) unsigned NOT NULL DEFAULT '0',
  `field_name` varchar(100) COLLATE utf8mb4_unicode_ci NOT NULL DEFAULT '',
  `text` varchar(255) COLLATE utf8mb4_unicode_ci NOT NULL DEFAULT '',
  PRIMARY KEY (`id`),
  KEY `snmp_query_graph_id` (`snmp_query_graph_id`),
  KEY `data_template_id` (`data_template_id`)
) ENGINE=InnoDB AUTO_INCREMENT=76 DEFAULT CHARSET=utf8mb4 COLLATE=utf8mb4_unicode_ci;
/*!40101 SET character_set_client = @saved_cs_client */;

--
-- Dumping data for table `snmp_query_graph_rrd_sv`
--

LOCK TABLES `snmp_query_graph_rrd_sv` WRITE;
/*!40000 ALTER TABLE `snmp_query_graph_rrd_sv` DISABLE KEYS */;
INSERT INTO `snmp_query_graph_rrd_sv` VALUES (1,'6537b3209e0697fbec278e94e7317b52',11,31,1,'name','|host_description| - Errors - |query_ifIP| - |query_ifName|'),(2,'6d3f612051016f48c951af8901720a1c',11,31,2,'name','|host_description| - Errors - |query_ifName|'),(3,'62bc981690576d0b2bd0041ec2e4aa6f',11,31,3,'name','|host_description| - Errors - |query_ifIP|/|query_ifDescr|'),(4,'adb270d55ba521d205eac6a21478804a',11,31,4,'name','|host_description| - Errors - |query_ifDescr|'),(5,'77065435f3bbb2ff99bc3b43b81de8fe',12,33,1,'name','|host_description| - Non-Unicast Packets - |query_ifIP| - |query_ifName|'),(6,'240d8893092619c97a54265e8d0b86a1',12,33,2,'name','|host_description| - Non-Unicast Packets - |query_ifName|'),(7,'4b200ecf445bdeb4c84975b74991df34',12,33,3,'name','|host_description| - Non-Unicast Packets - |query_ifIP|/|query_ifDescr|'),(8,'d6da3887646078e4d01fe60a123c2179',12,33,4,'name','|host_description| - Non-Unicast Packets - |query_ifDescr|'),(9,'ce7769b97d80ca31d21f83dc18ba93c2',13,32,1,'name','|host_description| - Unicast Packets - |query_ifIP| - |query_ifName|'),(10,'1ee1f9717f3f4771f7f823ca5a8b83dd',13,32,2,'name','|host_description| - Unicast Packets - |query_ifName|'),(11,'a7dbd54604533b592d4fae6e67587e32',13,32,3,'name','|host_description| - Unicast Packets - |query_ifIP|/|query_ifDescr|'),(12,'b148fa7199edcf06cd71c89e5c5d7b63',13,32,4,'name','|host_description| - Unicast Packets - |query_ifDescr|'),(13,'c582d3b37f19e4a703d9bf4908dc6548',14,30,1,'name','|host_description| - Traffic - |query_ifIP| - |query_ifName|'),(14,'ce0b9c92a15759d3ddbd7161d26a98b7',14,30,1,'rrd_maximum','|query_ifSpeed|'),(15,'e1be83d708ed3c0b8715ccb6517a0365',14,30,2,'name','|host_description| - Traffic - |query_ifName|'),(16,'57a9ae1f197498ca8dcde90194f61cbc',14,30,3,'name','|host_description| - Traffic - |query_ifIP|/|query_ifDescr|'),(17,'0110e120981c7ff15304e4a85cb42cbe',14,30,4,'name','|host_description| - Traffic - |query_ifDescr|'),(18,'87a659326af8c75158e5142874fd74b0',15,30,1,'name','|host_description| - Traffic - |query_ifIP| - |query_ifName|'),(19,'7e093c535fa3d810fa76fc3d8c80c94b',15,30,1,'rrd_maximum','|query_ifSpeed|'),(20,'14aa2dead86bbad0f992f1514722c95e',15,30,2,'name','|host_description| - Traffic - |query_ifName|'),(21,'70390712158c3c5052a7d830fb456489',15,30,3,'name','|host_description| - Traffic - |query_ifIP|/|query_ifDescr|'),(22,'084efd82bbddb69fb2ac9bd0b0f16ac6',15,30,4,'name','|host_description| - Traffic - |query_ifDescr|'),(23,'2e8b27c63d98249096ad5bc320787f43',16,30,1,'name','|host_description| - Traffic - |query_ifIP| - |query_ifName|'),(24,'e85ddc56efa677b70448f9e931360b77',16,30,1,'rrd_maximum','|query_ifSpeed|'),(25,'8d820d091ec1a9683cfa74a462f239ee',16,30,2,'name','|host_description| - Traffic - |query_ifName|'),(26,'62a47c18be10f273a5f5a13a76b76f54',16,30,3,'name','|host_description| - Traffic - |query_ifIP|/|query_ifDescr|'),(27,'37bb8c5b38bb7e89ec88ea7ccacf44d4',16,30,4,'name','|host_description| - Traffic - |query_ifDescr|'),(28,'db6547fe6d8a04e7d007eb8aab9d4ec5',16,30,5,'name','|host_description| - Traffic - |query_ifAlias|'),(29,'c7ee2110bf81639086d2da03d9d88286',17,30,1,'name','|host_description| - Traffic - |query_ifIP| - |query_ifName|'),(30,'27eb220995925e1a5e0e41b2582a2af6',17,30,1,'rrd_maximum','|query_ifSpeed|'),(31,'8ef8ae2ef548892ab95bb6c9f0b3170e',17,30,2,'name','|host_description| - Traffic - |query_ifName|'),(32,'3a0f707d1c8fd0e061b70241541c7e2e',17,30,3,'name','|host_description| - Traffic - |query_ifIP|/|query_ifDescr|'),(33,'2347e9f53564a54d43f3c00d4b60040d',17,30,4,'name','|host_description| - Traffic - |query_ifDescr|'),(34,'7e87efd0075caba9908e2e6e569b25b0',18,30,1,'name','|host_description| - Traffic - |query_ifIP| - |query_ifName|'),(35,'3b018f789ff72cc5693ef79e3a794370',18,30,1,'rrd_maximum','|query_ifSpeed|'),(36,'dd28d96a253ab86846aedb25d1cca712',18,30,2,'name','|host_description| - Traffic - |query_ifName|'),(37,'ce425fed4eb3174e4f1cde9713eeafa0',18,30,3,'name','|host_description| - Traffic - |query_ifIP|/|query_ifDescr|'),(38,'d0d05156ddb2c65181588db4b64d3907',18,30,4,'name','|host_description| - Traffic - |query_ifDescr|'),(39,'b225229dbbb48c1766cf90298674ceed',19,30,1,'name','|host_description| - Traffic - |query_ifIP| - |query_ifName|'),(40,'e9ab404a294e406c20fdd30df766161f',19,30,1,'rrd_maximum','|query_ifSpeed|'),(41,'c79248ddbbd195907260887b021a055d',19,30,2,'name','|host_description| - Traffic - |query_ifName|'),(42,'12a6750d973b7f14783f205d86220082',19,30,3,'name','|host_description| - Traffic - |query_ifIP|/|query_ifDescr|'),(43,'25b151fcfe093812cb5c208e36dd697e',19,30,4,'name','|host_description| - Traffic - |query_ifDescr|'),(44,'119578a4f01ab47e820b0e894e5e5bb3',20,30,1,'name','|host_description| - Traffic - |query_ifIP| - |query_ifName|'),(45,'fdc4cb976c4b9053bfa2af791a21c5b5',20,30,1,'rrd_maximum','|query_ifSpeed|'),(46,'940e57d24b2623849c77b59ed05931b9',20,30,2,'name','|host_description| - Traffic - |query_ifName|'),(47,'0f045eab01bbc4437b30da568ed5cb03',20,30,3,'name','|host_description| - Traffic - |query_ifIP|/|query_ifDescr|'),(48,'bd70bf71108d32f0bf91b24c85b87ff0',20,30,4,'name','|host_description| - Traffic - |query_ifDescr|'),(49,'af8c10bb98e3d96d7aeed76069f5d8f6',21,30,1,'name','|host_description| - Traffic - |query_ifIP| - |query_ifName| '),(50,'d5fe4ab8a8049c76715b11367544a77b',21,30,1,'rrd_maximum','|query_ifSpeed|'),(51,'eb9aa71f654327ecea55af11c6ff06ac',21,30,2,'name','|host_description| - Traffic - |query_ifName|'),(52,'afe143588235f0465993fd642dbc2ad9',21,30,3,'name','|host_description| - Traffic - |query_ifIP|/|query_ifDescr|'),(53,'424ebeaaef4a5cbffdc4611beeb7c19c',21,30,4,'name','|host_description| - Traffic - |query_ifDescr|'),(54,'694c4ef8e495357d8303d1c127d0c55e',22,30,1,'name','|host_description| - Traffic - |query_ifIP| - |query_ifName|'),(55,'0a772cfb504e15d7e784dd0e73ced97a',22,30,1,'rrd_maximum','|query_ifSpeed|'),(56,'114c55114ede9f492d84b1c79d3bbae6',22,30,2,'name','|host_description| - Traffic - |query_ifName| '),(57,'8aa4f743291cd2afdea20a4180e6eb42',22,30,3,'name','|host_description| - Traffic - |query_ifIP|/|query_ifDescr|'),(58,'3d4ba44d5e6a7bbcd5a448b9ef113c59',22,30,4,'name','|host_description| - Traffic - |query_ifDescr|'),(59,'e29d0a2547c6a48e73ce2c800e308515',23,30,1,'name','|host_description| - Traffic - |query_ifIP| - |query_ifName|'),(60,'cf780d419b924d0cbbb173b9a4918208',23,30,1,'rrd_maximum','|query_ifSpeed|'),(61,'3aeeb54a14baa08beaa59a1cd6af12c8',23,30,2,'name','|host_description| - Traffic - |query_ifName|'),(62,'30aaee4b45f97ac74641442e17e4527e',23,30,3,'name','|host_description| - Traffic - |query_ifIP|/|query_ifDescr|'),(63,'da2842ddfe7ea7d7b06266cc107169aa',23,30,4,'name','|host_description| - Traffic - |query_ifDescr|'),(64,'fc4e456b3fe4b712c943700ef1b3be80',24,33,1,'name','|host_description| - Broadcast Packets - |query_ifAlias| '),(65,'aea995fae5b2500b69819a09d20e9760',24,33,2,'name','|host_description| - Broadcast Packets - |query_ifName|'),(66,'8e07b64fa0767a318ec6d0320c3f9e2c',24,33,3,'name','|host_description| - Broadcast Packets - |query_ifIP| (|query_ifDescr|)'),(67,'9e7c0ec6d0025a509af6a510804c2488',24,33,4,'name','|host_description| - Broadcast Packets - |query_ifDescr|/|query_ifIndex|'),(68,'87418ca7ce94c355ba7bbc8625f53f92',25,32,1,'name','|host_description| - Multicast Packets - |query_ifAlias|'),(69,'ab0e5022e10f6529ac66772815be583f',25,32,2,'name','|host_description| - Multicast Packets - |query_ifName|'),(70,'27da5a787ff471f3da8bde88f6ecd4c9',25,32,3,'name','|host_description| - Multicast Packets - |query_ifIP| (|query_ifDescr|)'),(71,'3ac3c16381774c78791b5b568d06bc4f',25,32,4,'name','|host_description| - Multicast Packets - |query_ifDescr|/|query_ifIndex|'),(72,'cb09784ba05e401a3f1450126ed1e395',26,41,1,'name','|host_description| - Free Space - |query_dskDevice|'),(73,'5d3a8b2f4a454e5b0a1494e00fe7d424',27,58,1,'name','|host_description| - Partition - |query_dskDevice|'),(74,'a3f280327b1592a1a948e256380b544f',28,59,1,'name','|host_description| - Used Space - |query_hrStorageDescr|'),(75,'b5a724edc36c10891fa2a5c370d55b6f',29,60,1,'name','|host_description| - CPU Utilization - CPU|query_hrProcessorFrwID|');
/*!40000 ALTER TABLE `snmp_query_graph_rrd_sv` ENABLE KEYS */;
UNLOCK TABLES;

--
-- Table structure for table `snmp_query_graph_sv`
--

DROP TABLE IF EXISTS `snmp_query_graph_sv`;
/*!40101 SET @saved_cs_client     = @@character_set_client */;
/*!40101 SET character_set_client = utf8 */;
CREATE TABLE `snmp_query_graph_sv` (
  `id` mediumint(8) unsigned NOT NULL AUTO_INCREMENT,
  `hash` varchar(32) COLLATE utf8mb4_unicode_ci NOT NULL DEFAULT '',
  `snmp_query_graph_id` mediumint(8) unsigned NOT NULL DEFAULT '0',
  `sequence` mediumint(8) unsigned NOT NULL DEFAULT '0',
  `field_name` varchar(100) COLLATE utf8mb4_unicode_ci NOT NULL DEFAULT '',
  `text` varchar(255) COLLATE utf8mb4_unicode_ci NOT NULL DEFAULT '',
  PRIMARY KEY (`id`),
  KEY `snmp_query_graph_id` (`snmp_query_graph_id`)
) ENGINE=InnoDB AUTO_INCREMENT=65 DEFAULT CHARSET=utf8mb4 COLLATE=utf8mb4_unicode_ci;
/*!40101 SET character_set_client = @saved_cs_client */;

--
-- Dumping data for table `snmp_query_graph_sv`
--

LOCK TABLES `snmp_query_graph_sv` WRITE;
/*!40000 ALTER TABLE `snmp_query_graph_sv` DISABLE KEYS */;
INSERT INTO `snmp_query_graph_sv` VALUES (1,'0180de36c2fc1b1c3d929705cdaadfc6',11,1,'title','|host_description| - Errors - |query_ifAlias|'),(2,'299d3434851fc0d5c0e105429069709d',11,2,'title','|host_description| - Errors - |query_ifName|'),(3,'8c8860b17fd67a9a500b4cb8b5e19d4b',11,3,'title','|host_description| - Errors - |query_ifIP| (|query_ifDescr|)'),(4,'d96360ae5094e5732e7e7496ceceb636',11,4,'title','|host_description| - Errors - |query_ifDescr|/|query_ifIndex|'),(5,'6a1d5e477fd0b8a4d743993be0fa2c8c',12,1,'title','|host_description| - Non-Unicast Packets - |query_ifAlias|'),(6,'750a290cadc3dc60bb682a5c5f47df16',12,2,'title','|host_description| - Non-Unicast Packets - |query_ifName|'),(7,'bde195eecc256c42ca9725f1f22c1dc0',12,3,'title','|host_description| - Non-Unicast Packets - |query_ifIP| (|query_ifDescr|)'),(8,'d9e97d22689e4ffddaca23b46f2aa306',12,4,'title','|host_description| - Non-Unicast Packets - |query_ifDescr|/|query_ifIndex|'),(9,'54f5a5508fc525a15bc2be83a880e0c9',13,1,'title','|host_description| - Unicast Packets - |query_ifAlias|'),(10,'48ceaba62e0c2671a810a7f1adc5f751',13,2,'title','|host_description| - Unicast Packets - |query_ifName|'),(11,'d6258884bed44abe46d264198adc7c5d',13,3,'title','|host_description| - Unicast Packets - |query_ifIP| (|query_ifDescr|)'),(12,'6eb58d9835b2b86222306d6ced9961d9',13,4,'title','|host_description| - Unicast Packets - |query_ifDescr|/|query_ifIndex|'),(13,'74c33dd7c052d14a8224148ab3fe23ae',14,1,'title','|host_description| - Traffic - |query_ifAlias|'),(14,'0a5eb36e98c04ad6be8e1ef66caeed3c',14,2,'title','|host_description| - Traffic - |query_ifName|'),(15,'4c4386a96e6057b7bd0b78095209ddfa',14,3,'title','|host_description| - Traffic - |query_ifIP| (|query_ifDescr|)'),(16,'fd3a384768b0388fa64119fe2f0cc113',14,4,'title','|host_description| - Traffic - |query_ifDescr|/|query_ifIndex|'),(17,'aafaab75d93c10a760d600c4ab4a742c',15,2,'title','|host_description| - Traffic - |query_ifAlias|'),(18,'bda15298139ad22bdc8a3b0952d4e3ab',15,3,'title','|host_description| - Traffic - |query_ifIP| (|query_ifDescr|)'),(19,'29e48483d0471fcd996bfb702a5960aa',15,4,'title','|host_description| - Traffic - |query_ifDescr|/|query_ifIndex|'),(20,'49dca5592ac26ff149a4fbd18d690644',15,5,'title','|host_description| - Traffic - |query_ifName|'),(21,'3f42d358965cb94ce4f708b59e04f82b',16,1,'title','|host_description| - Traffic - |query_ifName|'),(22,'69c14fbcc23aecb9920b3cdad7f89901',16,2,'title','|host_description| - Traffic - |query_ifDescr|/|query_ifIndex|'),(23,'a1d061ff7fb9875b29c54de4fadddcdc',16,3,'title','|host_description| - Traffic - |query_ifAlias|'),(24,'45f44b2f811ea8a8ace1cbed8ef906f1',16,4,'title','|host_description| - Traffic - |query_ifIP| (|query_ifDescr|)'),(25,'a5899a68c68e50959a099d7ac591873a',17,1,'title','|host_description| - Traffic - |query_ifAlias|'),(26,'7fb4a267065f960df81c15f9022cd3a4',17,2,'title','|host_description| - Traffic - |query_ifName|'),(27,'e403f5a733bf5c8401a110609683deb3',17,3,'title','|host_description| - Traffic - |query_ifIP| (|query_ifDescr|)'),(28,'809c2e80552d56b65ca496c1c2fff398',17,4,'title','|host_description| - Traffic - |query_ifDescr|/|query_ifIndex|'),(29,'1acc9985eb91a7234ff97608cb85b0f5',18,1,'title','|host_description| - Traffic - |query_ifAlias|'),(30,'f434ec853c479d424276f367e9806a75',18,2,'title','|host_description| - Traffic - |query_ifName|'),(31,'9b085245847444c5fb90ebbf4448e265',18,3,'title','|host_description| - Traffic - |query_ifIP| (|query_ifDescr|)'),(32,'5977863f28629bd8eb93a2a9cbc3e306',18,4,'title','|host_description| - Traffic - |query_ifDescr|/|query_ifIndex|'),(33,'820eb01dd91c9026fbdf667a7f25302f',19,1,'title','|host_description| - Traffic - |query_ifAlias|'),(34,'37b6711af3930c56309cf8956d8bbf14',19,2,'title','|host_description| - Traffic - |query_ifName|'),(35,'cc435c5884a75421329a9b08207c1c90',19,3,'title','|host_description| - Traffic - |query_ifIP| (|query_ifDescr|)'),(36,'82edeea1ec249c9818773e3145836492',19,4,'title','|host_description| - Traffic - |query_ifDescr|/|query_ifIndex|'),(37,'c0422682831631bf539023fc04615025',20,1,'title','|host_description| - Traffic - |query_ifAlias|'),(38,'87522150ee8a601b4d6a1f6b9e919c47',20,2,'title','|host_description| - Traffic - |query_ifName|'),(39,'993a87c04f550f1209d689d584aa8b45',20,3,'title','|host_description| - Traffic - |query_ifIP| (|query_ifDescr|)'),(40,'183bb486c92a566fddcb0585ede37865',20,4,'title','|host_description| - Traffic - |query_ifDescr|/|query_ifIndex|'),(41,'a877a37f5d0e6f49a5d9d99ac7e347f3',21,1,'title','|host_description| - Traffic - |query_ifAlias| '),(42,'9e42f7e5310653f35f977285e48ecfa5',21,2,'title','|host_description| - Traffic - |query_ifName| '),(43,'cab54d19353de5548e0151180cb7c5dd',21,3,'title','|host_description| - Traffic - |query_ifIP| (|query_ifDescr|) '),(44,'f9de6e508d7fa64d91d163d864b9f31a',21,4,'title','|host_description| - Traffic - |query_ifDescr|/|query_ifIndex| '),(45,'419c8f569d1695b86c1943f7204abf3d',22,1,'title','|host_description| - Traffic - |query_ifAlias|'),(46,'1819f9ccdb512f19acfdc4edcda425b5',22,2,'title','|host_description| - Traffic - |query_ifName|'),(47,'08310b48a18f195d941fcd2c4ed40e7b',22,3,'title','|host_description| - Traffic - |query_ifIP| (|query_ifDescr|)'),(48,'dffe8e880677480a795b1232fc1207e5',22,4,'title','|host_description| - Traffic - |query_ifDescr|/|query_ifIndex|'),(49,'9be678415c48e9ee7a16e5208e523c6d',23,1,'title','|host_description| - Traffic - |query_ifAlias|'),(50,'702b89f7db8eae17a358e246d6264d05',23,2,'title','|host_description| - Traffic - |query_ifName|'),(51,'1fc5aabb79ad301bee69e6bb0094df2c',23,3,'title','|host_description| - Traffic - |query_ifIP| (|query_ifDescr|)'),(52,'bb5bd62bcfbfc5ff765afe625b830d31',23,4,'title','|host_description| - Traffic - |query_ifDescr|/|query_ifIndex|'),(53,'6b166ed8f603998fdc51719da3478e55',24,1,'title','|host_description| - Broadcast Packets - |query_ifAlias|'),(54,'dd545c92388329c666f7e88f99618e87',24,2,'title','|host_description| - Broadcast Packets - |query_ifName|'),(55,'71574f16039ab62c26d626c113ebdab0',24,3,'title','|host_description| - Broadcast Packets - |query_ifIP| (|query_ifDescr|)'),(56,'555ae21f832f02689c7a6e2f690ec7d3',24,4,'title','|host_description| - Broadcast Packets - |query_ifDescr|/|query_ifIndex|'),(57,'c5e2bd31d661ba33d5169e505bf920b6',25,1,'title','|host_description| - Multicast Packets - |query_ifAlias|'),(58,'be5c494fd82964bd9bd267399c4f7a3b',25,2,'title','|host_description| - Multicast Packets - |query_ifName|'),(59,'ca3d99f3c6f8ee1e3849e28274be14ba',25,3,'title','|host_description| - Multicast Packets - |query_ifIP| (|query_ifDescr|)'),(60,'6f48f284918085de78181d9698fb35ad',25,4,'title','|host_description| - Multicast Packets - |query_ifDescr|/|query_ifIndex|'),(61,'f21b23df740bc4a2d691d2d7b1b18dba',26,1,'title','|host_description| - Disk Space - |query_dskDevice|'),(62,'437918b8dcd66a64625c6cee481fff61',27,1,'title','|host_description| - Disk Space - |query_dskPath|'),(63,'9852782792ede7c0805990e506ac9618',28,1,'title','|host_description| - Used Space - |query_hrStorageDescr|'),(64,'fa2f07ab54fce72eea684ba893dd9c95',29,1,'title','|host_description| - CPU Utilization - CPU|query_hrProcessorFrwID|');
/*!40000 ALTER TABLE `snmp_query_graph_sv` ENABLE KEYS */;
UNLOCK TABLES;

--
-- Table structure for table `snmpagent_cache`
--

DROP TABLE IF EXISTS `snmpagent_cache`;
/*!40101 SET @saved_cs_client     = @@character_set_client */;
/*!40101 SET character_set_client = utf8 */;
CREATE TABLE `snmpagent_cache` (
  `oid` varchar(50) COLLATE utf8mb4_unicode_ci NOT NULL,
  `name` varchar(50) COLLATE utf8mb4_unicode_ci NOT NULL,
  `mib` varchar(50) COLLATE utf8mb4_unicode_ci NOT NULL,
  `type` varchar(50) COLLATE utf8mb4_unicode_ci NOT NULL DEFAULT '',
  `otype` varchar(50) COLLATE utf8mb4_unicode_ci NOT NULL DEFAULT '',
  `kind` varchar(50) COLLATE utf8mb4_unicode_ci NOT NULL DEFAULT '',
  `max-access` varchar(50) COLLATE utf8mb4_unicode_ci NOT NULL DEFAULT 'not-accessible',
  `value` varchar(255) COLLATE utf8mb4_unicode_ci NOT NULL DEFAULT '',
  `description` varchar(5000) COLLATE utf8mb4_unicode_ci NOT NULL DEFAULT '',
  PRIMARY KEY (`oid`),
  KEY `name` (`name`),
  KEY `mib_name` (`mib`,`name`)
) ENGINE=InnoDB DEFAULT CHARSET=utf8mb4 COLLATE=utf8mb4_unicode_ci COMMENT='SNMP MIB CACHE';
/*!40101 SET character_set_client = @saved_cs_client */;

--
-- Dumping data for table `snmpagent_cache`
--

LOCK TABLES `snmpagent_cache` WRITE;
/*!40000 ALTER TABLE `snmpagent_cache` DISABLE KEYS */;
INSERT INTO `snmpagent_cache` VALUES ('.1.3.6.1.4.1.23925','cacti','CACTI-MIB','','MODULE-IDENTITY','Node','not-accessible','','Initial version of this MIB module.'),('.1.3.6.1.4.1.23925.1','cactiAppl','CACTI-MIB','','OBJECT-IDENTITY','Node','not-accessible','','reserved for Cacti application data'),('.1.3.6.1.4.1.23925.1.1.0','cactiApplLastUpdate','CACTI-MIB','Unsigned32','DATA','Scalar','read-only','1556824543','Unix timestamp when this data has been updated for the last time.'),('.1.3.6.1.4.1.23925.1.10.0','cactiApplSpineMaxThreads','CACTI-MIB','Unsigned32','DATA','Scalar','read-only','1','Represents the maximum threads allowed per process.'),('.1.3.6.1.4.1.23925.1.11.0','cactiApplSpineScriptServers','CACTI-MIB','Unsigned32','DATA','Scalar','read-only','1','Represents the maximum number of script servers a spine process is<br>allowed to run.'),('.1.3.6.1.4.1.23925.1.12.0','cactiApplSpineScriptTimeout','CACTI-MIB','Unsigned32','DATA','Scalar','read-only','25','Describes the maximum time Cacti will wait on a script to complete.'),('.1.3.6.1.4.1.23925.1.13.0','cactiApplSpineMaxOids','CACTI-MIB','Unsigned32','DATA','Scalar','read-only','10','The maximum number of snmp get OIDs to issue per snmpbulkwalk<br>request.'),('.1.3.6.1.4.1.23925.1.14','cactiApplDeviceTable','CACTI-MIB','SEQUENCE OF','OBJECT-TYPE','Table','not-accessible','','A table of registered hosts on a Cacti system.<br>The maximum number of entries is implementation dependent.'),('.1.3.6.1.4.1.23925.1.14.1','cactiApplDeviceEntry','CACTI-MIB','CactiApplDeviceEntry','OBJECT-TYPE','Row','not-accessible','','An entry in the table of registered hosts on a Cacti system. A row<br>in this table cannot be created or deleted by SNMP operations on<br>columns of the table.'),('.1.3.6.1.4.1.23925.1.14.1.1','cactiApplDeviceIndex','CACTI-MIB','Unsigned32','OBJECT-TYPE','Column','read-only','','A unique device identifier. This ID will be created by Cacti itself.'),('.1.3.6.1.4.1.23925.1.14.1.1.1','cactiApplDeviceIndex','CACTI-MIB','Unsigned32','DATA','Column Data','read-only','1',''),('.1.3.6.1.4.1.23925.1.14.1.1.10','cactiApplDeviceIndex','CACTI-MIB','Unsigned32','DATA','Column Data','read-only','10',''),('.1.3.6.1.4.1.23925.1.14.1.1.11','cactiApplDeviceIndex','CACTI-MIB','Unsigned32','DATA','Column Data','read-only','11',''),('.1.3.6.1.4.1.23925.1.14.1.1.12','cactiApplDeviceIndex','CACTI-MIB','Unsigned32','DATA','Column Data','read-only','12',''),('.1.3.6.1.4.1.23925.1.14.1.1.13','cactiApplDeviceIndex','CACTI-MIB','Unsigned32','DATA','Column Data','read-only','13',''),('.1.3.6.1.4.1.23925.1.14.1.1.14','cactiApplDeviceIndex','CACTI-MIB','Unsigned32','DATA','Column Data','read-only','14',''),('.1.3.6.1.4.1.23925.1.14.1.1.15','cactiApplDeviceIndex','CACTI-MIB','Unsigned32','DATA','Column Data','read-only','15',''),('.1.3.6.1.4.1.23925.1.14.1.1.16','cactiApplDeviceIndex','CACTI-MIB','Unsigned32','DATA','Column Data','read-only','16',''),('.1.3.6.1.4.1.23925.1.14.1.1.3','cactiApplDeviceIndex','CACTI-MIB','Unsigned32','DATA','Column Data','read-only','3',''),('.1.3.6.1.4.1.23925.1.14.1.1.4','cactiApplDeviceIndex','CACTI-MIB','Unsigned32','DATA','Column Data','read-only','4',''),('.1.3.6.1.4.1.23925.1.14.1.1.5','cactiApplDeviceIndex','CACTI-MIB','Unsigned32','DATA','Column Data','read-only','5',''),('.1.3.6.1.4.1.23925.1.14.1.1.6','cactiApplDeviceIndex','CACTI-MIB','Unsigned32','DATA','Column Data','read-only','6',''),('.1.3.6.1.4.1.23925.1.14.1.1.7','cactiApplDeviceIndex','CACTI-MIB','Unsigned32','DATA','Column Data','read-only','7',''),('.1.3.6.1.4.1.23925.1.14.1.1.8','cactiApplDeviceIndex','CACTI-MIB','Unsigned32','DATA','Column Data','read-only','8',''),('.1.3.6.1.4.1.23925.1.14.1.1.9','cactiApplDeviceIndex','CACTI-MIB','Unsigned32','DATA','Column Data','read-only','9',''),('.1.3.6.1.4.1.23925.1.14.1.2','cactiApplDeviceDescription','CACTI-MIB','DisplayString','OBJECT-TYPE','Column','read-only','','A meaning description of a device.'),('.1.3.6.1.4.1.23925.1.14.1.2.1','cactiApplDeviceDescription','CACTI-MIB','DisplayString','DATA','Column Data','read-only','d5',''),('.1.3.6.1.4.1.23925.1.14.1.2.10','cactiApplDeviceDescription','CACTI-MIB','DisplayString','DATA','Column Data','read-only','c6',''),('.1.3.6.1.4.1.23925.1.14.1.2.11','cactiApplDeviceDescription','CACTI-MIB','DisplayString','DATA','Column Data','read-only','c7',''),('.1.3.6.1.4.1.23925.1.14.1.2.12','cactiApplDeviceDescription','CACTI-MIB','DisplayString','DATA','Column Data','read-only','d0',''),('.1.3.6.1.4.1.23925.1.14.1.2.13','cactiApplDeviceDescription','CACTI-MIB','DisplayString','DATA','Column Data','read-only','d2',''),('.1.3.6.1.4.1.23925.1.14.1.2.14','cactiApplDeviceDescription','CACTI-MIB','DisplayString','DATA','Column Data','read-only','d4',''),('.1.3.6.1.4.1.23925.1.14.1.2.15','cactiApplDeviceDescription','CACTI-MIB','DisplayString','DATA','Column Data','read-only','d6',''),('.1.3.6.1.4.1.23925.1.14.1.2.16','cactiApplDeviceDescription','CACTI-MIB','DisplayString','DATA','Column Data','read-only','d7',''),('.1.3.6.1.4.1.23925.1.14.1.2.3','cactiApplDeviceDescription','CACTI-MIB','DisplayString','DATA','Column Data','read-only','d1',''),('.1.3.6.1.4.1.23925.1.14.1.2.4','cactiApplDeviceDescription','CACTI-MIB','DisplayString','DATA','Column Data','read-only','c0',''),('.1.3.6.1.4.1.23925.1.14.1.2.5','cactiApplDeviceDescription','CACTI-MIB','DisplayString','DATA','Column Data','read-only','c1',''),('.1.3.6.1.4.1.23925.1.14.1.2.6','cactiApplDeviceDescription','CACTI-MIB','DisplayString','DATA','Column Data','read-only','c2',''),('.1.3.6.1.4.1.23925.1.14.1.2.7','cactiApplDeviceDescription','CACTI-MIB','DisplayString','DATA','Column Data','read-only','c3',''),('.1.3.6.1.4.1.23925.1.14.1.2.8','cactiApplDeviceDescription','CACTI-MIB','DisplayString','DATA','Column Data','read-only','c4',''),('.1.3.6.1.4.1.23925.1.14.1.2.9','cactiApplDeviceDescription','CACTI-MIB','DisplayString','DATA','Column Data','read-only','c5',''),('.1.3.6.1.4.1.23925.1.14.1.3','cactiApplDeviceHostname','CACTI-MIB','DisplayString','OBJECT-TYPE','Column','read-only','','Fully qualified devicename or IP address.'),('.1.3.6.1.4.1.23925.1.14.1.3.1','cactiApplDeviceHostname','CACTI-MIB','DisplayString','DATA','Column Data','read-only','localhost',''),('.1.3.6.1.4.1.23925.1.14.1.3.10','cactiApplDeviceHostname','CACTI-MIB','DisplayString','DATA','Column Data','read-only','c6.wolk.com',''),('.1.3.6.1.4.1.23925.1.14.1.3.11','cactiApplDeviceHostname','CACTI-MIB','DisplayString','DATA','Column Data','read-only','c7.wolk.com',''),('.1.3.6.1.4.1.23925.1.14.1.3.12','cactiApplDeviceHostname','CACTI-MIB','DisplayString','DATA','Column Data','read-only','d0.wolk.com',''),('.1.3.6.1.4.1.23925.1.14.1.3.13','cactiApplDeviceHostname','CACTI-MIB','DisplayString','DATA','Column Data','read-only','d2.wolk.com',''),('.1.3.6.1.4.1.23925.1.14.1.3.14','cactiApplDeviceHostname','CACTI-MIB','DisplayString','DATA','Column Data','read-only','d4.wolk.com',''),('.1.3.6.1.4.1.23925.1.14.1.3.15','cactiApplDeviceHostname','CACTI-MIB','DisplayString','DATA','Column Data','read-only','d6.wolk.com',''),('.1.3.6.1.4.1.23925.1.14.1.3.16','cactiApplDeviceHostname','CACTI-MIB','DisplayString','DATA','Column Data','read-only','d7.wolk.com',''),('.1.3.6.1.4.1.23925.1.14.1.3.3','cactiApplDeviceHostname','CACTI-MIB','DisplayString','DATA','Column Data','read-only','d1.wolk.com',''),('.1.3.6.1.4.1.23925.1.14.1.3.4','cactiApplDeviceHostname','CACTI-MIB','DisplayString','DATA','Column Data','read-only','c0.wolk.com',''),('.1.3.6.1.4.1.23925.1.14.1.3.5','cactiApplDeviceHostname','CACTI-MIB','DisplayString','DATA','Column Data','read-only','c1.wolk.com',''),('.1.3.6.1.4.1.23925.1.14.1.3.6','cactiApplDeviceHostname','CACTI-MIB','DisplayString','DATA','Column Data','read-only','c2.wolk.com',''),('.1.3.6.1.4.1.23925.1.14.1.3.7','cactiApplDeviceHostname','CACTI-MIB','DisplayString','DATA','Column Data','read-only','c3.wolk.com',''),('.1.3.6.1.4.1.23925.1.14.1.3.8','cactiApplDeviceHostname','CACTI-MIB','DisplayString','DATA','Column Data','read-only','c4.wolk.com',''),('.1.3.6.1.4.1.23925.1.14.1.3.9','cactiApplDeviceHostname','CACTI-MIB','DisplayString','DATA','Column Data','read-only','c5.wolk.com',''),('.1.3.6.1.4.1.23925.1.14.1.4','cactiApplDeviceStatus','CACTI-MIB','INTEGER','OBJECT-TYPE','Column','read-only','','The status a device can have within Cacti:<br>unknown(0)     - device has not been polled yet<br>down(1)        - device became unresponsive<br>recovering(2)  - device was down and became reachable again<br>up(3)          - device is reachable<br>disabled(4)    - device will not be monitored'),('.1.3.6.1.4.1.23925.1.14.1.4.1','cactiApplDeviceStatus','CACTI-MIB','INTEGER','DATA','Column Data','read-only','3',''),('.1.3.6.1.4.1.23925.1.14.1.4.10','cactiApplDeviceStatus','CACTI-MIB','INTEGER','DATA','Column Data','read-only','3',''),('.1.3.6.1.4.1.23925.1.14.1.4.11','cactiApplDeviceStatus','CACTI-MIB','INTEGER','DATA','Column Data','read-only','3',''),('.1.3.6.1.4.1.23925.1.14.1.4.12','cactiApplDeviceStatus','CACTI-MIB','INTEGER','DATA','Column Data','read-only','3',''),('.1.3.6.1.4.1.23925.1.14.1.4.13','cactiApplDeviceStatus','CACTI-MIB','INTEGER','DATA','Column Data','read-only','3',''),('.1.3.6.1.4.1.23925.1.14.1.4.14','cactiApplDeviceStatus','CACTI-MIB','INTEGER','DATA','Column Data','read-only','3',''),('.1.3.6.1.4.1.23925.1.14.1.4.15','cactiApplDeviceStatus','CACTI-MIB','INTEGER','DATA','Column Data','read-only','3',''),('.1.3.6.1.4.1.23925.1.14.1.4.16','cactiApplDeviceStatus','CACTI-MIB','INTEGER','DATA','Column Data','read-only','3',''),('.1.3.6.1.4.1.23925.1.14.1.4.3','cactiApplDeviceStatus','CACTI-MIB','INTEGER','DATA','Column Data','read-only','3',''),('.1.3.6.1.4.1.23925.1.14.1.4.4','cactiApplDeviceStatus','CACTI-MIB','INTEGER','DATA','Column Data','read-only','3',''),('.1.3.6.1.4.1.23925.1.14.1.4.5','cactiApplDeviceStatus','CACTI-MIB','INTEGER','DATA','Column Data','read-only','3',''),('.1.3.6.1.4.1.23925.1.14.1.4.6','cactiApplDeviceStatus','CACTI-MIB','INTEGER','DATA','Column Data','read-only','3',''),('.1.3.6.1.4.1.23925.1.14.1.4.7','cactiApplDeviceStatus','CACTI-MIB','INTEGER','DATA','Column Data','read-only','3',''),('.1.3.6.1.4.1.23925.1.14.1.4.8','cactiApplDeviceStatus','CACTI-MIB','INTEGER','DATA','Column Data','read-only','3',''),('.1.3.6.1.4.1.23925.1.14.1.4.9','cactiApplDeviceStatus','CACTI-MIB','INTEGER','DATA','Column Data','read-only','3',''),('.1.3.6.1.4.1.23925.1.14.1.5','cactiApplDeviceEventCount','CACTI-MIB','Unsigned32','OBJECT-TYPE','Column','read-only','','Total number of events registered for that device since last reset.'),('.1.3.6.1.4.1.23925.1.14.1.5.1','cactiApplDeviceEventCount','CACTI-MIB','Unsigned32','DATA','Column Data','read-only','0',''),('.1.3.6.1.4.1.23925.1.14.1.5.10','cactiApplDeviceEventCount','CACTI-MIB','Unsigned32','DATA','Column Data','read-only','0',''),('.1.3.6.1.4.1.23925.1.14.1.5.11','cactiApplDeviceEventCount','CACTI-MIB','Unsigned32','DATA','Column Data','read-only','0',''),('.1.3.6.1.4.1.23925.1.14.1.5.12','cactiApplDeviceEventCount','CACTI-MIB','Unsigned32','DATA','Column Data','read-only','0',''),('.1.3.6.1.4.1.23925.1.14.1.5.13','cactiApplDeviceEventCount','CACTI-MIB','Unsigned32','DATA','Column Data','read-only','0',''),('.1.3.6.1.4.1.23925.1.14.1.5.14','cactiApplDeviceEventCount','CACTI-MIB','Unsigned32','DATA','Column Data','read-only','0',''),('.1.3.6.1.4.1.23925.1.14.1.5.15','cactiApplDeviceEventCount','CACTI-MIB','Unsigned32','DATA','Column Data','read-only','0',''),('.1.3.6.1.4.1.23925.1.14.1.5.16','cactiApplDeviceEventCount','CACTI-MIB','Unsigned32','DATA','Column Data','read-only','0',''),('.1.3.6.1.4.1.23925.1.14.1.5.3','cactiApplDeviceEventCount','CACTI-MIB','Unsigned32','DATA','Column Data','read-only','0',''),('.1.3.6.1.4.1.23925.1.14.1.5.4','cactiApplDeviceEventCount','CACTI-MIB','Unsigned32','DATA','Column Data','read-only','0',''),('.1.3.6.1.4.1.23925.1.14.1.5.5','cactiApplDeviceEventCount','CACTI-MIB','Unsigned32','DATA','Column Data','read-only','0',''),('.1.3.6.1.4.1.23925.1.14.1.5.6','cactiApplDeviceEventCount','CACTI-MIB','Unsigned32','DATA','Column Data','read-only','0',''),('.1.3.6.1.4.1.23925.1.14.1.5.7','cactiApplDeviceEventCount','CACTI-MIB','Unsigned32','DATA','Column Data','read-only','0',''),('.1.3.6.1.4.1.23925.1.14.1.5.8','cactiApplDeviceEventCount','CACTI-MIB','Unsigned32','DATA','Column Data','read-only','0',''),('.1.3.6.1.4.1.23925.1.14.1.5.9','cactiApplDeviceEventCount','CACTI-MIB','Unsigned32','DATA','Column Data','read-only','0',''),('.1.3.6.1.4.1.23925.1.14.1.6','cactiApplDeviceFailDate','CACTI-MIB','DisplayString','OBJECT-TYPE','Column','read-only','','Date of last fail'),('.1.3.6.1.4.1.23925.1.14.1.6.1','cactiApplDeviceFailDate','CACTI-MIB','DisplayString','DATA','Column Data','read-only','0000-00-00 00:00:00',''),('.1.3.6.1.4.1.23925.1.14.1.6.10','cactiApplDeviceFailDate','CACTI-MIB','DisplayString','DATA','Column Data','read-only','0000-00-00 00:00:00',''),('.1.3.6.1.4.1.23925.1.14.1.6.11','cactiApplDeviceFailDate','CACTI-MIB','DisplayString','DATA','Column Data','read-only','2019-05-02 03:56:36',''),('.1.3.6.1.4.1.23925.1.14.1.6.12','cactiApplDeviceFailDate','CACTI-MIB','DisplayString','DATA','Column Data','read-only','0000-00-00 00:00:00',''),('.1.3.6.1.4.1.23925.1.14.1.6.13','cactiApplDeviceFailDate','CACTI-MIB','DisplayString','DATA','Column Data','read-only','0000-00-00 00:00:00',''),('.1.3.6.1.4.1.23925.1.14.1.6.14','cactiApplDeviceFailDate','CACTI-MIB','DisplayString','DATA','Column Data','read-only','0000-00-00 00:00:00',''),('.1.3.6.1.4.1.23925.1.14.1.6.15','cactiApplDeviceFailDate','CACTI-MIB','DisplayString','DATA','Column Data','read-only','0000-00-00 00:00:00',''),('.1.3.6.1.4.1.23925.1.14.1.6.16','cactiApplDeviceFailDate','CACTI-MIB','DisplayString','DATA','Column Data','read-only','0000-00-00 00:00:00',''),('.1.3.6.1.4.1.23925.1.14.1.6.3','cactiApplDeviceFailDate','CACTI-MIB','DisplayString','DATA','Column Data','read-only','0000-00-00 00:00:00',''),('.1.3.6.1.4.1.23925.1.14.1.6.4','cactiApplDeviceFailDate','CACTI-MIB','DisplayString','DATA','Column Data','read-only','0000-00-00 00:00:00',''),('.1.3.6.1.4.1.23925.1.14.1.6.5','cactiApplDeviceFailDate','CACTI-MIB','DisplayString','DATA','Column Data','read-only','0000-00-00 00:00:00',''),('.1.3.6.1.4.1.23925.1.14.1.6.6','cactiApplDeviceFailDate','CACTI-MIB','DisplayString','DATA','Column Data','read-only','0000-00-00 00:00:00',''),('.1.3.6.1.4.1.23925.1.14.1.6.7','cactiApplDeviceFailDate','CACTI-MIB','DisplayString','DATA','Column Data','read-only','0000-00-00 00:00:00',''),('.1.3.6.1.4.1.23925.1.14.1.6.8','cactiApplDeviceFailDate','CACTI-MIB','DisplayString','DATA','Column Data','read-only','0000-00-00 00:00:00',''),('.1.3.6.1.4.1.23925.1.14.1.6.9','cactiApplDeviceFailDate','CACTI-MIB','DisplayString','DATA','Column Data','read-only','0000-00-00 00:00:00',''),('.1.3.6.1.4.1.23925.1.14.1.7','cactiApplDeviceRecoveryDate','CACTI-MIB','DisplayString','OBJECT-TYPE','Column','read-only','','Date of lats recovery'),('.1.3.6.1.4.1.23925.1.14.1.7.1','cactiApplDeviceRecoveryDate','CACTI-MIB','DisplayString','DATA','Column Data','read-only','0000-00-00 00:00:00',''),('.1.3.6.1.4.1.23925.1.14.1.7.10','cactiApplDeviceRecoveryDate','CACTI-MIB','DisplayString','DATA','Column Data','read-only','0000-00-00 00:00:00',''),('.1.3.6.1.4.1.23925.1.14.1.7.11','cactiApplDeviceRecoveryDate','CACTI-MIB','DisplayString','DATA','Column Data','read-only','2019-05-02 04:28:30',''),('.1.3.6.1.4.1.23925.1.14.1.7.12','cactiApplDeviceRecoveryDate','CACTI-MIB','DisplayString','DATA','Column Data','read-only','0000-00-00 00:00:00',''),('.1.3.6.1.4.1.23925.1.14.1.7.13','cactiApplDeviceRecoveryDate','CACTI-MIB','DisplayString','DATA','Column Data','read-only','0000-00-00 00:00:00',''),('.1.3.6.1.4.1.23925.1.14.1.7.14','cactiApplDeviceRecoveryDate','CACTI-MIB','DisplayString','DATA','Column Data','read-only','0000-00-00 00:00:00',''),('.1.3.6.1.4.1.23925.1.14.1.7.15','cactiApplDeviceRecoveryDate','CACTI-MIB','DisplayString','DATA','Column Data','read-only','0000-00-00 00:00:00',''),('.1.3.6.1.4.1.23925.1.14.1.7.16','cactiApplDeviceRecoveryDate','CACTI-MIB','DisplayString','DATA','Column Data','read-only','0000-00-00 00:00:00',''),('.1.3.6.1.4.1.23925.1.14.1.7.3','cactiApplDeviceRecoveryDate','CACTI-MIB','DisplayString','DATA','Column Data','read-only','0000-00-00 00:00:00',''),('.1.3.6.1.4.1.23925.1.14.1.7.4','cactiApplDeviceRecoveryDate','CACTI-MIB','DisplayString','DATA','Column Data','read-only','0000-00-00 00:00:00',''),('.1.3.6.1.4.1.23925.1.14.1.7.5','cactiApplDeviceRecoveryDate','CACTI-MIB','DisplayString','DATA','Column Data','read-only','0000-00-00 00:00:00',''),('.1.3.6.1.4.1.23925.1.14.1.7.6','cactiApplDeviceRecoveryDate','CACTI-MIB','DisplayString','DATA','Column Data','read-only','0000-00-00 00:00:00',''),('.1.3.6.1.4.1.23925.1.14.1.7.7','cactiApplDeviceRecoveryDate','CACTI-MIB','DisplayString','DATA','Column Data','read-only','0000-00-00 00:00:00',''),('.1.3.6.1.4.1.23925.1.14.1.7.8','cactiApplDeviceRecoveryDate','CACTI-MIB','DisplayString','DATA','Column Data','read-only','0000-00-00 00:00:00',''),('.1.3.6.1.4.1.23925.1.14.1.7.9','cactiApplDeviceRecoveryDate','CACTI-MIB','DisplayString','DATA','Column Data','read-only','0000-00-00 00:00:00',''),('.1.3.6.1.4.1.23925.1.14.1.8','cactiApplDeviceLastError','CACTI-MIB','DisplayString','OBJECT-TYPE','Column','read-only','','Description of last error being detected.'),('.1.3.6.1.4.1.23925.1.14.1.8.1','cactiApplDeviceLastError','CACTI-MIB','DisplayString','DATA','Column Data','read-only','',''),('.1.3.6.1.4.1.23925.1.14.1.8.10','cactiApplDeviceLastError','CACTI-MIB','DisplayString','DATA','Column Data','read-only','',''),('.1.3.6.1.4.1.23925.1.14.1.8.11','cactiApplDeviceLastError','CACTI-MIB','DisplayString','DATA','Column Data','read-only','Device did not respond to SNMP',''),('.1.3.6.1.4.1.23925.1.14.1.8.12','cactiApplDeviceLastError','CACTI-MIB','DisplayString','DATA','Column Data','read-only','',''),('.1.3.6.1.4.1.23925.1.14.1.8.13','cactiApplDeviceLastError','CACTI-MIB','DisplayString','DATA','Column Data','read-only','',''),('.1.3.6.1.4.1.23925.1.14.1.8.14','cactiApplDeviceLastError','CACTI-MIB','DisplayString','DATA','Column Data','read-only','',''),('.1.3.6.1.4.1.23925.1.14.1.8.15','cactiApplDeviceLastError','CACTI-MIB','DisplayString','DATA','Column Data','read-only','',''),('.1.3.6.1.4.1.23925.1.14.1.8.16','cactiApplDeviceLastError','CACTI-MIB','DisplayString','DATA','Column Data','read-only','',''),('.1.3.6.1.4.1.23925.1.14.1.8.3','cactiApplDeviceLastError','CACTI-MIB','DisplayString','DATA','Column Data','read-only','',''),('.1.3.6.1.4.1.23925.1.14.1.8.4','cactiApplDeviceLastError','CACTI-MIB','DisplayString','DATA','Column Data','read-only','',''),('.1.3.6.1.4.1.23925.1.14.1.8.5','cactiApplDeviceLastError','CACTI-MIB','DisplayString','DATA','Column Data','read-only','',''),('.1.3.6.1.4.1.23925.1.14.1.8.6','cactiApplDeviceLastError','CACTI-MIB','DisplayString','DATA','Column Data','read-only','Device did not respond to SNMP',''),('.1.3.6.1.4.1.23925.1.14.1.8.7','cactiApplDeviceLastError','CACTI-MIB','DisplayString','DATA','Column Data','read-only','Device did not respond to SNMP',''),('.1.3.6.1.4.1.23925.1.14.1.8.8','cactiApplDeviceLastError','CACTI-MIB','DisplayString','DATA','Column Data','read-only','',''),('.1.3.6.1.4.1.23925.1.14.1.8.9','cactiApplDeviceLastError','CACTI-MIB','DisplayString','DATA','Column Data','read-only','',''),('.1.3.6.1.4.1.23925.1.15','cactiApplPollerTable','CACTI-MIB','SEQUENCE OF','OBJECT-TYPE','Table','not-accessible','','A table of pollers registered on a Cacti system.<br>The maximum number of entries is implementation dependent.'),('.1.3.6.1.4.1.23925.1.15.1','cactiApplPollerEntry','CACTI-MIB','CactiApplPollerEntry','OBJECT-TYPE','Row','not-accessible','','An entry in the table of registered pollers to a Cacti system. A row<br>in this table cannot be created or deleted by SNMP operations on<br>columns of the table.'),('.1.3.6.1.4.1.23925.1.15.1.1','cactiApplPollerIndex','CACTI-MIB','Unsigned32','OBJECT-TYPE','Column','read-only','','A unique poller identifier. This ID will be created by Cacti itself.'),('.1.3.6.1.4.1.23925.1.15.1.2','cactiApplPollerHostname','CACTI-MIB','DisplayString','OBJECT-TYPE','Column','read-only','','Name of the device where the poller is running on.'),('.1.3.6.1.4.1.23925.1.15.1.3','cactiApplPollerIpAddress','CACTI-MIB','DisplayString','OBJECT-TYPE','Column','read-only','','IP address of the poller\'s host.'),('.1.3.6.1.4.1.23925.1.15.1.4','cactiApplPollerLastUpdate','CACTI-MIB','DisplayString','OBJECT-TYPE','Column','read-only','','Timestamp of last update.'),('.1.3.6.1.4.1.23925.1.16','cactiApplPluginTable','CACTI-MIB','SEQUENCE OF','OBJECT-TYPE','Table','not-accessible','','A table of registered plugins on a Cacti system.<br>The maximum number of entries is implementation dependent.'),('.1.3.6.1.4.1.23925.1.16.1','cactiApplPluginEntry','CACTI-MIB','CactiApplPluginEntry','OBJECT-TYPE','Row','not-accessible','','An entry in the table of all installed Cacti plugins. A row<br>in this table cannot be created or deleted by SNMP operations on<br>columns of the table.'),('.1.3.6.1.4.1.23925.1.16.1.1','cactiApplPluginIndex','CACTI-MIB','Unsigned32','OBJECT-TYPE','Column','read-only','','A unique plugin identifier. This ID will be administrated by Cacti itself.'),('.1.3.6.1.4.1.23925.1.16.1.2','cactiApplPluginType','CACTI-MIB','INTEGER','OBJECT-TYPE','Column','read-only','','Describes whether or not the plugin has been registered as a system plugin.<br>System plugins offer a lot of functions normal Cacti plugins rely on.'),('.1.3.6.1.4.1.23925.1.16.1.3','cactiApplPluginName','CACTI-MIB','DisplayString','OBJECT-TYPE','Column','read-only','','The official name of a plugin given by its author.'),('.1.3.6.1.4.1.23925.1.16.1.4','cactiApplPluginStatus','CACTI-MIB','INTEGER','OBJECT-TYPE','Column','read-only','','The status a plugin can have within Cacti:<br>disabledold(-2)   - plugin (old PIA) is available, but has not been installed<br>activeold(-1)     - plugin (old PIA) is installed and active<br>notinstalled(0)   - plugin (new PIA) is available, but has not been installed<br>active(1)         - plugin (new PIA) is installed and active<br>setupmode(2)      - plugin (new PIA) is installed, but configuration is needed<br>disabled(4)       - plugin (new PIA) is installed, but without function'),('.1.3.6.1.4.1.23925.1.16.1.5','cactiApplPluginVersion','CACTI-MIB','DisplayString','OBJECT-TYPE','Column','read-only','','Version string of the Cacti plugin being installed.'),('.1.3.6.1.4.1.23925.1.2.0','cactiApplVersion','CACTI-MIB','DisplayString','DATA','Scalar','read-only','1.2.4','Returns the version string of Cacti'),('.1.3.6.1.4.1.23925.1.3.0','cactiApplSnmpVersion','CACTI-MIB','TcCactiApplSnmpVersion','DATA','Scalar','read-only','3','Represents the type of SNMP used by Cacti:<br><br>NET-SNMP<br>UCD-SNMP<br>PHP-SNMP'),('.1.3.6.1.4.1.23925.1.4.0','cactiApplRrdtoolVersion','CACTI-MIB','DisplayString','DATA','Scalar','read-only','1.4.0','The version of RRDtool used by Cacti'),('.1.3.6.1.4.1.23925.1.5.0','cactiApplPollerEnabled','CACTI-MIB','TruthValue','DATA','Scalar','read-only','1','If Cacti polling has been enabled this object is set to true(1).'),('.1.3.6.1.4.1.23925.1.6.0','cactiApplPollerType','CACTI-MIB','TcCactiApplPollerType','DATA','Scalar','read-only','1','Describes the polling engine used by Cacti:<br><br>cmd         - php based poller<br>spine       - high performance C-based polling engine'),('.1.3.6.1.4.1.23925.1.7.0','cactiApplPollerInterval','CACTI-MIB','Unsigned32','DATA','Scalar','read-only','300','The polling interval in seconds which determines how often<br>data sources will be checked and updated.'),('.1.3.6.1.4.1.23925.1.8.0','cactiApplPollerMaxProcesses','CACTI-MIB','Unsigned32','DATA','Scalar','read-only','1','Represents the number of maximum poller processes Cacti is allowed to<br>perform in parallel.'),('.1.3.6.1.4.1.23925.1.9.0','cactiApplPollerLoadBalance','CACTI-MIB','TruthValue','DATA','Scalar','read-only','1','If true Cacti attempt to balance the load of each poller process.'),('.1.3.6.1.4.1.23925.2','cactiStats','CACTI-MIB','','OBJECT-IDENTITY','Node','not-accessible','','reserved for cacti statistics'),('.1.3.6.1.4.1.23925.2.1.0','cactiStatsLastUpdate','CACTI-MIB','Unsigned32','DATA','Scalar','read-only','1556824543','Unix timestamp when this data has been updated for the last time.'),('.1.3.6.1.4.1.23925.2.10','cactiStatsPollerTable','CACTI-MIB','SEQUENCE OF','OBJECT-TYPE','Table','not-accessible','','A table of statistics for all pollers registered on a Cacti system.<br>The maximum number of entries is implementation dependent.<br>This table has a 1:1 relationship to cactiApplPollerTable.'),('.1.3.6.1.4.1.23925.2.10.1','cactiStatsPollerEntry','CACTI-MIB','CactiStatsPollerEntry','OBJECT-TYPE','Row','not-accessible','','An entry in the table of statistics for registered pollers of a Cacti system.<br>A row in this table cannot be created or deleted by SNMP operations on<br>columns of the table.'),('.1.3.6.1.4.1.23925.2.10.1.1','cactiStatsPollerIndex','CACTI-MIB','Unsigned32','OBJECT-TYPE','Column','read-only','','A unique poller identifier. This ID will be created by Cacti itself.'),('.1.3.6.1.4.1.23925.2.10.1.10','cactiStatsPollerRrrdsProcessed','CACTI-MIB','Unsigned32','OBJECT-TYPE','Column','read-only','','Number of RRDs being processed. This object will always return zero<br>if RRD updates will be handled by BOOST.'),('.1.3.6.1.4.1.23925.2.10.1.11','cactiStatsPollerUtilization','CACTI-MIB','DisplayString','OBJECT-TYPE','Column','read-only','','The proportion of the poller interval in percent the poller requires<br>to poll all data sources.'),('.1.3.6.1.4.1.23925.2.10.1.2','cactiStatsPollerHostname','CACTI-MIB','DisplayString','OBJECT-TYPE','Column','read-only','','Name of the device where the poller is running on.'),('.1.3.6.1.4.1.23925.2.10.1.3','cactiStatsPollerRunTime','CACTI-MIB','DisplayString','OBJECT-TYPE','Column','read-only','','Last poller runtime in seconds.'),('.1.3.6.1.4.1.23925.2.10.1.4','cactiStatsPollerMethod','CACTI-MIB','TcCactiApplPollerType','OBJECT-TYPE','Column','read-only','','Describes the polling engine used by Cacti:<br>cmd         - php based poller<br>spine       - high performance C-based polling engine'),('.1.3.6.1.4.1.23925.2.10.1.5','cactiStatsPollerConcurrentProcesses','CACTI-MIB','Unsigned32','OBJECT-TYPE','Column','read-only','','Number of concurrent processes.'),('.1.3.6.1.4.1.23925.2.10.1.6','cactiStatsPollerThreads','CACTI-MIB','Unsigned32','OBJECT-TYPE','Column','read-only','','Number of threads. This object will always return zero if<br>polling method is CMD.'),('.1.3.6.1.4.1.23925.2.10.1.7','cactiStatsPollerHosts','CACTI-MIB','Unsigned32','OBJECT-TYPE','Column','read-only','','Number of polled devices.'),('.1.3.6.1.4.1.23925.2.10.1.8','cactiStatsPollerHostsPerProcess','CACTI-MIB','Unsigned32','OBJECT-TYPE','Column','read-only','','Maximum number of hosts per process.'),('.1.3.6.1.4.1.23925.2.10.1.9','cactiStatsPollerItems','CACTI-MIB','Unsigned32','OBJECT-TYPE','Column','read-only','','Number of items being polled.'),('.1.3.6.1.4.1.23925.2.11.0','cactiStatsTotalsDeviceStatusUnknown','CACTI-MIB','Unsigned32','DATA','Scalar','read-only','0','Total number of devices that have not been polled yet.'),('.1.3.6.1.4.1.23925.2.12.0','cactiStatsTotalsDeviceStatusDown','CACTI-MIB','Unsigned32','DATA','Scalar','read-only','0','Total number of devices being unreachable.'),('.1.3.6.1.4.1.23925.2.13.0','cactiStatsTotalsDeviceStatusRecovering','CACTI-MIB','Unsigned32','DATA','Scalar','read-only','0','Total number of devices recovering.'),('.1.3.6.1.4.1.23925.2.14.0','cactiStatsTotalsDeviceStatusUp','CACTI-MIB','Unsigned32','DATA','Scalar','read-only','15','Total number of devices being reachable.'),('.1.3.6.1.4.1.23925.2.15.0','cactiStatsTotalsDeviceStatusDisabled','CACTI-MIB','Unsigned32','DATA','Scalar','read-only','0','Total number of devices being reachable.'),('.1.3.6.1.4.1.23925.2.2.0','cactiStatsRecacheTime','CACTI-MIB','Unsigned32','DATA','Scalar','read-only','','Returns the recache Time in seconds.'),('.1.3.6.1.4.1.23925.2.3.0','cactiStatsRecachedHosts','CACTI-MIB','Unsigned32','DATA','Scalar','read-only','','The current number of recaching events being discovered.'),('.1.3.6.1.4.1.23925.2.4.0','cactiStatsLocalPollerRuntime','CACTI-MIB','DisplayString','DATA','Scalar','read-only','101.7485','Returns the runtime of the local poller in seconds.'),('.1.3.6.1.4.1.23925.2.5.0','cactiStatsTotalsDevices','CACTI-MIB','Unsigned32','DATA','Scalar','read-only','15','Returns the total number of registered devices.'),('.1.3.6.1.4.1.23925.2.6.0','cactiStatsTotalsDataSources','CACTI-MIB','Unsigned32','DATA','Scalar','read-only','128','Returns the total number of data sources.'),('.1.3.6.1.4.1.23925.2.7.0','cactiStatsTotalsGraphs','CACTI-MIB','Unsigned32','DATA','Scalar','read-only','127','Returns the total number of graphs.'),('.1.3.6.1.4.1.23925.2.8','cactiStatsTotalsDeviceStatusTable','CACTI-MIB','SEQUENCE OF','OBJECT-TYPE','Table','not-accessible','','A table of statistics for all devices registered on a Cacti system<br>in relation to their device status.<br>The maximum number of entries is limited to maximum number of<br>device stati.'),('.1.3.6.1.4.1.23925.2.8.1','cactiStatsTotalsDeviceStatusEntry','CACTI-MIB','CactiStatsTotalsDeviceStatusEntry','OBJECT-TYPE','Row','not-accessible','','A table of statistics for all devices registered on a Cacti system<br>in relation to their device status.<br>A row in this table cannot be created or deleted by SNMP operations on<br>columns of the table.'),('.1.3.6.1.4.1.23925.2.8.1.1','cactiStatsTotalsDeviceStatusIndex','CACTI-MIB','INTEGER','OBJECT-TYPE','Column','read-only','','unknown(0)     - Total number of devices that have not been polled yet<br>down(1)        - Total number of devices being unreachable<br>recovering(2)  - Total number of devices recovering<br>up(3)          - Total number of devices being reachable<br>disabled(4)    - Total number of devices that will not be monitored'),('.1.3.6.1.4.1.23925.2.8.1.1.0','cactiStatsTotalsDeviceStatusIndex','CACTI-MIB','INTEGER','DATA','Column Data','read-only','0',''),('.1.3.6.1.4.1.23925.2.8.1.1.1','cactiStatsTotalsDeviceStatusIndex','CACTI-MIB','INTEGER','DATA','Column Data','read-only','1',''),('.1.3.6.1.4.1.23925.2.8.1.1.2','cactiStatsTotalsDeviceStatusIndex','CACTI-MIB','INTEGER','DATA','Column Data','read-only','2',''),('.1.3.6.1.4.1.23925.2.8.1.1.3','cactiStatsTotalsDeviceStatusIndex','CACTI-MIB','INTEGER','DATA','Column Data','read-only','3',''),('.1.3.6.1.4.1.23925.2.8.1.1.4','cactiStatsTotalsDeviceStatusIndex','CACTI-MIB','INTEGER','DATA','Column Data','read-only','4',''),('.1.3.6.1.4.1.23925.2.8.1.2','cactiStatsTotalsDeviceStatusCounter','CACTI-MIB','Unsigned32','OBJECT-TYPE','Column','read-only','','Returns the total number of registered devices in relation to<br>cactiStatsTotalsDeviceStatusIndex.'),('.1.3.6.1.4.1.23925.2.8.1.2.0','cactiStatsTotalsDeviceStatusCounter','CACTI-MIB','Unsigned32','DATA','Column Data','read-only','0',''),('.1.3.6.1.4.1.23925.2.8.1.2.1','cactiStatsTotalsDeviceStatusCounter','CACTI-MIB','Unsigned32','DATA','Column Data','read-only','0',''),('.1.3.6.1.4.1.23925.2.8.1.2.2','cactiStatsTotalsDeviceStatusCounter','CACTI-MIB','Unsigned32','DATA','Column Data','read-only','0',''),('.1.3.6.1.4.1.23925.2.8.1.2.3','cactiStatsTotalsDeviceStatusCounter','CACTI-MIB','Unsigned32','DATA','Column Data','read-only','15',''),('.1.3.6.1.4.1.23925.2.8.1.2.4','cactiStatsTotalsDeviceStatusCounter','CACTI-MIB','Unsigned32','DATA','Column Data','read-only','0',''),('.1.3.6.1.4.1.23925.2.9','cactiStatsDeviceTable','CACTI-MIB','SEQUENCE OF','OBJECT-TYPE','Table','not-accessible','','A table of statistics for all devices registered on a Cacti system.<br>The maximum number of entries is implementation dependent.<br>This table has a 1:1 relationship to cactiApplDeviceTable.'),('.1.3.6.1.4.1.23925.2.9.1','cactiStatsDeviceEntry','CACTI-MIB','CactiStatsDeviceEntry','OBJECT-TYPE','Row','not-accessible','','An entry in the table of statistics for registered devices of a Cacti system.<br>A row in this table cannot be created or deleted by SNMP operations on<br>columns of the table.'),('.1.3.6.1.4.1.23925.2.9.1.1','cactiStatsDeviceIndex','CACTI-MIB','Unsigned32','OBJECT-TYPE','Column','read-only','','A unique device identifier. This ID will be created by Cacti itself.'),('.1.3.6.1.4.1.23925.2.9.1.1.1','cactiStatsDeviceIndex','CACTI-MIB','Unsigned32','DATA','Column Data','read-only','1',''),('.1.3.6.1.4.1.23925.2.9.1.1.10','cactiStatsDeviceIndex','CACTI-MIB','Unsigned32','DATA','Column Data','read-only','10',''),('.1.3.6.1.4.1.23925.2.9.1.1.11','cactiStatsDeviceIndex','CACTI-MIB','Unsigned32','DATA','Column Data','read-only','11',''),('.1.3.6.1.4.1.23925.2.9.1.1.12','cactiStatsDeviceIndex','CACTI-MIB','Unsigned32','DATA','Column Data','read-only','12',''),('.1.3.6.1.4.1.23925.2.9.1.1.13','cactiStatsDeviceIndex','CACTI-MIB','Unsigned32','DATA','Column Data','read-only','13',''),('.1.3.6.1.4.1.23925.2.9.1.1.14','cactiStatsDeviceIndex','CACTI-MIB','Unsigned32','DATA','Column Data','read-only','14',''),('.1.3.6.1.4.1.23925.2.9.1.1.15','cactiStatsDeviceIndex','CACTI-MIB','Unsigned32','DATA','Column Data','read-only','15',''),('.1.3.6.1.4.1.23925.2.9.1.1.16','cactiStatsDeviceIndex','CACTI-MIB','Unsigned32','DATA','Column Data','read-only','16',''),('.1.3.6.1.4.1.23925.2.9.1.1.3','cactiStatsDeviceIndex','CACTI-MIB','Unsigned32','DATA','Column Data','read-only','3',''),('.1.3.6.1.4.1.23925.2.9.1.1.4','cactiStatsDeviceIndex','CACTI-MIB','Unsigned32','DATA','Column Data','read-only','4',''),('.1.3.6.1.4.1.23925.2.9.1.1.5','cactiStatsDeviceIndex','CACTI-MIB','Unsigned32','DATA','Column Data','read-only','5',''),('.1.3.6.1.4.1.23925.2.9.1.1.6','cactiStatsDeviceIndex','CACTI-MIB','Unsigned32','DATA','Column Data','read-only','6',''),('.1.3.6.1.4.1.23925.2.9.1.1.7','cactiStatsDeviceIndex','CACTI-MIB','Unsigned32','DATA','Column Data','read-only','7',''),('.1.3.6.1.4.1.23925.2.9.1.1.8','cactiStatsDeviceIndex','CACTI-MIB','Unsigned32','DATA','Column Data','read-only','8',''),('.1.3.6.1.4.1.23925.2.9.1.1.9','cactiStatsDeviceIndex','CACTI-MIB','Unsigned32','DATA','Column Data','read-only','9',''),('.1.3.6.1.4.1.23925.2.9.1.2','cactiStatsDeviceHostname','CACTI-MIB','DisplayString','OBJECT-TYPE','Column','read-only','','Fully qualified devicename or IP address.'),('.1.3.6.1.4.1.23925.2.9.1.2.1','cactiStatsDeviceHostname','CACTI-MIB','DisplayString','DATA','Column Data','read-only','localhost',''),('.1.3.6.1.4.1.23925.2.9.1.2.10','cactiStatsDeviceHostname','CACTI-MIB','DisplayString','DATA','Column Data','read-only','c6.wolk.com',''),('.1.3.6.1.4.1.23925.2.9.1.2.11','cactiStatsDeviceHostname','CACTI-MIB','DisplayString','DATA','Column Data','read-only','c7.wolk.com',''),('.1.3.6.1.4.1.23925.2.9.1.2.12','cactiStatsDeviceHostname','CACTI-MIB','DisplayString','DATA','Column Data','read-only','d0.wolk.com',''),('.1.3.6.1.4.1.23925.2.9.1.2.13','cactiStatsDeviceHostname','CACTI-MIB','DisplayString','DATA','Column Data','read-only','d2.wolk.com',''),('.1.3.6.1.4.1.23925.2.9.1.2.14','cactiStatsDeviceHostname','CACTI-MIB','DisplayString','DATA','Column Data','read-only','d4.wolk.com',''),('.1.3.6.1.4.1.23925.2.9.1.2.15','cactiStatsDeviceHostname','CACTI-MIB','DisplayString','DATA','Column Data','read-only','d6.wolk.com',''),('.1.3.6.1.4.1.23925.2.9.1.2.16','cactiStatsDeviceHostname','CACTI-MIB','DisplayString','DATA','Column Data','read-only','d7.wolk.com',''),('.1.3.6.1.4.1.23925.2.9.1.2.3','cactiStatsDeviceHostname','CACTI-MIB','DisplayString','DATA','Column Data','read-only','d1.wolk.com',''),('.1.3.6.1.4.1.23925.2.9.1.2.4','cactiStatsDeviceHostname','CACTI-MIB','DisplayString','DATA','Column Data','read-only','c0.wolk.com',''),('.1.3.6.1.4.1.23925.2.9.1.2.5','cactiStatsDeviceHostname','CACTI-MIB','DisplayString','DATA','Column Data','read-only','c1.wolk.com',''),('.1.3.6.1.4.1.23925.2.9.1.2.6','cactiStatsDeviceHostname','CACTI-MIB','DisplayString','DATA','Column Data','read-only','c2.wolk.com',''),('.1.3.6.1.4.1.23925.2.9.1.2.7','cactiStatsDeviceHostname','CACTI-MIB','DisplayString','DATA','Column Data','read-only','c3.wolk.com',''),('.1.3.6.1.4.1.23925.2.9.1.2.8','cactiStatsDeviceHostname','CACTI-MIB','DisplayString','DATA','Column Data','read-only','c4.wolk.com',''),('.1.3.6.1.4.1.23925.2.9.1.2.9','cactiStatsDeviceHostname','CACTI-MIB','DisplayString','DATA','Column Data','read-only','c5.wolk.com',''),('.1.3.6.1.4.1.23925.2.9.1.3','cactiStatsDeviceMinTime','CACTI-MIB','DisplayString','OBJECT-TYPE','Column','read-only','','Minimum response time in seconds.'),('.1.3.6.1.4.1.23925.2.9.1.3.1','cactiStatsDeviceMinTime','CACTI-MIB','DisplayString','DATA','Column Data','read-only','0.00000',''),('.1.3.6.1.4.1.23925.2.9.1.3.10','cactiStatsDeviceMinTime','CACTI-MIB','DisplayString','DATA','Column Data','read-only','9.99999',''),('.1.3.6.1.4.1.23925.2.9.1.3.11','cactiStatsDeviceMinTime','CACTI-MIB','DisplayString','DATA','Column Data','read-only','9.99999',''),('.1.3.6.1.4.1.23925.2.9.1.3.12','cactiStatsDeviceMinTime','CACTI-MIB','DisplayString','DATA','Column Data','read-only','0.66304',''),('.1.3.6.1.4.1.23925.2.9.1.3.13','cactiStatsDeviceMinTime','CACTI-MIB','DisplayString','DATA','Column Data','read-only','0.66805',''),('.1.3.6.1.4.1.23925.2.9.1.3.14','cactiStatsDeviceMinTime','CACTI-MIB','DisplayString','DATA','Column Data','read-only','0.66590',''),('.1.3.6.1.4.1.23925.2.9.1.3.15','cactiStatsDeviceMinTime','CACTI-MIB','DisplayString','DATA','Column Data','read-only','1.63000',''),('.1.3.6.1.4.1.23925.2.9.1.3.16','cactiStatsDeviceMinTime','CACTI-MIB','DisplayString','DATA','Column Data','read-only','1.76001',''),('.1.3.6.1.4.1.23925.2.9.1.3.3','cactiStatsDeviceMinTime','CACTI-MIB','DisplayString','DATA','Column Data','read-only','1.87588',''),('.1.3.6.1.4.1.23925.2.9.1.3.4','cactiStatsDeviceMinTime','CACTI-MIB','DisplayString','DATA','Column Data','read-only','9.99999',''),('.1.3.6.1.4.1.23925.2.9.1.3.5','cactiStatsDeviceMinTime','CACTI-MIB','DisplayString','DATA','Column Data','read-only','9.99999',''),('.1.3.6.1.4.1.23925.2.9.1.3.6','cactiStatsDeviceMinTime','CACTI-MIB','DisplayString','DATA','Column Data','read-only','9.99999',''),('.1.3.6.1.4.1.23925.2.9.1.3.7','cactiStatsDeviceMinTime','CACTI-MIB','DisplayString','DATA','Column Data','read-only','9.99999',''),('.1.3.6.1.4.1.23925.2.9.1.3.8','cactiStatsDeviceMinTime','CACTI-MIB','DisplayString','DATA','Column Data','read-only','9.99999',''),('.1.3.6.1.4.1.23925.2.9.1.3.9','cactiStatsDeviceMinTime','CACTI-MIB','DisplayString','DATA','Column Data','read-only','9.99999',''),('.1.3.6.1.4.1.23925.2.9.1.4','cactiStatsDeviceMaxTime','CACTI-MIB','DisplayString','OBJECT-TYPE','Column','read-only','','Maximum response time in seconds.'),('.1.3.6.1.4.1.23925.2.9.1.4.1','cactiStatsDeviceMaxTime','CACTI-MIB','DisplayString','DATA','Column Data','read-only','0.00000',''),('.1.3.6.1.4.1.23925.2.9.1.4.10','cactiStatsDeviceMaxTime','CACTI-MIB','DisplayString','DATA','Column Data','read-only','169.15000',''),('.1.3.6.1.4.1.23925.2.9.1.4.11','cactiStatsDeviceMaxTime','CACTI-MIB','DisplayString','DATA','Column Data','read-only','53.05000',''),('.1.3.6.1.4.1.23925.2.9.1.4.12','cactiStatsDeviceMaxTime','CACTI-MIB','DisplayString','DATA','Column Data','read-only','671.95000',''),('.1.3.6.1.4.1.23925.2.9.1.4.13','cactiStatsDeviceMaxTime','CACTI-MIB','DisplayString','DATA','Column Data','read-only','26.90000',''),('.1.3.6.1.4.1.23925.2.9.1.4.14','cactiStatsDeviceMaxTime','CACTI-MIB','DisplayString','DATA','Column Data','read-only','560.71000',''),('.1.3.6.1.4.1.23925.2.9.1.4.15','cactiStatsDeviceMaxTime','CACTI-MIB','DisplayString','DATA','Column Data','read-only','26.03000',''),('.1.3.6.1.4.1.23925.2.9.1.4.16','cactiStatsDeviceMaxTime','CACTI-MIB','DisplayString','DATA','Column Data','read-only','304.00000',''),('.1.3.6.1.4.1.23925.2.9.1.4.3','cactiStatsDeviceMaxTime','CACTI-MIB','DisplayString','DATA','Column Data','read-only','71.07000',''),('.1.3.6.1.4.1.23925.2.9.1.4.4','cactiStatsDeviceMaxTime','CACTI-MIB','DisplayString','DATA','Column Data','read-only','338.11000',''),('.1.3.6.1.4.1.23925.2.9.1.4.5','cactiStatsDeviceMaxTime','CACTI-MIB','DisplayString','DATA','Column Data','read-only','411.62000',''),('.1.3.6.1.4.1.23925.2.9.1.4.6','cactiStatsDeviceMaxTime','CACTI-MIB','DisplayString','DATA','Column Data','read-only','756.39000',''),('.1.3.6.1.4.1.23925.2.9.1.4.7','cactiStatsDeviceMaxTime','CACTI-MIB','DisplayString','DATA','Column Data','read-only','517.91000',''),('.1.3.6.1.4.1.23925.2.9.1.4.8','cactiStatsDeviceMaxTime','CACTI-MIB','DisplayString','DATA','Column Data','read-only','124.35000',''),('.1.3.6.1.4.1.23925.2.9.1.4.9','cactiStatsDeviceMaxTime','CACTI-MIB','DisplayString','DATA','Column Data','read-only','592.01000',''),('.1.3.6.1.4.1.23925.2.9.1.5','cactiStatsDeviceCurTime','CACTI-MIB','DisplayString','OBJECT-TYPE','Column','read-only','','Last response time in seconds.'),('.1.3.6.1.4.1.23925.2.9.1.5.1','cactiStatsDeviceCurTime','CACTI-MIB','DisplayString','DATA','Column Data','read-only','0.00000',''),('.1.3.6.1.4.1.23925.2.9.1.5.10','cactiStatsDeviceCurTime','CACTI-MIB','DisplayString','DATA','Column Data','read-only','153.22000',''),('.1.3.6.1.4.1.23925.2.9.1.5.11','cactiStatsDeviceCurTime','CACTI-MIB','DisplayString','DATA','Column Data','read-only','39.25000',''),('.1.3.6.1.4.1.23925.2.9.1.5.12','cactiStatsDeviceCurTime','CACTI-MIB','DisplayString','DATA','Column Data','read-only','2.97000',''),('.1.3.6.1.4.1.23925.2.9.1.5.13','cactiStatsDeviceCurTime','CACTI-MIB','DisplayString','DATA','Column Data','read-only','2.72000',''),('.1.3.6.1.4.1.23925.2.9.1.5.14','cactiStatsDeviceCurTime','CACTI-MIB','DisplayString','DATA','Column Data','read-only','2.67000',''),('.1.3.6.1.4.1.23925.2.9.1.5.15','cactiStatsDeviceCurTime','CACTI-MIB','DisplayString','DATA','Column Data','read-only','2.98000',''),('.1.3.6.1.4.1.23925.2.9.1.5.16','cactiStatsDeviceCurTime','CACTI-MIB','DisplayString','DATA','Column Data','read-only','19.19000',''),('.1.3.6.1.4.1.23925.2.9.1.5.3','cactiStatsDeviceCurTime','CACTI-MIB','DisplayString','DATA','Column Data','read-only','3.69000',''),('.1.3.6.1.4.1.23925.2.9.1.5.4','cactiStatsDeviceCurTime','CACTI-MIB','DisplayString','DATA','Column Data','read-only','38.02000',''),('.1.3.6.1.4.1.23925.2.9.1.5.5','cactiStatsDeviceCurTime','CACTI-MIB','DisplayString','DATA','Column Data','read-only','37.65000',''),('.1.3.6.1.4.1.23925.2.9.1.5.6','cactiStatsDeviceCurTime','CACTI-MIB','DisplayString','DATA','Column Data','read-only','144.79000',''),('.1.3.6.1.4.1.23925.2.9.1.5.7','cactiStatsDeviceCurTime','CACTI-MIB','DisplayString','DATA','Column Data','read-only','166.68000',''),('.1.3.6.1.4.1.23925.2.9.1.5.8','cactiStatsDeviceCurTime','CACTI-MIB','DisplayString','DATA','Column Data','read-only','105.65000',''),('.1.3.6.1.4.1.23925.2.9.1.5.9','cactiStatsDeviceCurTime','CACTI-MIB','DisplayString','DATA','Column Data','read-only','123.09000',''),('.1.3.6.1.4.1.23925.2.9.1.6','cactiStatsDeviceAvgTime','CACTI-MIB','DisplayString','OBJECT-TYPE','Column','read-only','','Average response time in seconds.'),('.1.3.6.1.4.1.23925.2.9.1.6.1','cactiStatsDeviceAvgTime','CACTI-MIB','DisplayString','DATA','Column Data','read-only','0.00000',''),('.1.3.6.1.4.1.23925.2.9.1.6.10','cactiStatsDeviceAvgTime','CACTI-MIB','DisplayString','DATA','Column Data','read-only','152.11895',''),('.1.3.6.1.4.1.23925.2.9.1.6.11','cactiStatsDeviceAvgTime','CACTI-MIB','DisplayString','DATA','Column Data','read-only','38.01958',''),('.1.3.6.1.4.1.23925.2.9.1.6.12','cactiStatsDeviceAvgTime','CACTI-MIB','DisplayString','DATA','Column Data','read-only','7.31698',''),('.1.3.6.1.4.1.23925.2.9.1.6.13','cactiStatsDeviceAvgTime','CACTI-MIB','DisplayString','DATA','Column Data','read-only','7.61172',''),('.1.3.6.1.4.1.23925.2.9.1.6.14','cactiStatsDeviceAvgTime','CACTI-MIB','DisplayString','DATA','Column Data','read-only','8.66146',''),('.1.3.6.1.4.1.23925.2.9.1.6.15','cactiStatsDeviceAvgTime','CACTI-MIB','DisplayString','DATA','Column Data','read-only','8.01679',''),('.1.3.6.1.4.1.23925.2.9.1.6.16','cactiStatsDeviceAvgTime','CACTI-MIB','DisplayString','DATA','Column Data','read-only','19.81204',''),('.1.3.6.1.4.1.23925.2.9.1.6.3','cactiStatsDeviceAvgTime','CACTI-MIB','DisplayString','DATA','Column Data','read-only','5.97261',''),('.1.3.6.1.4.1.23925.2.9.1.6.4','cactiStatsDeviceAvgTime','CACTI-MIB','DisplayString','DATA','Column Data','read-only','41.36541',''),('.1.3.6.1.4.1.23925.2.9.1.6.5','cactiStatsDeviceAvgTime','CACTI-MIB','DisplayString','DATA','Column Data','read-only','38.23118',''),('.1.3.6.1.4.1.23925.2.9.1.6.6','cactiStatsDeviceAvgTime','CACTI-MIB','DisplayString','DATA','Column Data','read-only','143.89264',''),('.1.3.6.1.4.1.23925.2.9.1.6.7','cactiStatsDeviceAvgTime','CACTI-MIB','DisplayString','DATA','Column Data','read-only','165.13902',''),('.1.3.6.1.4.1.23925.2.9.1.6.8','cactiStatsDeviceAvgTime','CACTI-MIB','DisplayString','DATA','Column Data','read-only','100.98357',''),('.1.3.6.1.4.1.23925.2.9.1.6.9','cactiStatsDeviceAvgTime','CACTI-MIB','DisplayString','DATA','Column Data','read-only','121.09191',''),('.1.3.6.1.4.1.23925.2.9.1.7','cactiStatsDeviceTotalPolls','CACTI-MIB','Unsigned32','OBJECT-TYPE','Column','read-only','','Number of total polls against a monitored device.'),('.1.3.6.1.4.1.23925.2.9.1.7.1','cactiStatsDeviceTotalPolls','CACTI-MIB','Unsigned32','DATA','Column Data','read-only','325',''),('.1.3.6.1.4.1.23925.2.9.1.7.10','cactiStatsDeviceTotalPolls','CACTI-MIB','Unsigned32','DATA','Column Data','read-only','301',''),('.1.3.6.1.4.1.23925.2.9.1.7.11','cactiStatsDeviceTotalPolls','CACTI-MIB','Unsigned32','DATA','Column Data','read-only','300',''),('.1.3.6.1.4.1.23925.2.9.1.7.12','cactiStatsDeviceTotalPolls','CACTI-MIB','Unsigned32','DATA','Column Data','read-only','300',''),('.1.3.6.1.4.1.23925.2.9.1.7.13','cactiStatsDeviceTotalPolls','CACTI-MIB','Unsigned32','DATA','Column Data','read-only','299',''),('.1.3.6.1.4.1.23925.2.9.1.7.14','cactiStatsDeviceTotalPolls','CACTI-MIB','Unsigned32','DATA','Column Data','read-only','299',''),('.1.3.6.1.4.1.23925.2.9.1.7.15','cactiStatsDeviceTotalPolls','CACTI-MIB','Unsigned32','DATA','Column Data','read-only','296',''),('.1.3.6.1.4.1.23925.2.9.1.7.16','cactiStatsDeviceTotalPolls','CACTI-MIB','Unsigned32','DATA','Column Data','read-only','274',''),('.1.3.6.1.4.1.23925.2.9.1.7.3','cactiStatsDeviceTotalPolls','CACTI-MIB','Unsigned32','DATA','Column Data','read-only','356',''),('.1.3.6.1.4.1.23925.2.9.1.7.4','cactiStatsDeviceTotalPolls','CACTI-MIB','Unsigned32','DATA','Column Data','read-only','320',''),('.1.3.6.1.4.1.23925.2.9.1.7.5','cactiStatsDeviceTotalPolls','CACTI-MIB','Unsigned32','DATA','Column Data','read-only','319',''),('.1.3.6.1.4.1.23925.2.9.1.7.6','cactiStatsDeviceTotalPolls','CACTI-MIB','Unsigned32','DATA','Column Data','read-only','314',''),('.1.3.6.1.4.1.23925.2.9.1.7.7','cactiStatsDeviceTotalPolls','CACTI-MIB','Unsigned32','DATA','Column Data','read-only','312',''),('.1.3.6.1.4.1.23925.2.9.1.7.8','cactiStatsDeviceTotalPolls','CACTI-MIB','Unsigned32','DATA','Column Data','read-only','311',''),('.1.3.6.1.4.1.23925.2.9.1.7.9','cactiStatsDeviceTotalPolls','CACTI-MIB','Unsigned32','DATA','Column Data','read-only','309',''),('.1.3.6.1.4.1.23925.2.9.1.8','cactiStatsDeviceFailedPolls','CACTI-MIB','Unsigned32','OBJECT-TYPE','Column','read-only','','Number of failed polls.'),('.1.3.6.1.4.1.23925.2.9.1.8.1','cactiStatsDeviceFailedPolls','CACTI-MIB','Unsigned32','DATA','Column Data','read-only','0',''),('.1.3.6.1.4.1.23925.2.9.1.8.10','cactiStatsDeviceFailedPolls','CACTI-MIB','Unsigned32','DATA','Column Data','read-only','0',''),('.1.3.6.1.4.1.23925.2.9.1.8.11','cactiStatsDeviceFailedPolls','CACTI-MIB','Unsigned32','DATA','Column Data','read-only','7',''),('.1.3.6.1.4.1.23925.2.9.1.8.12','cactiStatsDeviceFailedPolls','CACTI-MIB','Unsigned32','DATA','Column Data','read-only','0',''),('.1.3.6.1.4.1.23925.2.9.1.8.13','cactiStatsDeviceFailedPolls','CACTI-MIB','Unsigned32','DATA','Column Data','read-only','0',''),('.1.3.6.1.4.1.23925.2.9.1.8.14','cactiStatsDeviceFailedPolls','CACTI-MIB','Unsigned32','DATA','Column Data','read-only','0',''),('.1.3.6.1.4.1.23925.2.9.1.8.15','cactiStatsDeviceFailedPolls','CACTI-MIB','Unsigned32','DATA','Column Data','read-only','0',''),('.1.3.6.1.4.1.23925.2.9.1.8.16','cactiStatsDeviceFailedPolls','CACTI-MIB','Unsigned32','DATA','Column Data','read-only','0',''),('.1.3.6.1.4.1.23925.2.9.1.8.3','cactiStatsDeviceFailedPolls','CACTI-MIB','Unsigned32','DATA','Column Data','read-only','0',''),('.1.3.6.1.4.1.23925.2.9.1.8.4','cactiStatsDeviceFailedPolls','CACTI-MIB','Unsigned32','DATA','Column Data','read-only','0',''),('.1.3.6.1.4.1.23925.2.9.1.8.5','cactiStatsDeviceFailedPolls','CACTI-MIB','Unsigned32','DATA','Column Data','read-only','0',''),('.1.3.6.1.4.1.23925.2.9.1.8.6','cactiStatsDeviceFailedPolls','CACTI-MIB','Unsigned32','DATA','Column Data','read-only','1',''),('.1.3.6.1.4.1.23925.2.9.1.8.7','cactiStatsDeviceFailedPolls','CACTI-MIB','Unsigned32','DATA','Column Data','read-only','1',''),('.1.3.6.1.4.1.23925.2.9.1.8.8','cactiStatsDeviceFailedPolls','CACTI-MIB','Unsigned32','DATA','Column Data','read-only','0',''),('.1.3.6.1.4.1.23925.2.9.1.8.9','cactiStatsDeviceFailedPolls','CACTI-MIB','Unsigned32','DATA','Column Data','read-only','0',''),('.1.3.6.1.4.1.23925.2.9.1.9','cactiStatsDeviceAvailability','CACTI-MIB','DisplayString','OBJECT-TYPE','Column','read-only','','Calculated availablity in percent.'),('.1.3.6.1.4.1.23925.2.9.1.9.1','cactiStatsDeviceAvailability','CACTI-MIB','DisplayString','DATA','Column Data','read-only','100.00000',''),('.1.3.6.1.4.1.23925.2.9.1.9.10','cactiStatsDeviceAvailability','CACTI-MIB','DisplayString','DATA','Column Data','read-only','100.00000',''),('.1.3.6.1.4.1.23925.2.9.1.9.11','cactiStatsDeviceAvailability','CACTI-MIB','DisplayString','DATA','Column Data','read-only','97.66667',''),('.1.3.6.1.4.1.23925.2.9.1.9.12','cactiStatsDeviceAvailability','CACTI-MIB','DisplayString','DATA','Column Data','read-only','100.00000',''),('.1.3.6.1.4.1.23925.2.9.1.9.13','cactiStatsDeviceAvailability','CACTI-MIB','DisplayString','DATA','Column Data','read-only','100.00000',''),('.1.3.6.1.4.1.23925.2.9.1.9.14','cactiStatsDeviceAvailability','CACTI-MIB','DisplayString','DATA','Column Data','read-only','100.00000',''),('.1.3.6.1.4.1.23925.2.9.1.9.15','cactiStatsDeviceAvailability','CACTI-MIB','DisplayString','DATA','Column Data','read-only','100.00000',''),('.1.3.6.1.4.1.23925.2.9.1.9.16','cactiStatsDeviceAvailability','CACTI-MIB','DisplayString','DATA','Column Data','read-only','100.00000',''),('.1.3.6.1.4.1.23925.2.9.1.9.3','cactiStatsDeviceAvailability','CACTI-MIB','DisplayString','DATA','Column Data','read-only','100.00000',''),('.1.3.6.1.4.1.23925.2.9.1.9.4','cactiStatsDeviceAvailability','CACTI-MIB','DisplayString','DATA','Column Data','read-only','100.00000',''),('.1.3.6.1.4.1.23925.2.9.1.9.5','cactiStatsDeviceAvailability','CACTI-MIB','DisplayString','DATA','Column Data','read-only','100.00000',''),('.1.3.6.1.4.1.23925.2.9.1.9.6','cactiStatsDeviceAvailability','CACTI-MIB','DisplayString','DATA','Column Data','read-only','99.68153',''),('.1.3.6.1.4.1.23925.2.9.1.9.7','cactiStatsDeviceAvailability','CACTI-MIB','DisplayString','DATA','Column Data','read-only','99.67949',''),('.1.3.6.1.4.1.23925.2.9.1.9.8','cactiStatsDeviceAvailability','CACTI-MIB','DisplayString','DATA','Column Data','read-only','100.00000',''),('.1.3.6.1.4.1.23925.2.9.1.9.9','cactiStatsDeviceAvailability','CACTI-MIB','DisplayString','DATA','Column Data','read-only','100.00000',''),('.1.3.6.1.4.1.23925.3','cactiEvents','CACTI-MIB','','OBJECT-IDENTITY','Node','not-accessible','','reserved for cacti events'),('.1.3.6.1.4.1.23925.3.1','cactiEventAttributes','CACTI-MIB','','OBJECT-IDENTITY','Node','not-accessible','','resevered for event attributes, used as varbind for the SMNP notifications'),('.1.3.6.1.4.1.23925.3.1.1.0','cactiEventDescription','CACTI-MIB','DisplayString','DATA','Scalar','accessible-for-notify','','Contains a customized event description.'),('.1.3.6.1.4.1.23925.3.2','cactiEventNotifications','CACTI-MIB','','OBJECT-IDENTITY','Node','not-accessible','','resevered for event notifications'),('.1.3.6.1.4.1.23925.3.2.1','cactiNotify','CACTI-MIB','','NOTIFICATION-TYPE','Notification','not-accessible','','This SNMP notification will only include varbind cactiEventDescription<br>and can be used as a simple and generic notification by plugins for example.'),('.1.3.6.1.4.1.23925.3.2.2','cactiNotifyDeviceDown','CACTI-MIB','','NOTIFICATION-TYPE','Notification','not-accessible','','This SNMP notification will be send to notification receivers if Cacti has detected<br>that a monitored device went down.'),('.1.3.6.1.4.1.23925.3.2.3','cactiNotifyDeviceRecovering','CACTI-MIB','','NOTIFICATION-TYPE','Notification','not-accessible','','This SNMP notification will be send to notification receivers if Cacti has detected<br>that a monitored device became reachable again.'),('.1.3.6.1.4.1.23925.3.2.4','cactiNotifyPollerRuntimeExceeding','CACTI-MIB','','NOTIFICATION-TYPE','Notification','not-accessible','','This SNMP notification will be send to notification receivers if a Cacti poller<br>has breached its maximum runtime.'),('.1.3.6.1.4.1.23925.3.2.5','cactiNotifyDeviceFailedPoll','CACTI-MIB','','NOTIFICATION-TYPE','Notification','not-accessible','','This SNMP notification will be send to notification receivers if Cacti<br>was unable to poll a device.'),('.1.3.6.1.4.1.23925.4','cactiPlugins','CACTI-MIB','','OBJECT-IDENTITY','Node','not-accessible','','cactiPlugins provides a root object identifier<br>from which mibs produced by plugin developers may be<br>placed. mibs written by other developers will typically<br>be implemented with the object identifiers as defined<br>in the mib.<br>Plugin developers have to take notice of the following<br>requirements:<br><br>|MIB name: CACTI-<plugin_name>-MIB<br>|Module name: <plugin_name><br>|Architecture:<br>Plugin mibs have to reserve the first three<br>sub-trees for:<br>+<br>|-<plugin_name>Appl(1)<br>|-<plugin_name>Stats(2)<br>|-<plugin_name>Events(3)<br>|-<plugin_name>MibGroups(4)<br><br>The plugin name has to be written in lower cases only.<br><br>As reference plugin developers should take a look at<br>the CACTI-THOLD-MIB.'),('.1.3.6.1.4.1.23925.4.2','boost','CACTI-BOOST-MIB','','MODULE-IDENTITY','Node','not-accessible','','Initial version of this MIB module.'),('.1.3.6.1.4.1.23925.4.2.1','boostAppl','CACTI-BOOST-MIB','','OBJECT-IDENTITY','Node','not-accessible','','reserved for Boost application data'),('.1.3.6.1.4.1.23925.4.2.1.1.0','boostApplLastUpdate','CACTI-BOOST-MIB','Unsigned32','DATA','Scalar','read-only','1556749320','Unix timestamp when this data has been updated for the last time.'),('.1.3.6.1.4.1.23925.4.2.1.10.0','boostApplServerEnabled','CACTI-BOOST-MIB','TruthValue','DATA','Scalar','read-only','','If Boost Server will be used for RRDUpdates this object is set<br>to true (1).'),('.1.3.6.1.4.1.23925.4.2.1.11.0','boostApplServerMultiprocess','CACTI-BOOST-MIB','TruthValue','DATA','Scalar','read-only','','This object returns true (1) if Boost Server should  fork a separate<br>update process for each boost request'),('.1.3.6.1.4.1.23925.4.2.1.12.0','boostApplServerHostname','CACTI-BOOST-MIB','DisplayString','DATA','Scalar','read-only','','Returns the Hostname/IP of the boost server.'),('.1.3.6.1.4.1.23925.4.2.1.13.0','boostApplServerListenPort','CACTI-BOOST-MIB','DisplayString','DATA','Scalar','read-only','','Returns the TCP port the boost server will listen on.'),('.1.3.6.1.4.1.23925.4.2.1.14.0','boostApplServerTimeOuts','CACTI-BOOST-MIB','Unsigned32','DATA','Scalar','read-only','','Defines the maximum number of seconds a client should wait on the<br>Boost server before giving up.'),('.1.3.6.1.4.1.23925.4.2.1.15.0','boostApplImageCacheEnabled','CACTI-BOOST-MIB','TruthValue','DATA','Scalar','read-only','2','If image caching has been enabled this object is set to true (1).'),('.1.3.6.1.4.1.23925.4.2.1.16.0','boostApplLoggingEnabled','CACTI-BOOST-MIB','TruthValue','DATA','Scalar','read-only','2','If Boost debug logging is enabled this object will return true (1).'),('.1.3.6.1.4.1.23925.4.2.1.17.0','boostApplStorageDatabaseEngine','CACTI-BOOST-MIB','DisplayString','DATA','Scalar','read-only','','Returns the database engine being used for the boost storage.'),('.1.3.6.1.4.1.23925.4.2.1.18.0','boostApplStorageMaxTableSize','CACTI-BOOST-MIB','Integer32','DATA','Scalar','read-only','','This object contains the maximum size in kbytes a boost memory (1) table<br>is allowed to have. If boostApplStorageDatabaseEngine is set to<br>myisam (2) the table size is unlimited and this object returns -1.'),('.1.3.6.1.4.1.23925.4.2.1.19.0','boostApplStorageMaxRecords','CACTI-BOOST-MIB','Unsigned32','DATA','Scalar','read-only','','This object contains the estimated number of records a boost memory (1)<br>table can store. If boostApplStorageDatabaseEngine is set to<br>myisam (2) the number of maximum records is unlimited and<br>this object returns 0.'),('.1.3.6.1.4.1.23925.4.2.1.2.0','boostApplRrdUpdateEnabled','CACTI-BOOST-MIB','TruthValue','DATA','Scalar','read-only','2','If Boost on demand RRD updating has been enabled this object is set<br>to true(1).'),('.1.3.6.1.4.1.23925.4.2.1.3.0','boostApplRrdUpdateInterval','CACTI-BOOST-MIB','Unsigned32','DATA','Scalar','read-only','60','If Boost has been enabled this interval determines when<br>RRDfiles will be updated automatically.'),('.1.3.6.1.4.1.23925.4.2.1.4.0','boostApplRrdUpdateMaxRecords','CACTI-BOOST-MIB','Unsigned32','DATA','Scalar','read-only','1000000','Represents the maximum size in records of the Boost output table.<br>If the boost output table exceeds this size, in records, an update<br>will take place.'),('.1.3.6.1.4.1.23925.4.2.1.5.0','boostApplRrdUpdateMaxRecordsPerSelect','CACTI-BOOST-MIB','Unsigned32','DATA','Scalar','read-only','50000','Defines the maximum number of data source items that should be<br>retrieved in one single pass.'),('.1.3.6.1.4.1.23925.4.2.1.6.0','boostApplRrdUpdateMaxStringLength','CACTI-BOOST-MIB','Unsigned32','DATA','Scalar','read-only','2000','Defines the maximum argument length Boost must not exceed for update<br>commands to RRDtool. This limit varies by operating system and kernel<br>level.'),('.1.3.6.1.4.1.23925.4.2.1.7.0','boostApplRrdUpdatePollerMemLimit','CACTI-BOOST-MIB','Unsigned32','DATA','Scalar','read-only','1024','Returns the maximum amount of memory for the Cacti Poller and<br>Boost\'s Poller.'),('.1.3.6.1.4.1.23925.4.2.1.8.0','boostApplRrdUpdateMaxRunTime','CACTI-BOOST-MIB','Unsigned32','DATA','Scalar','read-only','1200','Represents the maximum boot poller run time in seconds being allowed.'),('.1.3.6.1.4.1.23925.4.2.1.9.0','boostApplRrdUpdateRedirect','CACTI-BOOST-MIB','TruthValue','DATA','Scalar','read-only','2','If direct population of poller_output_boost table by spine has been<br>enabled this object is set to true(1). This enables direct insert of<br>records into poller output boost.'),('.1.3.6.1.4.1.23925.4.2.2','boostStats','CACTI-BOOST-MIB','','OBJECT-IDENTITY','Node','not-accessible','','reserved for boost statistics'),('.1.3.6.1.4.1.23925.4.2.2.1.0','boostStatsLastUpdate','CACTI-BOOST-MIB','Unsigned32','DATA','Scalar','read-only','','Unix timestamp when this data has been updated for the last time.'),('.1.3.6.1.4.1.23925.4.2.2.10.0','boostStatsTotalsRecords','CACTI-BOOST-MIB','Unsigned32','DATA','Scalar','read-only','','Returns the total number of records being handled by Boost.'),('.1.3.6.1.4.1.23925.4.2.2.11.0','boostStatsTotalsRecordsPending','CACTI-BOOST-MIB','Unsigned32','DATA','Scalar','read-only','','Total number of records marked as pending.'),('.1.3.6.1.4.1.23925.4.2.2.12.0','boostStatsTotalsRecordsArchived','CACTI-BOOST-MIB','Unsigned32','DATA','Scalar','read-only','','Total number of records marked as archived.'),('.1.3.6.1.4.1.23925.4.2.2.13.0','boostStatsStorageTableSize','CACTI-BOOST-MIB','Unsigned32','DATA','Scalar','read-only','','This object contains the current size of the boost memory table<br>in kBytes.'),('.1.3.6.1.4.1.23925.4.2.2.14.0','boostStatsStorageAverageRecordSize','CACTI-BOOST-MIB','Unsigned32','DATA','Scalar','read-only','','Returns the average record size of the boost memory table in bytes.'),('.1.3.6.1.4.1.23925.4.2.2.15.0','boostStatsStorageMaxRecordLength','CACTI-BOOST-MIB','Unsigned32','DATA','Scalar','read-only','','Returns size of longest record within the boost memory table<br>in bytes.'),('.1.3.6.1.4.1.23925.4.2.2.16.0','boostStatsTotalsImagesCacheSize','CACTI-BOOST-MIB','Unsigned32','DATA','Scalar','read-only','','Represents the total number of RRD image files being<br>currently cached by Boost.'),('.1.3.6.1.4.1.23925.4.2.2.17.0','boostStatsTotalsImagesCacheReads','CACTI-BOOST-MIB','Counter64','DATA','Scalar','read-only','','Number of succesful read operations.'),('.1.3.6.1.4.1.23925.4.2.2.18.0','boostStatsTotalsImagesCacheWrites','CACTI-BOOST-MIB','Counter64','DATA','Scalar','read-only','','Indicates the number of uncached read operations.'),('.1.3.6.1.4.1.23925.4.2.2.2.0','boostStatsRrdUpdateProcessStatus','CACTI-BOOST-MIB','INTEGER','DATA','Scalar','read-only','','The status the update process of Boost can have:<br>disabled(0)    - RRD update process has been disabled.<br>neverrun(1)    - RRD update process is enabled but did not run so far<br>complete(2)    - Last RRD update process has been completed<br>running(3)     - RRD update process is still running<br>overrun(4)     - Overrun detected ?     *review*<br>timeout(5)     - Time out detected ?    *review*<br>other(6)       - Undefined state        *review*'),('.1.3.6.1.4.1.23925.4.2.2.3.0','boostStatsRrdUpdateLastRun','CACTI-BOOST-MIB','DisplayString','DATA','Scalar','read-only','','Date of last run'),('.1.3.6.1.4.1.23925.4.2.2.4.0','boostStatsRrdUpdates','CACTI-BOOST-MIB','Unsigned32','DATA','Scalar','read-only','','Number of RRDs being updated.'),('.1.3.6.1.4.1.23925.4.2.2.5.0','boostStatsRrdUpdateDuration','CACTI-BOOST-MIB','DisplayString','DATA','Scalar','read-only','','Represents the duration of the last update process in seconds.'),('.1.3.6.1.4.1.23925.4.2.2.6.0','boostStatsRrdUpdateUtilization','CACTI-BOOST-MIB','DisplayString','DATA','Scalar','read-only','','The proportion of the maximum upate frequency in percent Boost requires<br>to update all rrds.'),('.1.3.6.1.4.1.23925.4.2.2.7.0','boostStatsRrdUpdatePollerPeakMemory','CACTI-BOOST-MIB','Unsigned32','DATA','Scalar','read-only','','Returns the peak of memory in bytes that has been allocated by Boost<br>during the last rrd update process.'),('.1.3.6.1.4.1.23925.4.2.2.8.0','boostStatsRrdUpdateNextRun','CACTI-BOOST-MIB','DisplayString','DATA','Scalar','read-only','','Date of next run'),('.1.3.6.1.4.1.23925.4.2.2.9.0','boostStatsTotalsDataSources','CACTI-BOOST-MIB','Unsigned32','DATA','Scalar','read-only','','Represents the total number of poller items Boost has to take care of.'),('.1.3.6.1.4.1.23925.4.2.3','boostEvents','CACTI-BOOST-MIB','','OBJECT-IDENTITY','Node','not-accessible','','reserved for boost events'),('.1.3.6.1.4.1.23925.4.2.4','boostMibGroups','CACTI-BOOST-MIB','','OBJECT-IDENTITY','Node','not-accessible','','reserved for group definitions'),('.1.3.6.1.4.1.23925.4.4','snmpagent','CACTI-SNMPAGENT-MIB','','MODULE-IDENTITY','Node','not-accessible','','Initial version of this MIB module.'),('.1.3.6.1.4.1.23925.4.4.1','snmpagentAppl','CACTI-SNMPAGENT-MIB','','OBJECT-IDENTITY','Node','not-accessible','','resevered for statistics'),('.1.3.6.1.4.1.23925.4.4.1.1.0','snmpagentApplLastUpdate','CACTI-SNMPAGENT-MIB','Unsigned32','DATA','Scalar','read-only','','Unix timestamp when this data has been updated for the last time.'),('.1.3.6.1.4.1.23925.4.4.2','snmpagentStats','CACTI-SNMPAGENT-MIB','','OBJECT-IDENTITY','Node','not-accessible','','resevered for statistics'),('.1.3.6.1.4.1.23925.4.4.2.1.0','snmpagentStatsLastUpdate','CACTI-SNMPAGENT-MIB','Unsigned32','DATA','Scalar','read-only','','Unix timestamp when this data has been updated for the last time.'),('.1.3.6.1.4.1.23925.4.4.3','snmpagentEvents','CACTI-SNMPAGENT-MIB','','OBJECT-IDENTITY','Node','not-accessible','','resevered for events'),('.1.3.6.1.4.1.23925.4.4.3.1','snmpagentEventAttributes','CACTI-SNMPAGENT-MIB','','OBJECT-IDENTITY','Node','not-accessible','','resevered for event attributes, used as varbind for the SMNP notifications'),('.1.3.6.1.4.1.23925.4.4.3.1.1.0','snmpagentEventDescription','CACTI-SNMPAGENT-MIB','DisplayString','DATA','Scalar','accessible-for-notify','','Contains a customized event description.'),('.1.3.6.1.4.1.23925.4.4.3.2','snmpagentEventNotifications','CACTI-SNMPAGENT-MIB','','OBJECT-IDENTITY','Node','not-accessible','','resevered for event notifications'),('.1.3.6.1.4.1.23925.4.4.3.2.1','snmpagentNotificationTest','CACTI-SNMPAGENT-MIB','','NOTIFICATION-TYPE','Notification','not-accessible','','This SNMP notification will only include varbind snmpagentEventDescription<br>and can be used to verify the configuration of SNMP managers.'),('.1.3.6.1.4.1.23925.4.4.4','snmpagentMibGroups','CACTI-SNMPAGENT-MIB','','OBJECT-IDENTITY','Node','not-accessible','','resevered for group definitions'),('.1.3.6.1.4.1.23925.4.4.4.1','snmpagentEventGroup','CACTI-SNMPAGENT-MIB','','OBJECT-GROUP','Group','not-accessible','','A collection of objects providing the SNMPAgent event<br>attributes.'),('.1.3.6.1.4.1.23925.4.4.4.2','snmpagentNotifyGroup','CACTI-SNMPAGENT-MIB','','NOTIFICATION-GROUP','Group','not-accessible','','The group of notifications SNMPAgent offers.'),('.1.3.6.1.4.1.23925.5','cactiMibGroups','CACTI-MIB','','OBJECT-IDENTITY','Node','not-accessible','','reserved for group definitions'),('.1.3.6.1.4.1.23925.5.1','cactiApplPollerGroup','CACTI-MIB','','OBJECT-GROUP','Group','not-accessible','','A collection of poller settings.'),('.1.3.6.1.4.1.23925.5.2','cactiApplSpineGroup','CACTI-MIB','','OBJECT-GROUP','Group','not-accessible','','A collection of Spine specific parameters.'),('.1.3.6.1.4.1.23925.5.3','cactiStatsTotalsDeviceGroup','CACTI-MIB','','OBJECT-GROUP','Group','not-accessible','','A collection of Spine specific parameters.'),('.1.3.6.1.4.1.23925.5.4','cactiNotifyGroup','CACTI-MIB','','NOTIFICATION-GROUP','Group','not-accessible','','The group of notifications Cacti supports.');
/*!40000 ALTER TABLE `snmpagent_cache` ENABLE KEYS */;
UNLOCK TABLES;

--
-- Table structure for table `snmpagent_cache_notifications`
--

DROP TABLE IF EXISTS `snmpagent_cache_notifications`;
/*!40101 SET @saved_cs_client     = @@character_set_client */;
/*!40101 SET character_set_client = utf8 */;
CREATE TABLE `snmpagent_cache_notifications` (
  `name` varchar(50) COLLATE utf8mb4_unicode_ci NOT NULL,
  `mib` varchar(50) COLLATE utf8mb4_unicode_ci NOT NULL,
  `attribute` varchar(50) COLLATE utf8mb4_unicode_ci NOT NULL,
  `sequence_id` smallint(6) NOT NULL,
  PRIMARY KEY (`name`,`mib`,`attribute`,`sequence_id`),
  KEY `name` (`name`)
) ENGINE=InnoDB DEFAULT CHARSET=utf8mb4 COLLATE=utf8mb4_unicode_ci COMMENT='Notifcations and related attributes';
/*!40101 SET character_set_client = @saved_cs_client */;

--
-- Dumping data for table `snmpagent_cache_notifications`
--

LOCK TABLES `snmpagent_cache_notifications` WRITE;
/*!40000 ALTER TABLE `snmpagent_cache_notifications` DISABLE KEYS */;
INSERT INTO `snmpagent_cache_notifications` VALUES ('cactiNotify','CACTI-MIB','cactiEventDescription',0),('cactiNotifyDeviceDown','CACTI-MIB','cactiApplDeviceDescription',2),('cactiNotifyDeviceDown','CACTI-MIB','cactiApplDeviceHostname',4),('cactiNotifyDeviceDown','CACTI-MIB','cactiApplDeviceIndex',0),('cactiNotifyDeviceDown','CACTI-MIB','cactiApplDeviceLastError',6),('cactiNotifyDeviceFailedPoll','CACTI-MIB','cactiApplDeviceDescription',2),('cactiNotifyDeviceFailedPoll','CACTI-MIB','cactiApplDeviceHostname',4),('cactiNotifyDeviceFailedPoll','CACTI-MIB','cactiApplDeviceIndex',0),('cactiNotifyDeviceFailedPoll','CACTI-MIB','cactiApplDeviceLastError',6),('cactiNotifyDeviceRecovering','CACTI-MIB','cactiApplDeviceDescription',2),('cactiNotifyDeviceRecovering','CACTI-MIB','cactiApplDeviceHostname',4),('cactiNotifyDeviceRecovering','CACTI-MIB','cactiApplDeviceIndex',0),('cactiNotifyDeviceRecovering','CACTI-MIB','cactiApplDeviceLastError',6),('cactiNotifyPollerRuntimeExceeding','CACTI-MIB','cactiApplPollerHostname',2),('cactiNotifyPollerRuntimeExceeding','CACTI-MIB','cactiApplPollerIndex',0),('cactiNotifyPollerRuntimeExceeding','CACTI-MIB','cactiApplPollerIpAddress',4),('snmpagentNotificationTest','CACTI-SNMPAGENT-MIB','snmpagentEventDescription',0);
/*!40000 ALTER TABLE `snmpagent_cache_notifications` ENABLE KEYS */;
UNLOCK TABLES;

--
-- Table structure for table `snmpagent_cache_textual_conventions`
--

DROP TABLE IF EXISTS `snmpagent_cache_textual_conventions`;
/*!40101 SET @saved_cs_client     = @@character_set_client */;
/*!40101 SET character_set_client = utf8 */;
CREATE TABLE `snmpagent_cache_textual_conventions` (
  `name` varchar(50) COLLATE utf8mb4_unicode_ci NOT NULL,
  `mib` varchar(50) COLLATE utf8mb4_unicode_ci NOT NULL,
  `type` varchar(50) COLLATE utf8mb4_unicode_ci NOT NULL DEFAULT '',
  `description` varchar(5000) COLLATE utf8mb4_unicode_ci NOT NULL DEFAULT '',
  PRIMARY KEY (`name`,`mib`,`type`),
  KEY `name` (`name`),
  KEY `mib` (`mib`)
) ENGINE=InnoDB DEFAULT CHARSET=utf8mb4 COLLATE=utf8mb4_unicode_ci COMMENT='Textual conventions';
/*!40101 SET character_set_client = @saved_cs_client */;

--
-- Dumping data for table `snmpagent_cache_textual_conventions`
--

LOCK TABLES `snmpagent_cache_textual_conventions` WRITE;
/*!40000 ALTER TABLE `snmpagent_cache_textual_conventions` DISABLE KEYS */;
INSERT INTO `snmpagent_cache_textual_conventions` VALUES ('TcCactiApplPollerType','CACTI-MIB','INTEGER','Poller types:<br />\r\n<br />\r\ncmd         - php based poller<br />\r\nspine       - high performance C-based polling engine<br />\r\n'),('TcCactiApplSnmpVersion','CACTI-MIB','INTEGER','The type of SNMP being used:<br />\r\n<br />\r\nNET-SNMP<br />\r\nUCD-SNMP<br />\r\nPHP-SNMP<br />\r\n');
/*!40000 ALTER TABLE `snmpagent_cache_textual_conventions` ENABLE KEYS */;
UNLOCK TABLES;

--
-- Table structure for table `snmpagent_managers`
--

DROP TABLE IF EXISTS `snmpagent_managers`;
/*!40101 SET @saved_cs_client     = @@character_set_client */;
/*!40101 SET character_set_client = utf8 */;
CREATE TABLE `snmpagent_managers` (
  `id` int(8) NOT NULL AUTO_INCREMENT,
  `hostname` varchar(100) COLLATE utf8mb4_unicode_ci NOT NULL,
  `description` varchar(255) COLLATE utf8mb4_unicode_ci NOT NULL,
  `disabled` char(2) COLLATE utf8mb4_unicode_ci DEFAULT NULL,
  `max_log_size` tinyint(1) NOT NULL,
  `snmp_version` tinyint(1) unsigned NOT NULL DEFAULT '1',
  `snmp_community` varchar(100) COLLATE utf8mb4_unicode_ci NOT NULL DEFAULT '',
  `snmp_username` varchar(50) COLLATE utf8mb4_unicode_ci NOT NULL,
  `snmp_password` varchar(50) COLLATE utf8mb4_unicode_ci NOT NULL,
  `snmp_auth_protocol` char(6) COLLATE utf8mb4_unicode_ci NOT NULL,
  `snmp_priv_passphrase` varchar(200) COLLATE utf8mb4_unicode_ci NOT NULL,
  `snmp_priv_protocol` char(6) COLLATE utf8mb4_unicode_ci NOT NULL,
  `snmp_engine_id` varchar(64) COLLATE utf8mb4_unicode_ci DEFAULT NULL,
  `snmp_port` mediumint(5) unsigned NOT NULL DEFAULT '161',
  `snmp_message_type` tinyint(1) NOT NULL,
  `notes` mediumtext COLLATE utf8mb4_unicode_ci,
  PRIMARY KEY (`id`),
  KEY `hostname` (`hostname`)
) ENGINE=InnoDB DEFAULT CHARSET=utf8mb4 COLLATE=utf8mb4_unicode_ci COMMENT='snmp notification receivers';
/*!40101 SET character_set_client = @saved_cs_client */;

--
-- Dumping data for table `snmpagent_managers`
--

LOCK TABLES `snmpagent_managers` WRITE;
/*!40000 ALTER TABLE `snmpagent_managers` DISABLE KEYS */;
/*!40000 ALTER TABLE `snmpagent_managers` ENABLE KEYS */;
UNLOCK TABLES;

--
-- Table structure for table `snmpagent_managers_notifications`
--

DROP TABLE IF EXISTS `snmpagent_managers_notifications`;
/*!40101 SET @saved_cs_client     = @@character_set_client */;
/*!40101 SET character_set_client = utf8 */;
CREATE TABLE `snmpagent_managers_notifications` (
  `manager_id` int(8) NOT NULL,
  `notification` varchar(50) COLLATE utf8mb4_unicode_ci NOT NULL,
  `mib` varchar(50) COLLATE utf8mb4_unicode_ci NOT NULL,
  PRIMARY KEY (`manager_id`,`notification`,`mib`),
  KEY `mib` (`mib`),
  KEY `manager_id_notification` (`manager_id`,`notification`)
) ENGINE=InnoDB DEFAULT CHARSET=utf8mb4 COLLATE=utf8mb4_unicode_ci COMMENT='snmp notifications to receivers';
/*!40101 SET character_set_client = @saved_cs_client */;

--
-- Dumping data for table `snmpagent_managers_notifications`
--

LOCK TABLES `snmpagent_managers_notifications` WRITE;
/*!40000 ALTER TABLE `snmpagent_managers_notifications` DISABLE KEYS */;
/*!40000 ALTER TABLE `snmpagent_managers_notifications` ENABLE KEYS */;
UNLOCK TABLES;

--
-- Table structure for table `snmpagent_mibs`
--

DROP TABLE IF EXISTS `snmpagent_mibs`;
/*!40101 SET @saved_cs_client     = @@character_set_client */;
/*!40101 SET character_set_client = utf8 */;
CREATE TABLE `snmpagent_mibs` (
  `id` int(8) NOT NULL AUTO_INCREMENT,
  `name` varchar(50) COLLATE utf8mb4_unicode_ci NOT NULL DEFAULT '',
  `file` varchar(255) COLLATE utf8mb4_unicode_ci NOT NULL DEFAULT '',
  PRIMARY KEY (`id`)
) ENGINE=InnoDB AUTO_INCREMENT=4 DEFAULT CHARSET=utf8mb4 COLLATE=utf8mb4_unicode_ci COMMENT='Registered MIB files';
/*!40101 SET character_set_client = @saved_cs_client */;

--
-- Dumping data for table `snmpagent_mibs`
--

LOCK TABLES `snmpagent_mibs` WRITE;
/*!40000 ALTER TABLE `snmpagent_mibs` DISABLE KEYS */;
INSERT INTO `snmpagent_mibs` VALUES (1,'CACTI-MIB','/var/www/vhosts/cacti/mibs/CACTI-MIB'),(2,'CACTI-SNMPAGENT-MIB','/var/www/vhosts/cacti/mibs/CACTI-SNMPAGENT-MIB'),(3,'CACTI-BOOST-MIB','/var/www/vhosts/cacti/mibs/CACTI-BOOST-MIB');
/*!40000 ALTER TABLE `snmpagent_mibs` ENABLE KEYS */;
UNLOCK TABLES;

--
-- Table structure for table `snmpagent_notifications_log`
--

DROP TABLE IF EXISTS `snmpagent_notifications_log`;
/*!40101 SET @saved_cs_client     = @@character_set_client */;
/*!40101 SET character_set_client = utf8 */;
CREATE TABLE `snmpagent_notifications_log` (
  `id` int(12) NOT NULL AUTO_INCREMENT,
  `time` int(24) NOT NULL,
  `severity` tinyint(1) NOT NULL,
  `manager_id` int(8) NOT NULL,
  `notification` varchar(190) COLLATE utf8mb4_unicode_ci NOT NULL,
  `mib` varchar(50) COLLATE utf8mb4_unicode_ci NOT NULL,
  `varbinds` varchar(5000) COLLATE utf8mb4_unicode_ci NOT NULL,
  PRIMARY KEY (`id`),
  KEY `time` (`time`),
  KEY `severity` (`severity`),
  KEY `manager_id_notification` (`manager_id`,`notification`)
) ENGINE=InnoDB DEFAULT CHARSET=utf8mb4 COLLATE=utf8mb4_unicode_ci COMMENT='logs snmp notifications to receivers';
/*!40101 SET character_set_client = @saved_cs_client */;

--
-- Dumping data for table `snmpagent_notifications_log`
--

LOCK TABLES `snmpagent_notifications_log` WRITE;
/*!40000 ALTER TABLE `snmpagent_notifications_log` DISABLE KEYS */;
/*!40000 ALTER TABLE `snmpagent_notifications_log` ENABLE KEYS */;
UNLOCK TABLES;

--
-- Table structure for table `user_auth`
--

DROP TABLE IF EXISTS `user_auth`;
/*!40101 SET @saved_cs_client     = @@character_set_client */;
/*!40101 SET character_set_client = utf8 */;
CREATE TABLE `user_auth` (
  `id` mediumint(8) unsigned NOT NULL AUTO_INCREMENT,
  `username` varchar(50) COLLATE utf8mb4_unicode_ci NOT NULL DEFAULT '0',
  `password` varchar(256) COLLATE utf8mb4_unicode_ci NOT NULL DEFAULT '',
  `realm` mediumint(8) NOT NULL DEFAULT '0',
  `full_name` varchar(100) COLLATE utf8mb4_unicode_ci DEFAULT '0',
  `email_address` varchar(128) COLLATE utf8mb4_unicode_ci DEFAULT NULL,
  `must_change_password` char(2) COLLATE utf8mb4_unicode_ci DEFAULT NULL,
  `password_change` char(2) COLLATE utf8mb4_unicode_ci DEFAULT 'on',
  `show_tree` char(2) COLLATE utf8mb4_unicode_ci DEFAULT 'on',
  `show_list` char(2) COLLATE utf8mb4_unicode_ci DEFAULT 'on',
  `show_preview` char(2) COLLATE utf8mb4_unicode_ci NOT NULL DEFAULT 'on',
  `graph_settings` char(2) COLLATE utf8mb4_unicode_ci DEFAULT NULL,
  `login_opts` tinyint(1) NOT NULL DEFAULT '1',
  `policy_graphs` tinyint(1) unsigned NOT NULL DEFAULT '1',
  `policy_trees` tinyint(1) unsigned NOT NULL DEFAULT '1',
  `policy_hosts` tinyint(1) unsigned NOT NULL DEFAULT '1',
  `policy_graph_templates` tinyint(1) unsigned NOT NULL DEFAULT '1',
  `enabled` char(2) COLLATE utf8mb4_unicode_ci NOT NULL DEFAULT 'on',
  `lastchange` int(12) NOT NULL DEFAULT '-1',
  `lastlogin` int(12) NOT NULL DEFAULT '-1',
  `password_history` varchar(4096) COLLATE utf8mb4_unicode_ci NOT NULL DEFAULT '-1',
  `locked` varchar(3) COLLATE utf8mb4_unicode_ci NOT NULL DEFAULT '',
  `failed_attempts` int(5) NOT NULL DEFAULT '0',
  `lastfail` int(12) NOT NULL DEFAULT '0',
  `reset_perms` int(12) unsigned NOT NULL DEFAULT '0',
  PRIMARY KEY (`id`),
  KEY `username` (`username`),
  KEY `realm` (`realm`),
  KEY `enabled` (`enabled`)
) ENGINE=InnoDB AUTO_INCREMENT=4 DEFAULT CHARSET=utf8mb4 COLLATE=utf8mb4_unicode_ci;
/*!40101 SET character_set_client = @saved_cs_client */;

--
-- Dumping data for table `user_auth`
--

LOCK TABLES `user_auth` WRITE;
/*!40000 ALTER TABLE `user_auth` DISABLE KEYS */;
INSERT INTO `user_auth` VALUES (1,'admin','$2y$10$YXgvzqq03vy7WgQgMGtbxOej0.2UC5V6Avi0nyHSxIn6BpxDmf7yy',0,'Administrator','','','on','on','on','on','on',2,1,1,1,1,'on',-1,-1,'-1','',0,0,0),(3,'guest','43e9a4ab75570f5b',0,'Guest Account','','on','on','on','on','on','3',1,1,1,1,1,'',-1,-1,'-1','',0,0,0);
/*!40000 ALTER TABLE `user_auth` ENABLE KEYS */;
UNLOCK TABLES;

--
-- Table structure for table `user_auth_cache`
--

DROP TABLE IF EXISTS `user_auth_cache`;
/*!40101 SET @saved_cs_client     = @@character_set_client */;
/*!40101 SET character_set_client = utf8 */;
CREATE TABLE `user_auth_cache` (
  `id` int(10) unsigned NOT NULL AUTO_INCREMENT,
  `user_id` int(10) unsigned NOT NULL DEFAULT '0',
  `hostname` varchar(100) COLLATE utf8mb4_unicode_ci NOT NULL DEFAULT '',
  `last_update` timestamp NOT NULL DEFAULT CURRENT_TIMESTAMP,
  `token` varchar(191) COLLATE utf8mb4_unicode_ci NOT NULL DEFAULT '',
  PRIMARY KEY (`id`),
  UNIQUE KEY `tokenkey` (`token`),
  KEY `hostname` (`hostname`),
  KEY `user_id` (`user_id`),
  KEY `last_update` (`last_update`)
) ENGINE=InnoDB AUTO_INCREMENT=6 DEFAULT CHARSET=utf8mb4 COLLATE=utf8mb4_unicode_ci COMMENT='Caches Remember Me Details';
/*!40101 SET character_set_client = @saved_cs_client */;

--
-- Dumping data for table `user_auth_cache`
--

LOCK TABLES `user_auth_cache` WRITE;
/*!40000 ALTER TABLE `user_auth_cache` DISABLE KEYS */;
INSERT INTO `user_auth_cache` VALUES (1,1,'67.180.100.64','2019-04-25 07:32:19','72de1322f185fbd38890ffbdd5e1cc0308771cd215af55120144eceb6c59f226a5958085177be0361529a6ed82f5ef4d3cd2a0396733bfc08421ae7b8f7c0dd6'),(3,1,'12.20.98.42','2019-05-01 00:40:52','e97c5bebd1b8308102e3df43f84f32249f0d472cfcab3f7ee6bb552aaeabcea02fd8027c1989df5d74829720a1a5fa32504780c0d408877e9c3ddfab0fa1c92a'),(5,1,'12.20.98.42','2019-05-01 18:27:43','3273f640ee2412d45bf73c3bc34dfcb270052f0decbf0d2091a85ced06980eaa718917fdfbd4b0d582ac50b8fb00d2bc6715353f8a3e82f5915112d4c1a625ad');
/*!40000 ALTER TABLE `user_auth_cache` ENABLE KEYS */;
UNLOCK TABLES;

--
-- Table structure for table `user_auth_group`
--

DROP TABLE IF EXISTS `user_auth_group`;
/*!40101 SET @saved_cs_client     = @@character_set_client */;
/*!40101 SET character_set_client = utf8 */;
CREATE TABLE `user_auth_group` (
  `id` int(10) unsigned NOT NULL AUTO_INCREMENT,
  `name` varchar(20) COLLATE utf8mb4_unicode_ci NOT NULL,
  `description` varchar(255) COLLATE utf8mb4_unicode_ci NOT NULL DEFAULT '',
  `graph_settings` varchar(2) COLLATE utf8mb4_unicode_ci DEFAULT NULL,
  `login_opts` tinyint(1) NOT NULL DEFAULT '1',
  `show_tree` varchar(2) COLLATE utf8mb4_unicode_ci DEFAULT 'on',
  `show_list` varchar(2) COLLATE utf8mb4_unicode_ci DEFAULT 'on',
  `show_preview` varchar(2) COLLATE utf8mb4_unicode_ci NOT NULL DEFAULT 'on',
  `policy_graphs` tinyint(1) unsigned NOT NULL DEFAULT '1',
  `policy_trees` tinyint(1) unsigned NOT NULL DEFAULT '1',
  `policy_hosts` tinyint(1) unsigned NOT NULL DEFAULT '1',
  `policy_graph_templates` tinyint(1) unsigned NOT NULL DEFAULT '1',
  `enabled` char(2) COLLATE utf8mb4_unicode_ci NOT NULL DEFAULT 'on',
  PRIMARY KEY (`id`)
) ENGINE=InnoDB DEFAULT CHARSET=utf8mb4 COLLATE=utf8mb4_unicode_ci COMMENT='Table that Contains User Groups';
/*!40101 SET character_set_client = @saved_cs_client */;

--
-- Dumping data for table `user_auth_group`
--

LOCK TABLES `user_auth_group` WRITE;
/*!40000 ALTER TABLE `user_auth_group` DISABLE KEYS */;
/*!40000 ALTER TABLE `user_auth_group` ENABLE KEYS */;
UNLOCK TABLES;

--
-- Table structure for table `user_auth_group_members`
--

DROP TABLE IF EXISTS `user_auth_group_members`;
/*!40101 SET @saved_cs_client     = @@character_set_client */;
/*!40101 SET character_set_client = utf8 */;
CREATE TABLE `user_auth_group_members` (
  `group_id` int(10) unsigned NOT NULL,
  `user_id` int(10) unsigned NOT NULL,
  PRIMARY KEY (`group_id`,`user_id`),
  KEY `realm_id` (`user_id`)
) ENGINE=InnoDB DEFAULT CHARSET=utf8mb4 COLLATE=utf8mb4_unicode_ci COMMENT='Table that Contains User Group Members';
/*!40101 SET character_set_client = @saved_cs_client */;

--
-- Dumping data for table `user_auth_group_members`
--

LOCK TABLES `user_auth_group_members` WRITE;
/*!40000 ALTER TABLE `user_auth_group_members` DISABLE KEYS */;
/*!40000 ALTER TABLE `user_auth_group_members` ENABLE KEYS */;
UNLOCK TABLES;

--
-- Table structure for table `user_auth_group_perms`
--

DROP TABLE IF EXISTS `user_auth_group_perms`;
/*!40101 SET @saved_cs_client     = @@character_set_client */;
/*!40101 SET character_set_client = utf8 */;
CREATE TABLE `user_auth_group_perms` (
  `group_id` mediumint(8) unsigned NOT NULL DEFAULT '0',
  `item_id` mediumint(8) unsigned NOT NULL DEFAULT '0',
  `type` tinyint(2) unsigned NOT NULL DEFAULT '0',
  PRIMARY KEY (`group_id`,`item_id`,`type`),
  KEY `group_id` (`group_id`,`type`)
) ENGINE=InnoDB DEFAULT CHARSET=utf8mb4 COLLATE=utf8mb4_unicode_ci COMMENT='Table that Contains User Group Permissions';
/*!40101 SET character_set_client = @saved_cs_client */;

--
-- Dumping data for table `user_auth_group_perms`
--

LOCK TABLES `user_auth_group_perms` WRITE;
/*!40000 ALTER TABLE `user_auth_group_perms` DISABLE KEYS */;
/*!40000 ALTER TABLE `user_auth_group_perms` ENABLE KEYS */;
UNLOCK TABLES;

--
-- Table structure for table `user_auth_group_realm`
--

DROP TABLE IF EXISTS `user_auth_group_realm`;
/*!40101 SET @saved_cs_client     = @@character_set_client */;
/*!40101 SET character_set_client = utf8 */;
CREATE TABLE `user_auth_group_realm` (
  `group_id` int(10) unsigned NOT NULL,
  `realm_id` int(10) unsigned NOT NULL,
  PRIMARY KEY (`group_id`,`realm_id`),
  KEY `realm_id` (`realm_id`)
) ENGINE=InnoDB DEFAULT CHARSET=utf8mb4 COLLATE=utf8mb4_unicode_ci COMMENT='Table that Contains User Group Realm Permissions';
/*!40101 SET character_set_client = @saved_cs_client */;

--
-- Dumping data for table `user_auth_group_realm`
--

LOCK TABLES `user_auth_group_realm` WRITE;
/*!40000 ALTER TABLE `user_auth_group_realm` DISABLE KEYS */;
/*!40000 ALTER TABLE `user_auth_group_realm` ENABLE KEYS */;
UNLOCK TABLES;

--
-- Table structure for table `user_auth_perms`
--

DROP TABLE IF EXISTS `user_auth_perms`;
/*!40101 SET @saved_cs_client     = @@character_set_client */;
/*!40101 SET character_set_client = utf8 */;
CREATE TABLE `user_auth_perms` (
  `user_id` mediumint(8) unsigned NOT NULL DEFAULT '0',
  `item_id` mediumint(8) unsigned NOT NULL DEFAULT '0',
  `type` tinyint(2) unsigned NOT NULL DEFAULT '0',
  PRIMARY KEY (`user_id`,`item_id`,`type`),
  KEY `user_id` (`user_id`,`type`)
) ENGINE=InnoDB DEFAULT CHARSET=utf8mb4 COLLATE=utf8mb4_unicode_ci;
/*!40101 SET character_set_client = @saved_cs_client */;

--
-- Dumping data for table `user_auth_perms`
--

LOCK TABLES `user_auth_perms` WRITE;
/*!40000 ALTER TABLE `user_auth_perms` DISABLE KEYS */;
/*!40000 ALTER TABLE `user_auth_perms` ENABLE KEYS */;
UNLOCK TABLES;

--
-- Table structure for table `user_auth_realm`
--

DROP TABLE IF EXISTS `user_auth_realm`;
/*!40101 SET @saved_cs_client     = @@character_set_client */;
/*!40101 SET character_set_client = utf8 */;
CREATE TABLE `user_auth_realm` (
  `realm_id` mediumint(8) unsigned NOT NULL DEFAULT '0',
  `user_id` mediumint(8) unsigned NOT NULL DEFAULT '0',
  PRIMARY KEY (`realm_id`,`user_id`),
  KEY `user_id` (`user_id`)
) ENGINE=InnoDB DEFAULT CHARSET=utf8mb4 COLLATE=utf8mb4_unicode_ci;
/*!40101 SET character_set_client = @saved_cs_client */;

--
-- Dumping data for table `user_auth_realm`
--

LOCK TABLES `user_auth_realm` WRITE;
/*!40000 ALTER TABLE `user_auth_realm` DISABLE KEYS */;
INSERT INTO `user_auth_realm` VALUES (1,1),(2,1),(3,1),(4,1),(5,1),(7,1),(8,1),(9,1),(10,1),(11,1),(12,1),(13,1),(14,1),(15,1),(16,1),(17,1),(18,1),(19,1),(20,1),(21,1),(22,1),(23,1),(24,1),(25,1),(26,1),(101,1),(1043,1),(7,3);
/*!40000 ALTER TABLE `user_auth_realm` ENABLE KEYS */;
UNLOCK TABLES;

--
-- Table structure for table `user_domains`
--

DROP TABLE IF EXISTS `user_domains`;
/*!40101 SET @saved_cs_client     = @@character_set_client */;
/*!40101 SET character_set_client = utf8 */;
CREATE TABLE `user_domains` (
  `domain_id` int(10) unsigned NOT NULL AUTO_INCREMENT,
  `domain_name` varchar(20) COLLATE utf8mb4_unicode_ci NOT NULL,
  `type` int(10) unsigned NOT NULL DEFAULT '0',
  `enabled` char(2) COLLATE utf8mb4_unicode_ci NOT NULL DEFAULT 'on',
  `defdomain` tinyint(3) NOT NULL DEFAULT '0',
  `user_id` int(10) unsigned NOT NULL DEFAULT '0',
  PRIMARY KEY (`domain_id`)
) ENGINE=InnoDB DEFAULT CHARSET=utf8mb4 COLLATE=utf8mb4_unicode_ci COMMENT='Table to Hold Login Domains';
/*!40101 SET character_set_client = @saved_cs_client */;

--
-- Dumping data for table `user_domains`
--

LOCK TABLES `user_domains` WRITE;
/*!40000 ALTER TABLE `user_domains` DISABLE KEYS */;
/*!40000 ALTER TABLE `user_domains` ENABLE KEYS */;
UNLOCK TABLES;

--
-- Table structure for table `user_domains_ldap`
--

DROP TABLE IF EXISTS `user_domains_ldap`;
/*!40101 SET @saved_cs_client     = @@character_set_client */;
/*!40101 SET character_set_client = utf8 */;
CREATE TABLE `user_domains_ldap` (
  `domain_id` int(10) unsigned NOT NULL,
  `server` varchar(128) COLLATE utf8mb4_unicode_ci NOT NULL,
  `port` int(10) unsigned NOT NULL,
  `port_ssl` int(10) unsigned NOT NULL,
  `proto_version` tinyint(3) unsigned NOT NULL,
  `encryption` tinyint(3) unsigned NOT NULL,
  `referrals` tinyint(3) unsigned NOT NULL,
  `mode` tinyint(3) unsigned NOT NULL,
  `dn` varchar(128) COLLATE utf8mb4_unicode_ci NOT NULL,
  `group_require` char(2) COLLATE utf8mb4_unicode_ci NOT NULL,
  `group_dn` varchar(128) COLLATE utf8mb4_unicode_ci NOT NULL,
  `group_attrib` varchar(128) COLLATE utf8mb4_unicode_ci NOT NULL,
  `group_member_type` tinyint(3) unsigned NOT NULL,
  `search_base` varchar(128) COLLATE utf8mb4_unicode_ci NOT NULL,
  `search_filter` varchar(128) COLLATE utf8mb4_unicode_ci NOT NULL,
  `specific_dn` varchar(128) COLLATE utf8mb4_unicode_ci NOT NULL,
  `specific_password` varchar(128) COLLATE utf8mb4_unicode_ci NOT NULL,
  `cn_full_name` varchar(50) COLLATE utf8mb4_unicode_ci DEFAULT '',
  `cn_email` varchar(50) COLLATE utf8mb4_unicode_ci DEFAULT '',
  PRIMARY KEY (`domain_id`)
) ENGINE=InnoDB DEFAULT CHARSET=utf8mb4 COLLATE=utf8mb4_unicode_ci COMMENT='Table to Hold Login Domains for LDAP';
/*!40101 SET character_set_client = @saved_cs_client */;

--
-- Dumping data for table `user_domains_ldap`
--

LOCK TABLES `user_domains_ldap` WRITE;
/*!40000 ALTER TABLE `user_domains_ldap` DISABLE KEYS */;
/*!40000 ALTER TABLE `user_domains_ldap` ENABLE KEYS */;
UNLOCK TABLES;

--
-- Table structure for table `user_log`
--

DROP TABLE IF EXISTS `user_log`;
/*!40101 SET @saved_cs_client     = @@character_set_client */;
/*!40101 SET character_set_client = utf8 */;
CREATE TABLE `user_log` (
  `username` varchar(50) COLLATE utf8mb4_unicode_ci NOT NULL DEFAULT '0',
  `user_id` mediumint(8) NOT NULL DEFAULT '0',
  `time` timestamp NOT NULL DEFAULT '0000-00-00 00:00:00',
  `result` tinyint(1) NOT NULL DEFAULT '0',
  `ip` varchar(40) COLLATE utf8mb4_unicode_ci NOT NULL DEFAULT '',
  PRIMARY KEY (`username`,`user_id`,`time`),
  KEY `user_id` (`user_id`)
) ENGINE=InnoDB DEFAULT CHARSET=utf8mb4 COLLATE=utf8mb4_unicode_ci;
/*!40101 SET character_set_client = @saved_cs_client */;

--
-- Dumping data for table `user_log`
--

LOCK TABLES `user_log` WRITE;
/*!40000 ALTER TABLE `user_log` DISABLE KEYS */;
INSERT INTO `user_log` VALUES ('admin',0,'2019-04-25 07:26:28',3,'67.180.100.64'),('admin',0,'2019-04-25 18:55:38',0,'12.20.98.42'),('admin',0,'2019-05-02 00:48:09',0,'12.20.98.42'),('admin',1,'2019-04-25 07:26:12',1,'67.180.100.64'),('admin',1,'2019-04-25 07:32:19',1,'67.180.100.64'),('admin',1,'2019-04-25 07:35:35',1,'157.119.105.96'),('admin',1,'2019-04-25 18:55:44',1,'12.20.98.42'),('admin',1,'2019-04-30 03:20:55',1,'103.215.52.58'),('admin',1,'2019-05-01 00:40:52',2,'12.20.98.42'),('admin',1,'2019-05-01 17:28:07',1,'12.20.98.42'),('admin',1,'2019-05-01 18:27:43',1,'12.20.98.42'),('admin',1,'2019-05-02 00:48:20',1,'12.20.98.42'),('admin',1,'2019-05-02 01:46:13',1,'103.215.52.82'),('admin',1,'2019-05-02 05:11:20',1,'103.215.52.82'),('admin',1,'2019-05-02 05:57:15',1,'103.215.52.82'),('admin',1,'2019-05-02 06:25:56',1,'103.215.52.82');
/*!40000 ALTER TABLE `user_log` ENABLE KEYS */;
UNLOCK TABLES;

--
-- Table structure for table `vdef`
--

DROP TABLE IF EXISTS `vdef`;
/*!40101 SET @saved_cs_client     = @@character_set_client */;
/*!40101 SET character_set_client = utf8 */;
CREATE TABLE `vdef` (
  `id` mediumint(8) unsigned NOT NULL AUTO_INCREMENT,
  `hash` varchar(32) COLLATE utf8mb4_unicode_ci NOT NULL DEFAULT '',
  `name` varchar(255) COLLATE utf8mb4_unicode_ci NOT NULL DEFAULT '',
  PRIMARY KEY (`id`),
  KEY `hash` (`hash`),
  KEY `name` (`name`(171))
) ENGINE=InnoDB AUTO_INCREMENT=8 DEFAULT CHARSET=utf8mb4 COLLATE=utf8mb4_unicode_ci COMMENT='vdef';
/*!40101 SET character_set_client = @saved_cs_client */;

--
-- Dumping data for table `vdef`
--

LOCK TABLES `vdef` WRITE;
/*!40000 ALTER TABLE `vdef` DISABLE KEYS */;
INSERT INTO `vdef` VALUES (1,'e06ed529238448773038601afb3cf278','Maximum'),(2,'e4872dda82092393d6459c831a50dc3b','Minimum'),(3,'5ce1061a46bb62f36840c80412d2e629','Average'),(4,'06bd3cbe802da6a0745ea5ba93af554a','Last (Current)'),(5,'631c1b9086f3979d6dcf5c7a6946f104','First'),(6,'6b5335843630b66f858ce6b7c61fc493','Total: Current Data Source'),(7,'c80d12b0f030af3574da68b28826cd39','95th Percentage: Current Data Source');
/*!40000 ALTER TABLE `vdef` ENABLE KEYS */;
UNLOCK TABLES;

--
-- Table structure for table `vdef_items`
--

DROP TABLE IF EXISTS `vdef_items`;
/*!40101 SET @saved_cs_client     = @@character_set_client */;
/*!40101 SET character_set_client = utf8 */;
CREATE TABLE `vdef_items` (
  `id` mediumint(8) unsigned NOT NULL AUTO_INCREMENT,
  `hash` varchar(32) COLLATE utf8mb4_unicode_ci NOT NULL DEFAULT '',
  `vdef_id` mediumint(8) unsigned NOT NULL DEFAULT '0',
  `sequence` mediumint(8) unsigned NOT NULL DEFAULT '0',
  `type` tinyint(2) NOT NULL DEFAULT '0',
  `value` varchar(150) COLLATE utf8mb4_unicode_ci NOT NULL DEFAULT '',
  PRIMARY KEY (`id`),
  KEY `vdef_id_sequence` (`vdef_id`,`sequence`)
) ENGINE=InnoDB AUTO_INCREMENT=16 DEFAULT CHARSET=utf8mb4 COLLATE=utf8mb4_unicode_ci COMMENT='vdef items';
/*!40101 SET character_set_client = @saved_cs_client */;

--
-- Dumping data for table `vdef_items`
--

LOCK TABLES `vdef_items` WRITE;
/*!40000 ALTER TABLE `vdef_items` DISABLE KEYS */;
INSERT INTO `vdef_items` VALUES (1,'88d33bf9271ac2bdf490cf1784a342c1',1,1,4,'CURRENT_DATA_SOURCE'),(2,'a307afab0c9b1779580039e3f7c4f6e5',1,2,1,'1'),(3,'0945a96068bb57c80bfbd726cf1afa02',2,1,4,'CURRENT_DATA_SOURCE'),(4,'95a8df2eac60a89e8a8ca3ea3d019c44',2,2,1,'2'),(5,'cc2e1c47ec0b4f02eb13708cf6dac585',3,1,4,'CURRENT_DATA_SOURCE'),(6,'a2fd796335b87d9ba54af6a855689507',3,2,1,'3'),(7,'a1d7974ee6018083a2053e0d0f7cb901',4,1,4,'CURRENT_DATA_SOURCE'),(8,'26fccba1c215439616bc1b83637ae7f3',4,2,1,'5'),(9,'a8993b265f4c5398f4a47c44b5b37a07',5,1,4,'CURRENT_DATA_SOURCE'),(10,'5a380d469d611719057c3695ce1e4eee',5,2,1,'6'),(11,'65cfe546b17175fad41fcca98c057feb',6,1,4,'CURRENT_DATA_SOURCE'),(12,'f330b5633c3517d7c62762cef091cc9e',6,2,1,'7'),(13,'f1bf2ecf54ca0565cf39c9c3f7e5394b',7,1,4,'CURRENT_DATA_SOURCE'),(14,'11a26f18feba3919be3af426670cba95',7,2,6,'95'),(15,'e7ae90275bc1efada07c19ca3472d9db',7,3,1,'8');
/*!40000 ALTER TABLE `vdef_items` ENABLE KEYS */;
UNLOCK TABLES;

--
-- Table structure for table `version`
--

DROP TABLE IF EXISTS `version`;
/*!40101 SET @saved_cs_client     = @@character_set_client */;
/*!40101 SET character_set_client = utf8 */;
CREATE TABLE `version` (
  `cacti` char(20) COLLATE utf8mb4_unicode_ci NOT NULL DEFAULT '',
  PRIMARY KEY (`cacti`)
) ENGINE=InnoDB DEFAULT CHARSET=utf8mb4 COLLATE=utf8mb4_unicode_ci;
/*!40101 SET character_set_client = @saved_cs_client */;

--
-- Dumping data for table `version`
--

LOCK TABLES `version` WRITE;
/*!40000 ALTER TABLE `version` DISABLE KEYS */;
INSERT INTO `version` VALUES ('1.2.4');
/*!40000 ALTER TABLE `version` ENABLE KEYS */;
UNLOCK TABLES;
/*!40103 SET TIME_ZONE=@OLD_TIME_ZONE */;

/*!40101 SET SQL_MODE=@OLD_SQL_MODE */;
/*!40014 SET FOREIGN_KEY_CHECKS=@OLD_FOREIGN_KEY_CHECKS */;
/*!40014 SET UNIQUE_CHECKS=@OLD_UNIQUE_CHECKS */;
/*!40101 SET CHARACTER_SET_CLIENT=@OLD_CHARACTER_SET_CLIENT */;
/*!40101 SET CHARACTER_SET_RESULTS=@OLD_CHARACTER_SET_RESULTS */;
/*!40101 SET COLLATION_CONNECTION=@OLD_COLLATION_CONNECTION */;
/*!40111 SET SQL_NOTES=@OLD_SQL_NOTES */;

-- Dump completed on 2019-05-02 12:18:50
